Time,Day_of_week,Age_band_of_driver,Sex_of_driver,Educational_level,Vehicle_driver_relation,Driving_experience,Type_of_vehicle,Owner_of_vehicle,Service_year_of_vehicle,Defect_of_vehicle,Area_accident_occured,Lanes_or_Medians,Road_allignment,Types_of_Junction,Road_surface_type,Road_surface_conditions,Light_conditions,Weather_conditions,Type_of_collision,Number_of_vehicles_involved,Number_of_casualties,Vehicle_movement,Casualty_class,Sex_of_casualty,Age_band_of_casualty,Casualty_severity,Work_of_casuality,Fitness_of_casuality,Pedestrian_movement,Cause_of_accident,Accident_severity
7:51:00,Monday,18-30,Male,Junior high school,Employee,Above 10yr,Public (13?45 seats),Owner,1-2yr,No defect,Other,other,Tangent road with flat terrain,No junction,Asphalt roads,Dry,Daylight,Normal,Vehicle with vehicle collision,1,1,Going straight,Pedestrian,Male,18-30,3,Self-employed,Normal,Crossing from nearside - masked by parked or statioNot a Pedestrianry vehicle,Moving Backward,Serious Injury
18:10:00,Friday,31-50,Male,Junior high school,Employee,1-2yr,Automobile,Governmental,2-5yrs,,  Recreational areas,Undivided Two way,Tangent road with flat terrain,No junction,Asphalt roads,Dry,Daylight,Normal,Collision with roadside objects,1,1,Getting off,Driver or rider,Female,18-30,3,Driver,Normal,Not a Pedestrian,No priority to vehicle,Fatal injury
13:41:00,Tuesday,Over 51,Male,Elementary school,Employee,1-2yr,Automobile,Owner,,No defect,Office areas,Double carriageway (median),Tangent road with flat terrain,Crossing,Asphalt roads,Dry,Daylight,Normal,Collision with pedestrians,4,2,Stopping,Driver or rider,Male,31-50,3,,,Not a Pedestrian,Driving carelessly,Slight Injury
10:39:00,Wednesday,Over 51,Male,Junior high school,Employee,Above 10yr,Stationwagen,Owner,Unknown,No defect,Office areas,other,Tangent road with flat terrain,,Gravel roads,Wet or damp,Darkness - lights unlit,Raining,Vehicle with vehicle collision,2,1,Moving Backward,na,na,na,na,Driver,Normal,Not a Pedestrian,Driving carelessly,Slight Injury
05:52:00,Wednesday,31-50,Male,Elementary school,Employee,2-5yr,Motorcycle,Owner,5-10yrs,No defect,Office areas,Undivided Two way,Tangent road with flat terrain,No junction,Asphalt roads,Dry,Daylight,Normal,Collision with pedestrians,2,1,Going straight,Driver or rider,Male,18-30,3,Self-employed,Normal,Not a Pedestrian,No distancing,Fatal injury
11:16:00,Sunday,18-30,Male,Junior high school,Employee,2-5yr,Public (12 seats),Owner,5-10yrs,, Church areas,One way,Tangent road with flat terrain,No junction,Asphalt roads,Dry,Daylight,Normal,Collision with roadside objects,2,4,,Driver or rider,Male,Under 18,3,Driver,Normal,Not a Pedestrian,Changing lane to the left,Fatal injury
14:57:00,Friday,18-30,Male,Junior high school,Employee,1-2yr,Lorry (41?100Q),Owner,2-5yrs,,Other,Undivided Two way,Tangent road with flat terrain,Other,Asphalt roads,Dry,Daylight,Normal,Collision with roadside objects,2,1,Other,Passenger,Female,31-50,3,Self-employed,Normal,Not a Pedestrian,Changing lane to the right,Slight Injury
11:30:00,Tuesday,Under 18,Male,Above high school,Employee,5-10yr,Public (12 seats),Owner,2-5yrs,No defect,School areas,Undivided Two way,Tangent road with flat terrain,,Asphalt roads,Wet or damp,Darkness - lights lit,Cloudy,Vehicle with vehicle collision,2,1,Moving Backward,Driver or rider,Male,18-30,3,,,Not a Pedestrian,Moving Backward,Slight Injury
14:30:00,Sunday,31-50,Male,Junior high school,Employee,2-5yr,Public (13?45 seats),Owner,5-10yrs,No defect, Industrial areas,other,Tangent road with flat terrain,Y Shape,Asphalt roads with some distress,Dry,Daylight,Normal,Vehicle with vehicle collision,2,1,Going straight,na,na,na,na,,,Not a Pedestrian,Driving carelessly,Slight Injury
13:10:00,Saturday,Unknown,Female,Elementary school,Owner,2-5yr,Automobile,Owner,Unknown,7,Office areas,Undivided Two way,Tangent road with flat terrain,Y Shape,Asphalt roads,Wet or damp,Daylight,Normal,Vehicle with vehicle collision,2,3,Going straight,na,na,na,na,Employee,Normal,Not a Pedestrian,Changing lane to the right,Slight Injury
7:15:00,Tuesday,Unknown,Female,High school,Owner,,Automobile,Owner,2-5yrs,No defect, Church areas,Undivided Two way,Tangent road with flat terrain,No junction,Asphalt roads,Dry,Daylight,Normal,Vehicle with vehicle collision,1,1,Turnover,Driver or rider,Male,18-30,3,Employee,Normal,Not a Pedestrian,Driving to the left,Serious Injury
18:25:00,Monday,31-50,Male,Junior high school,Employee,Above 10yr,Automobile,Owner,2-5yrs,No defect, Church areas,Undivided Two way,Tangent road with flat terrain,No junction,Asphalt roads,Dry,Daylight,Normal,Collision with roadside objects,2,1,Going straight,Passenger,Female,31-50,3,,,Not a Pedestrian,Unknown,Slight Injury
18:08:00,Saturday,18-30,Male,Junior high school,Employee,2-5yr,Automobile,Governmental,,No defect,Residential areas,other,Tangent road with flat terrain,Y Shape,Asphalt roads,Dry,Darkness - no lighting,Normal,Vehicle with vehicle collision,1,5,Going straight,na,na,na,na,Driver,Normal,Not a Pedestrian,Driving carelessly,Fatal injury
0:20:00,Thursday,18-30,Male,Elementary school,Employee,2-5yr,Lorry (41?100Q),Organization,1-2yr,, Church areas,,Tangent road with flat terrain,Crossing,Asphalt roads,Dry,Darkness - lights lit,Normal,Collision with roadside objects,2,2,Going straight,Driver or rider,Male,31-50,2,,Normal,Not a Pedestrian,Other,Slight Injury
11:30:00,Monday,31-50,Male,Junior high school,Employee,Above 10yr,Public (12 seats),Governmental,,No defect,Residential areas,other,Tangent road with flat terrain,Y Shape,Asphalt roads,Dry,Daylight,Normal,Collision with roadside objects,2,1,Other,Driver or rider,Female,18-30,3,Driver,Normal,Not a Pedestrian,Other,Slight Injury
9:50:00,Friday,18-30,Male,Junior high school,Owner,5-10yr,Stationwagen,Owner,Above 10yr,No defect,Office areas,Two-way (divided with broken lines road marking),Tangent road with flat terrain,Y Shape,Asphalt roads,Dry,Daylight,Normal,Vehicle with vehicle collision,2,1,Going straight,Driver or rider,Male,18-30,2,Driver,Normal,Not a Pedestrian,Other,Slight Injury
18:55:00,Sunday,18-30,Male,Junior high school,Owner,5-10yr,Pick up upto 10Q,Owner,,No defect,Other,One way,Escarpments,,Asphalt roads,Wet or damp,Daylight,Raining,Collision with roadside objects,1,4,Getting off,Driver or rider,Male,18-30,3,,,Not a Pedestrian,Changing lane to the right,Fatal injury
8:05:00,Thursday,Unknown,Female,Junior high school,Employee,Above 10yr,Automobile,Owner,Unknown,No defect,Other,Undivided Two way,Tangent road with flat terrain,No junction,Asphalt roads,Dry,Daylight,Normal,Collision with pedestrians,3,1,Moving Backward,na,na,na,na,Self-employed,Normal,Not a Pedestrian,Driving carelessly,Slight Injury
11:44:00,Wednesday,Over 51,Male,High school,Employee,2-5yr,Pick up upto 10Q,Owner,Below 1yr,,Office areas,Two-way (divided with broken lines road marking),Tangent road with flat terrain,Y Shape,Asphalt roads,Dry,Daylight,Normal,Vehicle with vehicle collision,1,2,Going straight,na,na,na,na,Driver,Normal,Not a Pedestrian,No distancing,Fatal injury
23:21:00,Thursday,Under 18,Male,,,5-10yr,Public (12 seats),Owner,,No defect,Office areas,Undivided Two way,Tangent road with flat terrain,No junction,Asphalt roads,Dry,Darkness - lights lit,Normal,Collision with pedestrians,1,2,Going straight,na,na,na,na,Driver,Normal,Not a Pedestrian,No priority to pedestrian,Slight Injury
16:30:00,Saturday,Under 18,Male,Junior high school,Employee,Below 1yr,Automobile,Owner,Unknown,No defect,Office areas,other,Tangent road with flat terrain,Y Shape,Asphalt roads,Wet or damp,Darkness - lights lit,Raining,Vehicle with vehicle collision,2,1,Turnover,Driver or rider,Male,31-50,3,,,Not a Pedestrian,Driving carelessly,Slight Injury
21:45:00,Tuesday,31-50,Male,Junior high school,Employee,Above 10yr,Automobile,Owner,Unknown,No defect,Residential areas,Two-way (divided with broken lines road marking),Tangent road with flat terrain,Crossing,Asphalt roads,Dry,Darkness - lights lit,Normal,Vehicle with vehicle collision,2,1,Going straight,Pedestrian,Male,18-30,2,Self-employed,Normal,Crossing from nearside - masked by parked or statioNot a Pedestrianry vehicle,Driving carelessly,Slight Injury
18:26:00,Thursday,31-50,Male,Junior high school,Employee,5-10yr,,Owner,Above 10yr,No defect, Church areas,Undivided Two way,Sharp reverse curve,No junction,Asphalt roads,Dry,Daylight,Normal,Vehicle with vehicle collision,2,1,Going straight,Driver or rider,Female,31-50,3,Driver,Normal,Not a Pedestrian,Other,Slight Injury
15:51:00,Monday,18-30,Male,High school,Owner,Above 10yr,Automobile,Owner,Unknown,No defect,Office areas,Double carriageway (median),Gentle horizontal curve,Y Shape,Asphalt roads,Dry,Daylight,Normal,Collision with roadside objects,1,2,Moving Backward,Pedestrian,Male,18-30,3,Self-employed,Normal,Crossing from nearside - masked by parked or statioNot a Pedestrianry vehicle,No priority to vehicle,Slight Injury
16:46:00,Thursday,31-50,Male,Junior high school,Employee,Below 1yr,Automobile,Owner,,No defect,Office areas,Two-way (divided with broken lines road marking),Tangent road with flat terrain,Y Shape,Asphalt roads,Wet or damp,Daylight,Raining,Vehicle with vehicle collision,3,1,,Pedestrian,Female,Over 51,3,Driver,Normal,Crossing from nearside - masked by parked or statioNot a Pedestrianry vehicle,Driving carelessly,Slight Injury
9:25:00,Friday,31-50,Male,Junior high school,Owner,2-5yr,Pick up upto 10Q,Governmental,Unknown,No defect,Other,Two-way (divided with broken lines road marking),Tangent road with flat terrain,No junction,Asphalt roads,Wet or damp,Daylight,Normal,Vehicle with vehicle collision,2,1,Going straight,Driver or rider,Male,18-30,3,Driver,Normal,Not a Pedestrian,No distancing,Serious Injury
12:15:00,Tuesday,Over 51,Male,Junior high school,Employee,Above 10yr,Automobile,Owner,5-10yrs,,Residential areas,Undivided Two way,Tangent road with flat terrain,Y Shape,Asphalt roads,Wet or damp,Daylight,Normal,Collision with roadside objects,2,3,Going straight,Driver or rider,Male,18-30,2,Self-employed,Normal,Not a Pedestrian,Changing lane to the right,Fatal injury
1:15:00,Sunday,18-30,Male,Junior high school,Employee,2-5yr,Lorry (41?100Q),Owner,Unknown,No defect,Other,other,Tangent road with flat terrain,Crossing,Asphalt roads,Dry,Darkness - lights lit,Normal,Collision with pedestrians,2,2,Moving Backward,Driver or rider,Male,Over 51,3,,,Not a Pedestrian,Changing lane to the right,Slight Injury
8:30:00,Friday,31-50,Male,Junior high school,Employee,Below 1yr,Automobile,Owner,2-5yrs,No defect,Other,Two-way (divided with broken lines road marking),Tangent road with mild grade and flat terrain,Crossing,Asphalt roads,Dry,Daylight,Normal,Vehicle with vehicle collision,3,1,Going straight,Driver or rider,Male,31-50,3,Driver,,Not a Pedestrian,Changing lane to the left,Serious Injury
9:05:00,Friday,18-30,Male,Junior high school,Employee,Above 10yr,Automobile,Owner,Unknown,No defect,Office areas,other,Tangent road with flat terrain,,Asphalt roads,Dry,Darkness - lights lit,Normal,Collision with roadside objects,1,1,Turnover,Driver or rider,Male,Under 18,3,,,Not a Pedestrian,No distancing,Slight Injury
16:36:00,Thursday,31-50,Male,High school,Employee,2-5yr,Automobile,Owner,Unknown,No defect,Residential areas,One way,Tangent road with flat terrain,Y Shape,Asphalt roads,Dry,Daylight,Normal,Vehicle with vehicle collision,2,1,Going straight,Pedestrian,Male,Under 18,3,Employee,Normal,Crossing from driver's nearside,No distancing,Fatal injury
13:15:00,Saturday,18-30,Male,Junior high school,Employee,Above 10yr,Automobile,Owner,2-5yrs,No defect,Residential areas,Undivided Two way,Tangent road with flat terrain,Y Shape,Asphalt roads,Wet or damp,Daylight,Raining,Vehicle with vehicle collision,2,1,Turnover,na,na,na,na,,,Not a Pedestrian,No distancing,Serious Injury
13:54:00,Thursday,Over 51,Male,,Employee,2-5yr,Public (12 seats),Owner,,,Other,Two-way (divided with broken lines road marking),Tangent road with flat terrain,No junction,Asphalt roads,Dry,Daylight,Normal,Vehicle with vehicle collision,2,1,Moving Backward,Driver or rider,Male,31-50,3,Driver,Normal,Not a Pedestrian,Overloading,Slight Injury
19:30:00,Monday,31-50,Male,Junior high school,Employee,5-10yr,,Owner,Above 10yr,No defect, Industrial areas,Two-way (divided with broken lines road marking),Tangent road with flat terrain,Other,Asphalt roads,Dry,Darkness - lights lit,Normal,Vehicle with vehicle collision,2,1,Going straight,na,na,na,na,Driver,Normal,Not a Pedestrian,No distancing,Slight Injury
17:30:00,Thursday,31-50,Male,Junior high school,Employee,5-10yr,Public (13?45 seats),Owner,,No defect,Other,Undivided Two way,Tangent road with flat terrain,No junction,Asphalt roads,Wet or damp,Daylight,Raining,Vehicle with vehicle collision,3,2,Going straight,Pedestrian,Female,18-30,3,Driver,Normal,Crossing from nearside - masked by parked or statioNot a Pedestrianry vehicle,Changing lane to the left,Fatal injury
19:00:00,Wednesday,Under 18,Male,Elementary school,Employee,5-10yr,Motorcycle,Owner,Unknown,,Residential areas,other,Tangent road with flat terrain,No junction,Asphalt roads,Dry,Daylight,Normal,Vehicle with vehicle collision,3,3,Other,Driver or rider,Female,18-30,3,Employee,Normal,Not a Pedestrian,Driving carelessly,Serious Injury
07:59:00,Monday,31-50,Male,,Owner,,Motorcycle,Owner,Unknown,,Office areas,One way,Tangent road with flat terrain,Unknown,Asphalt roads,Dry,Daylight,Normal,Vehicle with vehicle collision,2,2,Going straight,Passenger,Female,Under 18,3,,,Not a Pedestrian,Other,Fatal injury
7:10:00,Friday,Unknown,Male,Junior high school,Employee,Above 10yr,,Owner,2-5yrs,No defect,Other,Two-way (divided with broken lines road marking),Tangent road with flat terrain,No junction,Asphalt roads,Dry,Daylight,Normal,Vehicle with vehicle collision,2,1,Going straight,Pedestrian,Female,18-30,3,Driver,Normal,Crossing from nearside - masked by parked or statioNot a Pedestrianry vehicle,No distancing,Slight Injury
13:16:00,Wednesday,31-50,Male,Junior high school,Owner,Above 10yr,Lorry (41?100Q),Owner,Unknown,No defect,Office areas,Two-way (divided with broken lines road marking),Tangent road with flat terrain,No junction,Asphalt roads,Wet or damp,Daylight,Raining,Vehicle with vehicle collision,2,3,Going straight,Driver or rider,Female,31-50,3,Driver,Normal,Not a Pedestrian,Changing lane to the left,Slight Injury
21:30:00,Sunday,18-30,Male,Junior high school,Employee,1-2yr,Automobile,Organization,2-5yrs,,Residential areas,Undivided Two way,Tangent road with flat terrain,Crossing,Asphalt roads,Dry,Darkness - lights lit,Normal,Vehicle with vehicle collision,2,4,Going straight,na,na,na,na,Driver,Normal,Not a Pedestrian,Overtaking,Fatal injury
18:00:00,Tuesday,18-30,Male,Junior high school,Employee,2-5yr,,Owner,Below 1yr,,Other,Two-way (divided with broken lines road marking),Tangent road with flat terrain,Y Shape,Other,Dry,Darkness - lights lit,Normal,Vehicle with vehicle collision,2,1,Going straight,Passenger,Female,31-50,3,Self-employed,Normal,Not a Pedestrian,No priority to pedestrian,Slight Injury
12:10:00,Friday,18-30,Male,Junior high school,Employee,1-2yr,Lorry (41?100Q),Owner,2-5yrs,No defect, Church areas,One way,Tangent road with flat terrain,Y Shape,Asphalt roads,Dry,Daylight,Normal,Vehicle with vehicle collision,2,1,Other,na,na,na,na,,,Not a Pedestrian,No distancing,Slight Injury
16:25:00,Friday,31-50,Male,Junior high school,Employee,5-10yr,Lorry (41?100Q),Owner,,No defect,Office areas,Two-way (divided with broken lines road marking),Tangent road with flat terrain,,Asphalt roads,Dry,Darkness - lights lit,Normal,Collision with roadside objects,1,4,Reversing,Pedestrian,Male,Over 51,3,Driver,Normal,Crossing from nearside - masked by parked or statioNot a Pedestrianry vehicle,Getting off the vehicle improperly,Fatal injury
17:00:00,Wednesday,Over 51,Male,Junior high school,Owner,2-5yr,,Owner,5-10yrs,,Other,Two-way (divided with broken lines road marking),Tangent road with flat terrain,,Asphalt roads,Dry,Daylight,Normal,Vehicle with vehicle collision,2,1,Turnover,Driver or rider,Male,18-30,3,,,Not a Pedestrian,No distancing,Fatal injury
19:08:00,Saturday,18-30,Male,Junior high school,Employee,2-5yr,Automobile,Owner,1-2yr,No defect,Rural village areas,Undivided Two way,Gentle horizontal curve,Y Shape,Asphalt roads,Dry,Darkness - no lighting,Normal,Vehicle with vehicle collision,2,4,Going straight,Passenger,Female,18-30,3,,,Not a Pedestrian,Driving carelessly,Fatal injury
12:05:00,Thursday,18-30,Male,Writing & reading,Owner,5-10yr,Automobile,Owner,,No defect,  Recreational areas,other,,No junction,Asphalt roads,Dry,Daylight,Normal,Rollover,3,2,Entering a junction,na,na,na,na,Driver,,Not a Pedestrian,Other,Slight Injury
10:30:00,Monday,Over 51,Male,Above high school,Owner,1-2yr,Long lorry,,,,Residential areas,Undivided Two way,Tangent road with flat terrain,No junction,Asphalt roads,Wet or damp,Daylight,Normal,Vehicle with vehicle collision,1,1,,Driver or rider,Male,Under 18,3,Other,Normal,Not a Pedestrian,Changing lane to the left,Serious Injury
15:17:00,Sunday,31-50,Male,Junior high school,Employee,5-10yr,Automobile,Owner,2-5yrs,No defect,Office areas,Double carriageway (median),Tangent road with flat terrain,No junction,Asphalt roads,Dry,Daylight,Normal,Vehicle with vehicle collision,3,2,Reversing,Driver or rider,Male,18-30,3,Self-employed,Normal,Not a Pedestrian,Moving Backward,Fatal injury
23:05:00,Saturday,Over 51,Female,Junior high school,Employee,Below 1yr,Pick up upto 10Q,Owner,Unknown,,Office areas,Undivided Two way,Tangent road with flat terrain,,Asphalt roads,Dry,Daylight,Normal,Vehicle with vehicle collision,2,1,Reversing,Pedestrian,Female,31-50,3,Driver,Normal,Crossing from nearside - masked by parked or statioNot a Pedestrianry vehicle,Other,Slight Injury
8:35:00,Saturday,Over 51,Male,Elementary school,Owner,,Automobile,Owner,Unknown,No defect,Residential areas,Two-way (divided with broken lines road marking),Steep grade downward with mountainous terrain,Y Shape,Asphalt roads,Wet or damp,Daylight,Raining,Vehicle with vehicle collision,2,1,Going straight,na,na,na,na,Driver,Normal,Not a Pedestrian,Moving Backward,Slight Injury
10:35:00,Monday,31-50,Male,Junior high school,Employee,2-5yr,Automobile,Owner,Unknown,,Residential areas,Two-way (divided with broken lines road marking),Tangent road with flat terrain,No junction,Asphalt roads,Dry,Daylight,Normal,Vehicle with vehicle collision,2,2,Going straight,Passenger,Female,Over 51,3,Driver,Normal,Not a Pedestrian,Moving Backward,Fatal injury
17:45:00,Sunday,18-30,Male,Junior high school,Employee,2-5yr,Lorry (11?40Q),Owner,,No defect,Other,Undivided Two way,Tangent road with flat terrain,,Asphalt roads,Dry,Daylight,Normal,Vehicle with vehicle collision,3,1,Going straight,na,na,na,na,,Normal,Not a Pedestrian,No distancing,Slight Injury
8:47:00,Wednesday,18-30,Male,Junior high school,Employee,2-5yr,Taxi,Owner,2-5yrs,No defect, Outside rural areas,Undivided Two way,Tangent road with mountainous terrain and,Y Shape,Asphalt roads,Wet or damp,Daylight,Raining,Vehicle with vehicle collision,1,1,Other,Pedestrian,Female,Over 51,3,Driver,Normal,Not a Pedestrian,No distancing,Slight Injury
20:15:00,Sunday,18-30,Male,Junior high school,Employee,2-5yr,Automobile,Owner,Above 10yr,No defect,Residential areas,other,Tangent road with flat terrain,No junction,Asphalt roads,Dry,Darkness - lights lit,Normal,Vehicle with vehicle collision,3,4,Turnover,na,na,na,na,Self-employed,Normal,Not a Pedestrian,Changing lane to the left,Fatal injury
00:51:00,Friday,Unknown,Female,Junior high school,Employee,1-2yr,,Governmental,Below 1yr,No defect,Residential areas,other,Steep grade downward with mountainous terrain,Y Shape,Asphalt roads,Wet or damp,Darkness - lights lit,Normal,Vehicle with vehicle collision,2,1,Going straight,Pedestrian,Female,31-50,3,Self-employed,Normal,Crossing from nearside - masked by parked or statioNot a Pedestrianry vehicle,Driving carelessly,Fatal injury
14:30:00,Sunday,Under 18,Male,Elementary school,Other,5-10yr,Lorry (41?100Q),Owner,2-5yrs,No defect,Residential areas,Undivided Two way,Steep grade downward with mountainous terrain,Y Shape,Asphalt roads,Dry,Daylight,Normal,Vehicle with vehicle collision,2,1,Going straight,Driver or rider,Male,31-50,3,Driver,Normal,Not a Pedestrian,Driving carelessly,Fatal injury
20:31:00,Thursday,18-30,Male,Junior high school,Employee,5-10yr,Automobile,Owner,2-5yrs,No defect,Other,Undivided Two way,Steep grade downward with mountainous terrain,No junction,Asphalt roads,Dry,Darkness - lights lit,Normal,Collision with roadside objects,1,1,Going straight,na,na,na,na,Driver,Normal,Not a Pedestrian,No priority to vehicle,Slight Injury
8:40:00,Thursday,31-50,Male,Junior high school,Employee,Below 1yr,Lorry (41?100Q),Owner,Unknown,No defect,Rural village areasOffice areas,other,Tangent road with flat terrain,Crossing,Asphalt roads,Dry,Daylight,Normal,Vehicle with vehicle collision,2,1,Going straight,na,na,na,na,Other,Normal,Not a Pedestrian,Changing lane to the left,Slight Injury
16:10:00,Thursday,18-30,Male,Junior high school,Employee,1-2yr,Stationwagen,Owner,2-5yrs,,Other,Undivided Two way,Tangent road with flat terrain,No junction,Asphalt roads,Dry,Daylight,Normal,Vehicle with vehicle collision,2,1,Going straight,Driver or rider,Female,Over 51,2,,,Not a Pedestrian,Other,Fatal injury
10:49:00,Monday,18-30,Male,Elementary school,Employee,2-5yr,Lorry (41?100Q),Owner,2-5yrs,,Other,Two-way (divided with broken lines road marking),Tangent road with flat terrain,Y Shape,Asphalt roads,Dry,Daylight,Normal,Vehicle with vehicle collision,1,2,Other,na,na,na,na,Driver,Normal,Not a Pedestrian,Driving to the left,Serious Injury
15:16:00,Wednesday,Over 51,Male,Junior high school,Employee,1-2yr,Other,Governmental,,No defect,Residential areas,Undivided Two way,Tangent road with flat terrain,No junction,Asphalt roads,Dry,Daylight,Normal,Vehicle with vehicle collision,2,2,Going straight,Pedestrian,Male,Over 51,3,Driver,Normal,Crossing from driver's nearside,Driving to the left,Serious Injury
18:00:00,Wednesday,Unknown,Unknown,Junior high school,Employee,1-2yr,Lorry (41?100Q),Owner,Unknown,No defect,  Recreational areas,Undivided Two way,Steep grade downward with mountainous terrain,Y Shape,Asphalt roads,Wet or damp,Darkness - lights lit,Raining,Vehicle with vehicle collision,2,1,Going straight,Passenger,Female,18-30,3,,,Not a Pedestrian,Driving carelessly,Slight Injury
13:00:00,Thursday,18-30,Male,Junior high school,Employee,1-2yr,Automobile,Owner,2-5yrs,No defect, Industrial areas,Two-way (divided with broken lines road marking),Tangent road with flat terrain,No junction,Asphalt roads,Dry,Daylight,Normal,Collision with roadside objects,2,1,Going straight,Driver or rider,Female,31-50,3,Driver,Normal,Not a Pedestrian,Driving carelessly,Slight Injury
19:00:00,Wednesday,Over 51,Male,Junior high school,Employee,Above 10yr,Lorry (41?100Q),Owner,5-10yrs,, Church areas,Undivided Two way,Tangent road with flat terrain,No junction,Asphalt roads,Wet or damp,Darkness - lights lit,Raining,Vehicle with vehicle collision,1,1,Going straight,na,na,na,na,Self-employed,Normal,Not a Pedestrian,Moving Backward,Fatal injury
17:57:00,Tuesday,Over 51,Male,Junior high school,Employee,2-5yr,Public (13?45 seats),Owner,,No defect,Other,Two-way (divided with broken lines road marking),Tangent road with flat terrain,Y Shape,Asphalt roads,Dry,Daylight,Normal,Vehicle with vehicle collision,1,2,Going straight,na,na,na,na,,,Not a Pedestrian,Moving Backward,Fatal injury
13:48:00,Saturday,31-50,Male,Elementary school,Employee,5-10yr,Pick up upto 10Q,Owner,,No defect, Church areas,Undivided Two way,Tangent road with flat terrain,No junction,Asphalt roads,Wet or damp,Daylight,Normal,Collision with roadside objects,3,4,Going straight,Driver or rider,Male,31-50,3,Driver,Normal,Not a Pedestrian,No distancing,Slight Injury
11:44:00,Wednesday,Over 51,Male,Junior high school,Employee,Above 10yr,Automobile,Owner,,No defect,Other,Undivided Two way,Tangent road with flat terrain,Y Shape,Asphalt roads,Dry,Daylight,Normal,Vehicle with vehicle collision,1,1,Going straight,Passenger,Female,31-50,3,Driver,Normal,Not a Pedestrian,Moving Backward,Fatal injury
12:48:00,Friday,31-50,Male,Elementary school,Employee,2-5yr,Pick up upto 10Q,Owner,5-10yrs,,Office areas,Two-way (divided with broken lines road marking),Tangent road with mild grade and flat terrain,Y Shape,Asphalt roads,Wet or damp,Daylight,Normal,Rollover,1,1,Going straight,Pedestrian,Male,31-50,3,,,Not a Pedestrian,Changing lane to the right,Slight Injury
14:57:00,Monday,31-50,Male,Elementary school,Employee,Above 10yr,Lorry (41?100Q),Owner,Unknown,No defect,Other,Undivided Two way,Tangent road with flat terrain,,Asphalt roads,Wet or damp,Darkness - lights lit,Normal,Vehicle with vehicle collision,3,1,Going straight,Driver or rider,Male,18-30,3,Driver,Normal,Not a Pedestrian,No distancing,Slight Injury
16:31:00,Wednesday,31-50,Male,Junior high school,Employee,Above 10yr,Automobile,Organization,5-10yrs,No defect, Hospital areas,Undivided Two way,Tangent road with mountainous terrain and,Unknown,Asphalt roads,Wet or damp,Darkness - lights lit,Raining,Vehicle with vehicle collision,1,1,Going straight,na,na,na,na,Driver,Normal,Not a Pedestrian,No distancing,Slight Injury
17:55:00,Tuesday,18-30,Male,Junior high school,Employee,5-10yr,Public (> 45 seats),Owner,2-5yrs,No defect,Office areas,Two-way (divided with broken lines road marking),Tangent road with mild grade and flat terrain,Crossing,Asphalt roads,Dry,Darkness - lights lit,Normal,Vehicle with vehicle collision,2,1,Going straight,Driver or rider,Male,31-50,3,Driver,Normal,Not a Pedestrian,No priority to vehicle,Slight Injury
02:32:00,Saturday,Under 18,Male,Junior high school,Owner,Below 1yr,Taxi,Owner,2-5yrs,No defect,Residential areas,Two-way (divided with broken lines road marking),Gentle horizontal curve,No junction,Asphalt roads,Dry,Darkness - lights lit,Normal,Collision with roadside objects,2,2,Going straight,na,na,na,na,,,Not a Pedestrian,Overturning,Fatal injury
19:00:00,Thursday,Unknown,Female,Junior high school,Employee,2-5yr,Public (13?45 seats),Owner,2-5yrs,No defect,Other,Two-way (divided with broken lines road marking),Tangent road with mild grade and flat terrain,No junction,Asphalt roads,Dry,Daylight,Normal,Vehicle with vehicle collision,2,1,Going straight,na,na,na,na,,,Not a Pedestrian,No distancing,Slight Injury
22:05:00,Tuesday,Over 51,Male,Junior high school,Employee,5-10yr,Motorcycle,Owner,Above 10yr,No defect,Office areas,other,Tangent road with flat terrain,Y Shape,Asphalt roads,Wet or damp,Darkness - lights lit,Other,Vehicle with vehicle collision,2,1,Going straight,na,na,na,na,Self-employed,Normal,Not a Pedestrian,No priority to pedestrian,Serious Injury
17:50:00,Sunday,18-30,Male,Junior high school,,,Public (> 45 seats),Owner,,,Other,Two-way (divided with broken lines road marking),Tangent road with flat terrain,Crossing,Asphalt roads,Dry,Daylight,Normal,Vehicle with vehicle collision,4,5,Going straight,Driver or rider,Male,5,3,Self-employed,Normal,Not a Pedestrian,Changing lane to the right,Slight Injury
20:15:00,Thursday,18-30,Male,Junior high school,Employee,2-5yr,Stationwagen,Owner,Below 1yr,No defect,Other,Undivided Two way,Tangent road with flat terrain,Crossing,Asphalt roads,Dry,Darkness - lights lit,Normal,Vehicle with vehicle collision,2,1,Going straight,na,na,na,na,,Normal,Not a Pedestrian,Moving Backward,Fatal injury
17:20:00,Saturday,31-50,Male,Junior high school,Owner,5-10yr,Motorcycle,Owner,Above 10yr,No defect, Church areas,other,Tangent road with flat terrain,No junction,Asphalt roads,Wet or damp,Daylight,Raining,Vehicle with vehicle collision,2,4,Going straight,Driver or rider,Male,18-30,3,Self-employed,Normal,Not a Pedestrian,No priority to vehicle,Slight Injury
14:57:00,Monday,Over 51,Male,Junior high school,Employee,2-5yr,Automobile,Organization,2-5yrs,No defect,Other,Two-way (divided with broken lines road marking),Tangent road with mountainous terrain and,Crossing,Asphalt roads,Dry,Daylight,Normal,Vehicle with vehicle collision,3,2,Going straight,Pedestrian,Male,18-30,3,Driver,Normal,Unknown or other,Driving under the influence of drugs,Slight Injury