Time,Day_of_week,Age_band_of_driver,Sex_of_driver,Educational_level,Vehicle_driver_relation,Driving_experience,Type_of_vehicle,Owner_of_vehicle,Service_year_of_vehicle,Defect_of_vehicle,Area_accident_occured,Lanes_or_Medians,Road_allignment,Types_of_Junction,Road_surface_type,Road_surface_conditions,Light_conditions,Weather_conditions,Type_of_collision,Number_of_vehicles_involved,Number_of_casualties,Vehicle_movement,Casualty_class,Sex_of_casualty,Age_band_of_casualty,Casualty_severity,Work_of_casuality,Fitness_of_casuality,Pedestrian_movement,Cause_of_accident,Accident_severity
23:22:00,Tuesday,18-30,Male,Junior high school,Employee,5-10yr,Public (13?45 seats),Owner,Above 10yr,No defect,Residential areas,other,Tangent road with flat terrain,No junction,Asphalt roads,Dry,Darkness - lights lit,Normal,Vehicle with vehicle collision,1,2,Going straight,na,na,na,na,Driver,Normal,Not a Pedestrian,No priority to vehicle,Fatal injury
15:15:00,Saturday,Unknown,Male,Writing & reading,Employee,5-10yr,Lorry (41?100Q),Owner,Unknown,No defect,Other,Two-way (divided with broken lines road marking),Tangent road with flat terrain,No junction,Asphalt roads,Dry,Daylight,Normal,Vehicle with vehicle collision,1,1,Going straight,Driver or rider,Male,18-30,3,Other,Normal,Not a Pedestrian,No distancing,Slight Injury
18:00:00,Saturday,Over 51,Male,Elementary school,Employee,Below 1yr,Public (13?45 seats),Governmental,,No defect,Residential areas,Two-way (divided with broken lines road marking),Tangent road with flat terrain,Y Shape,Asphalt roads,Dry,Daylight,Normal,Vehicle with vehicle collision,1,3,Going straight,Passenger,Female,Over 51,3,Driver,Normal,Not a Pedestrian,Moving Backward,Fatal injury
12:15:00,Tuesday,Over 51,Male,,Employee,unknown,Public (12 seats),Owner,5-10yrs,,Office areas,Two-way (divided with broken lines road marking),Tangent road with flat terrain,Y Shape,Asphalt roads,Wet or damp,Daylight,Normal,Collision with pedestrians,1,4,Going straight,Driver or rider,Male,18-30,3,Driver,Normal,Not a Pedestrian,Driving carelessly,Fatal injury
10:35:00,Monday,31-50,Male,Junior high school,Employee,2-5yr,Automobile,Owner,Unknown,No defect,Office areas,Two-way (divided with broken lines road marking),Tangent road with flat terrain,No junction,Asphalt roads,Dry,Daylight,Normal,Vehicle with vehicle collision,3,3,Reversing,Driver or rider,Male,31-50,3,Driver,Normal,Not a Pedestrian,Getting off the vehicle improperly,Fatal injury
7:45:00,Wednesday,31-50,Male,Junior high school,Employee,2-5yr,Automobile,Owner,,No defect,Office areas,Undivided Two way,Tangent road with flat terrain,Crossing,Asphalt roads,Dry,Daylight,Normal,Vehicle with vehicle collision,2,1,Moving Backward,na,na,na,na,Driver,Normal,Not a Pedestrian,Driving carelessly,Slight Injury
20:39:00,Thursday,Unknown,Female,Above high school,Owner,1-2yr,Lorry (41?100Q),Owner,5-10yrs,No defect,Other,Undivided Two way,Tangent road with flat terrain,Y Shape,Asphalt roads,Wet or damp,Darkness - lights lit,Normal,Collision with roadside objects,4,2,Going straight,Pedestrian,Male,5,3,Self-employed,Normal,Not a Pedestrian,Moving Backward,Fatal injury
12:30:00,Sunday,Unknown,Male,Junior high school,Employee,1-2yr,Automobile,Owner,5-10yrs,,Residential areas,Undivided Two way,Tangent road with flat terrain,,Asphalt roads,Dry,Daylight,Normal,Vehicle with vehicle collision,1,1,Reversing,Driver or rider,Male,18-30,3,Driver,Normal,Not a Pedestrian,Changing lane to the right,Serious Injury
18:15:00,Tuesday,Under 18,Male,Junior high school,Employee,2-5yr,Pick up upto 10Q,Owner,Above 10yr,No defect,Office areas,other,Tangent road with flat terrain,Y Shape,Asphalt roads,Dry,Darkness - lights lit,Normal,Vehicle with vehicle collision,2,1,Going straight,na,na,na,na,Self-employed,Normal,Not a Pedestrian,Moving Backward,Slight Injury
23:10:00,Sunday,18-30,Male,Junior high school,Employee,2-5yr,Automobile,Owner,Unknown,No defect,Office areas,Undivided Two way,Tangent road with flat terrain,Y Shape,Asphalt roads,Dry,Darkness - lights lit,Normal,Vehicle with vehicle collision,2,2,Going straight,Passenger,Male,Over 51,3,Driver,Normal,Not a Pedestrian,Changing lane to the right,Fatal injury
4:15:00,Sunday,18-30,Male,Junior high school,Employee,Above 10yr,Stationwagen,Owner,,No defect,Other,Undivided Two way,Tangent road with flat terrain,No junction,Asphalt roads,Wet or damp,Darkness - lights lit,Other,Vehicle with vehicle collision,1,1,Going straight,Driver or rider,Male,18-30,3,Driver,Normal,Not a Pedestrian,Overtaking,Slight Injury
00:18:00,Saturday,18-30,Male,Junior high school,Employee,Below 1yr,,Organization,2-5yrs,, Industrial areas,Two-way (divided with broken lines road marking),Tangent road with flat terrain,No junction,Asphalt roads,Dry,Darkness - lights lit,Normal,Collision with roadside objects,1,3,Going straight,Pedestrian,Male,Over 51,3,Driver,Normal,Crossing from nearside - masked by parked or statioNot a Pedestrianry vehicle,Moving Backward,Fatal injury
17:50:00,Thursday,Over 51,Male,Junior high school,Employee,2-5yr,Other,Owner,Below 1yr,,Other,other,Steep grade downward with mountainous terrain,No junction,Asphalt roads,Dry,Daylight,Normal,Vehicle with vehicle collision,2,1,Going straight,Driver or rider,Male,31-50,3,Driver,Normal,Not a Pedestrian,Overtaking,Slight Injury
6:46:00,Tuesday,31-50,Male,Junior high school,Employee,2-5yr,Special vehicle,Owner,,No defect,Office areas,One way,Tangent road with flat terrain,Crossing,Asphalt roads,Wet or damp,Daylight,Raining,Vehicle with vehicle collision,2,1,Going straight,Driver or rider,Male,18-30,3,,,Not a Pedestrian,Driving to the left,Slight Injury
8:25:00,Monday,31-50,Male,Junior high school,Employee,5-10yr,Public (12 seats),Owner,,No defect,Other,Two-way (divided with broken lines road marking),Tangent road with flat terrain,Y Shape,Asphalt roads,Wet or damp,Daylight,Raining,Vehicle with vehicle collision,2,1,Going straight,Driver or rider,Male,18-30,3,Driver,Normal,Not a Pedestrian,Changing lane to the right,Slight Injury
17:35:00,Friday,Unknown,Male,Junior high school,Employee,2-5yr,Stationwagen,Governmental,,No defect,Other,Two-way (divided with broken lines road marking),Tangent road with mild grade and flat terrain,No junction,Asphalt roads,Dry,Daylight,Normal,Vehicle with vehicle collision,2,1,Going straight,na,na,na,na,Self-employed,Normal,Not a Pedestrian,Driving carelessly,Slight Injury
11:08:00,Thursday,Over 51,Male,Junior high school,Owner,5-10yr,Public (12 seats),Owner,,,Other,Undivided Two way,Tangent road with flat terrain,No junction,Asphalt roads,Dry,Daylight,Normal,Vehicle with vehicle collision,1,2,Going straight,na,na,na,na,Self-employed,Normal,Not a Pedestrian,No distancing,Serious Injury
6:20:00,Friday,31-50,Male,Junior high school,Owner,5-10yr,Automobile,Owner,,No defect,Other,Double carriageway (median),Tangent road with flat terrain,Y Shape,Asphalt roads,Wet or damp,Daylight,Raining,Vehicle with vehicle collision,2,1,Going straight,Driver or rider,Male,18-30,3,Driver,Normal,Not a Pedestrian,No distancing,Slight Injury
13:49:00,Monday,31-50,Male,Junior high school,Employee,5-10yr,Public (13?45 seats),Owner,,No defect,Office areas,Two-way (divided with solid lines road marking),Tangent road with flat terrain,No junction,Asphalt roads,Wet or damp,Daylight,Raining,Vehicle with vehicle collision,2,1,Going straight,Driver or rider,Female,18-30,3,,Normal,Not a Pedestrian,Driving under the influence of drugs,Slight Injury
20:01:00,Sunday,18-30,Male,Elementary school,Employee,Below 1yr,Lorry (11?40Q),Owner,Unknown,No defect,Residential areas,Double carriageway (median),Tangent road with flat terrain,Crossing,Asphalt roads,Dry,Daylight,Normal,Vehicle with vehicle collision,2,1,Going straight,Driver or rider,Male,31-50,3,,Normal,Not a Pedestrian,Changing lane to the left,Slight Injury
18:10:00,Thursday,Unknown,Male,Elementary school,Employee,5-10yr,Public (12 seats),Organization,Above 10yr,, Hospital areas,Two-way (divided with broken lines road marking),Tangent road with flat terrain,Y Shape,Asphalt roads,Dry,Daylight,Normal,Collision with pedestrians,2,1,Moving Backward,Driver or rider,Male,Over 51,3,Driver,Normal,Not a Pedestrian,Driving to the left,Slight Injury
13:13:00,Wednesday,31-50,Male,Junior high school,Employee,Above 10yr,Automobile,Owner,Unknown,No defect,Other,Two-way (divided with broken lines road marking),Tangent road with flat terrain,No junction,Asphalt roads,Dry,Daylight,Normal,Vehicle with vehicle collision,2,1,Other,na,na,na,na,Driver,Normal,Not a Pedestrian,Driving carelessly,Slight Injury
15:30:00,Sunday,Under 18,Male,Elementary school,Other,5-10yr,Lorry (41?100Q),Owner,2-5yrs,No defect,Residential areas,Undivided Two way,Steep grade downward with mountainous terrain,Y Shape,Asphalt roads,Dry,Daylight,Normal,Vehicle with vehicle collision,1,1,Going straight,Driver or rider,Male,31-50,3,Driver,Normal,Not a Pedestrian,Driving carelessly,Fatal injury
16:05:00,Friday,Under 18,Male,Junior high school,Employee,1-2yr,Automobile,Owner,1-2yr,,School areas,other,Steep grade downward with mountainous terrain,Other,Asphalt roads,Dry,Daylight,Normal,Collision with roadside objects,2,2,Going straight,na,na,na,na,Self-employed,Normal,Not a Pedestrian,Changing lane to the right,Serious Injury
22:15:00,Sunday,31-50,Male,Junior high school,Employee,Above 10yr,Lorry (11?40Q),Owner,Unknown,,Residential areas,other,Tangent road with flat terrain,No junction,Asphalt roads,Dry,Darkness - lights lit,Normal,Collision with roadside objects,3,4,Going straight,na,na,na,na,,Normal,Not a Pedestrian,Moving Backward,Fatal injury
18:13:00,Tuesday,31-50,Male,Junior high school,Owner,5-10yr,Lorry (41?100Q),Owner,,,Office areas,Two-way (divided with broken lines road marking),Tangent road with flat terrain,Y Shape,Asphalt roads,Dry,Daylight,Normal,Vehicle with vehicle collision,1,1,Turnover,Driver or rider,Female,Over 51,3,Self-employed,Normal,Not a Pedestrian,Moving Backward,Slight Injury
22:10:00,Monday,18-30,Male,Elementary school,Owner,5-10yr,Pick up upto 10Q,Owner,,No defect,Office areas,Two-way (divided with broken lines road marking),Tangent road with flat terrain,Y Shape,Earth roads,Dry,Darkness - lights lit,Normal,Vehicle with vehicle collision,2,1,Going straight,na,na,na,na,,,Not a Pedestrian,No distancing,Slight Injury
21:00:00,Friday,Under 18,Male,Junior high school,Employee,5-10yr,Lorry (11?40Q),,,No defect,Other,Two-way (divided with broken lines road marking),Tangent road with flat terrain,No junction,Gravel roads,Dry,Darkness - lights lit,Normal,Rollover,2,1,Going straight,na,na,na,na,Self-employed,Normal,Not a Pedestrian,Changing lane to the right,Slight Injury
19:49:00,Wednesday,31-50,Male,Elementary school,Employee,1-2yr,Lorry (11?40Q),Owner,Unknown,,Other,Two-way (divided with broken lines road marking),Tangent road with flat terrain,No junction,Asphalt roads,Wet or damp,Darkness - lights lit,Normal,Rollover,3,1,Going straight,na,na,na,na,,,Not a Pedestrian,Driving carelessly,Serious Injury
8:20:00,Tuesday,Unknown,Male,Junior high school,Owner,2-5yr,Lorry (41?100Q),Owner,Unknown,,Residential areas,Two-way (divided with broken lines road marking),Tangent road with flat terrain,No junction,Asphalt roads,Dry,Daylight,Normal,Vehicle with vehicle collision,1,1,Other,Driver or rider,Male,Under 18,3,Driver,Normal,Not a Pedestrian,Overtaking,Slight Injury
22:00:00,Saturday,31-50,Male,Junior high school,Employee,Above 10yr,Long lorry,Owner,,No defect, Church areas,Two-way (divided with broken lines road marking),Tangent road with flat terrain,,Asphalt roads,Dry,Daylight,Normal,Vehicle with vehicle collision,1,1,Going straight,Passenger,Female,18-30,3,Driver,Normal,Not a Pedestrian,No priority to vehicle,Slight Injury
11:11:00,Wednesday,18-30,Male,Junior high school,Employee,Above 10yr,Lorry (41?100Q),Owner,Above 10yr,No defect,Other,Two-way (divided with broken lines road marking),Tangent road with flat terrain,Y Shape,Asphalt roads,Dry,Daylight,Normal,Vehicle with vehicle collision,2,2,Waiting to go,Driver or rider,Male,31-50,3,Employee,Normal,Not a Pedestrian,Changing lane to the right,Fatal injury
19:50:00,Wednesday,31-50,Male,Junior high school,Employee,Below 1yr,Lorry (41?100Q),Owner,2-5yrs,No defect,Other,Undivided Two way,Tangent road with flat terrain,Unknown,Asphalt roads,Dry,Darkness - lights lit,Normal,Vehicle with vehicle collision,2,1,Other,na,na,na,na,Driver,Normal,Not a Pedestrian,Changing lane to the right,Slight Injury
07:52:00,Wednesday,31-50,Male,Elementary school,Employee,2-5yr,Motorcycle,Owner,5-10yrs,No defect,Office areas,Undivided Two way,Tangent road with flat terrain,No junction,Asphalt roads,Dry,Daylight,Normal,Collision with pedestrians,2,1,Going straight,Driver or rider,Male,18-30,3,Self-employed,Normal,Not a Pedestrian,No distancing,Fatal injury
8:40:00,Sunday,31-50,Male,Elementary school,Employee,Above 10yr,Lorry (41?100Q),Owner,2-5yrs,No defect,Other,Two-way (divided with broken lines road marking),Tangent road with flat terrain,No junction,Asphalt roads,Wet or damp,Daylight,Normal,Collision with pedestrians,2,1,Turnover,na,na,na,na,Self-employed,Normal,Not a Pedestrian,Driving carelessly,Slight Injury
16:02:00,Sunday,31-50,Male,Junior high school,Employee,Above 10yr,Automobile,Owner,5-10yrs,,Residential areas,Undivided Two way,Tangent road with flat terrain,,Asphalt roads,Dry,Daylight,Normal,Vehicle with vehicle collision,2,1,Going straight,na,na,na,na,Driver,Normal,Not a Pedestrian,No priority to vehicle,Slight Injury
15:27:00,Monday,31-50,Male,Junior high school,Employee,5-10yr,Automobile,Owner,2-5yrs,,Residential areas,other,Tangent road with flat terrain,No junction,Asphalt roads,Wet or damp,Daylight,Normal,Vehicle with vehicle collision,1,1,Going straight,na,na,na,na,Self-employed,Normal,Not a Pedestrian,No distancing,Serious Injury
21:38:00,Wednesday,Unknown,Female,Above high school,Owner,5-10yr,Automobile,Owner,Unknown,No defect,Office areas,Undivided Two way,Tangent road with flat terrain,Y Shape,Asphalt roads,Dry,Darkness - lights lit,Normal,Vehicle with vehicle collision,1,1,Entering a junction,Driver or rider,Female,31-50,3,Driver,Normal,Not a Pedestrian,No distancing,Slight Injury
15:45:00,Saturday,Over 51,Male,Junior high school,Employee,,,Owner,Unknown,No defect,School areas,Undivided Two way,Tangent road with flat terrain,No junction,Asphalt roads,Dry,Daylight,Normal,Vehicle with vehicle collision,1,1,Going straight,Pedestrian,Female,31-50,3,Driver,Normal,Not a Pedestrian,No distancing,Fatal injury
6:05:00,Tuesday,Unknown,Female,Elementary school,Employee,2-5yr,Automobile,Organization,Above 10yr,No defect, Outside rural areas,Undivided Two way,Tangent road with flat terrain,Y Shape,Asphalt roads,Dry,Daylight,Normal,Vehicle with vehicle collision,2,1,Entering a junction,Driver or rider,Female,31-50,3,Driver,Normal,Not a Pedestrian,Drunk driving,Slight Injury
13:25:00,Sunday,31-50,Male,Elementary school,Employee,2-5yr,Other,Owner,,No defect,Office areas,Double carriageway (median),Tangent road with flat terrain,Y Shape,Asphalt roads,Dry,Daylight,Normal,Vehicle with vehicle collision,1,1,Going straight,na,na,na,na,Self-employed,Normal,Not a Pedestrian,No priority to vehicle,Serious Injury
5:55:00,Friday,18-30,Male,Junior high school,Employee,5-10yr,Other,Owner,2-5yrs,,Office areas,One way,Steep grade downward with mountainous terrain,Y Shape,Asphalt roads,Dry,Daylight,Normal,Collision with roadside objects,2,1,Going straight,na,na,na,na,Driver,Normal,Not a Pedestrian,No distancing,Slight Injury
15:00:00,Wednesday,Over 51,Male,Junior high school,Owner,2-5yr,,Owner,5-10yrs,,Other,Two-way (divided with broken lines road marking),Tangent road with flat terrain,,Asphalt roads,Dry,Daylight,Normal,Vehicle with vehicle collision,3,2,Turnover,Driver or rider,Male,18-30,3,,,Not a Pedestrian,No distancing,Fatal injury
21:30:00,Saturday,Unknown,Male,Junior high school,Employee,5-10yr,Automobile,Owner,5-10yrs,No defect,School areas,other,Tangent road with flat terrain,Y Shape,Asphalt roads,Dry,Daylight,Normal,Vehicle with vehicle collision,2,1,Turnover,Pedestrian,Female,31-50,3,Self-employed,Normal,Crossing from nearside - masked by parked or statioNot a Pedestrianry vehicle,Driving carelessly,Slight Injury
6:47:00,Friday,18-30,Male,Junior high school,Employee,Below 1yr,Automobile,Owner,,,Office areas,Two-way (divided with broken lines road marking),Tangent road with flat terrain,Y Shape,Asphalt roads,Wet or damp,Darkness - lights lit,Normal,Collision with roadside objects,2,1,Moving Backward,Driver or rider,Male,Over 51,3,Driver,Normal,Not a Pedestrian,Other,Slight Injury
12:00:00,Wednesday,18-30,Male,Junior high school,Employee,2-5yr,Automobile,Owner,,,Office areas,Undivided Two way,Tangent road with flat terrain,Y Shape,Asphalt roads,Wet or damp,Daylight,Raining,Vehicle with vehicle collision,2,1,Moving Backward,Passenger,Female,18-30,3,Driver,Normal,Not a Pedestrian,Improper parking,Serious Injury
19:40:00,Wednesday,31-50,Male,Junior high school,Owner,,Lorry (41?100Q),Governmental,,No defect,Residential areas,Two-way (divided with broken lines road marking),Tangent road with flat terrain,Crossing,Asphalt roads,Dry,Daylight,Normal,Vehicle with vehicle collision,2,3,Going straight,Driver or rider,Female,31-50,3,,,Not a Pedestrian,No priority to vehicle,Fatal injury
1:30:00,Wednesday,18-30,Male,Junior high school,Employee,5-10yr,Other,Owner,,,Office areas,Two-way (divided with broken lines road marking),Tangent road with flat terrain,Crossing,Asphalt roads,Wet or damp,Darkness - lights lit,Other,Vehicle with vehicle collision,2,1,Getting off,na,na,na,na,,Normal,Not a Pedestrian,Driving under the influence of drugs,Slight Injury
12:16:00,Sunday,18-30,Male,,Owner,,Public (> 45 seats),Owner,Unknown,,Office areas,Undivided Two way,Tangent road with flat terrain,No junction,Asphalt roads,Dry,Daylight,Normal,Vehicle with vehicle collision,1,6,Moving Backward,Driver or rider,Male,18-30,3,,Normal,Not a Pedestrian,No priority to vehicle,Fatal injury
22:15:00,Tuesday,18-30,Male,Junior high school,Employee,2-5yr,Lorry (41?100Q),Governmental,2-5yrs,No defect,Residential areas,Two-way (divided with broken lines road marking),Tangent road with flat terrain,No junction,Asphalt roads,Wet or damp,Darkness - lights lit,Normal,Vehicle with vehicle collision,2,2,,na,na,na,na,Driver,Normal,Not a Pedestrian,No distancing,Serious Injury
15:20:00,Thursday,31-50,Male,Elementary school,Employee,No Licence,Public (> 45 seats),Governmental,,No defect,Office areas,Two-way (divided with broken lines road marking),Tangent road with flat terrain,Y Shape,Asphalt roads,Dry,Daylight,Normal,Vehicle with vehicle collision,3,3,Going straight,Passenger,Female,Under 18,3,Driver,Normal,Not a Pedestrian,Moving Backward,Slight Injury
16:30:00,Tuesday,31-50,Male,Junior high school,Employee,5-10yr,Automobile,Owner,2-5yrs,No defect,Other,other,Tangent road with flat terrain,Crossing,Asphalt roads,Dry,Daylight,Normal,Vehicle with vehicle collision,2,1,Going straight,Driver or rider,Male,18-30,3,Self-employed,Normal,Not a Pedestrian,Driving to the left,Slight Injury
21:40:00,Wednesday,31-50,Male,Junior high school,Owner,,Lorry (41?100Q),Governmental,,No defect,Residential areas,Two-way (divided with broken lines road marking),Tangent road with flat terrain,Crossing,Asphalt roads,Dry,Daylight,Normal,Vehicle with vehicle collision,3,4,Going straight,Driver or rider,Female,31-50,3,,,Not a Pedestrian,No priority to vehicle,Fatal injury
17:35:00,Saturday,31-50,Male,Junior high school,Employee,1-2yr,Public (> 45 seats),Owner,,No defect,Office areas,Two-way (divided with solid lines road marking),Tangent road with flat terrain,Crossing,Asphalt roads with some distress,Dry,Daylight,Normal,Collision with roadside objects,2,8,Other,na,na,na,na,,,Not a Pedestrian,No distancing,Slight Injury
19:00:00,Saturday,Unknown,Male,Junior high school,Employee,5-10yr,Public (13?45 seats),Owner,,No defect,Office areas,One way,Tangent road with flat terrain,Y Shape,Asphalt roads,Dry,Daylight,Normal,Vehicle with vehicle collision,2,3,Going straight,na,na,na,na,Driver,Normal,Not a Pedestrian,Changing lane to the left,Fatal injury
11:29:00,Saturday,Over 51,Male,High school,Employee,Below 1yr,Public (12 seats),Owner,Unknown,No defect,Office areas,Double carriageway (median),Gentle horizontal curve,Y Shape,Asphalt roads,Dry,Daylight,Normal,Vehicle with vehicle collision,2,1,Other,na,na,na,na,Driver,Normal,Not a Pedestrian,Changing lane to the right,Slight Injury
7:59:00,Thursday,31-50,Male,Junior high school,Employee,2-5yr,Stationwagen,,,No defect,Other,Two-way (divided with broken lines road marking),Tangent road with flat terrain,No junction,Asphalt roads,Wet or damp,Daylight,Normal,Vehicle with vehicle collision,1,1,Going straight,Driver or rider,Male,18-30,3,,,Not a Pedestrian,Changing lane to the right,Serious Injury
12:55:00,Thursday,31-50,Male,Elementary school,Owner,5-10yr,Automobile,Owner,Above 10yr,No defect,Office areas,other,Tangent road with flat terrain,No junction,Asphalt roads,Dry,Daylight,Normal,Vehicle with vehicle collision,2,1,Going straight,Passenger,Female,18-30,3,Self-employed,Normal,Not a Pedestrian,Changing lane to the right,Slight Injury
20:15:00,Thursday,18-30,Male,,,,Public (12 seats),Owner,Unknown,No defect,School areas,,Tangent road with flat terrain,Crossing,Asphalt roads,Dry,Darkness - lights lit,Normal,Vehicle with vehicle collision,2,1,Going straight,Pedestrian,Male,Over 51,3,Driver,Normal,Crossing from nearside - masked by parked or statioNot a Pedestrianry vehicle,No distancing,Fatal injury
12:24:00,Saturday,31-50,Male,Junior high school,Owner,Above 10yr,Automobile,Owner,,, Church areas,other,Tangent road with flat terrain,Other,Asphalt roads,Dry,Daylight,Normal,Other,2,2,Going straight,na,na,na,na,,,Not a Pedestrian,Changing lane to the right,Slight Injury
10:15:00,Saturday,Under 18,Male,Elementary school,Employee,1-2yr,Pick up upto 10Q,Owner,,No defect,Other,Undivided Two way,Tangent road with flat terrain,No junction,Asphalt roads,Dry,Daylight,Normal,Vehicle with vehicle collision,1,1,Going straight,Driver or rider,Male,31-50,3,Driver,Normal,Not a Pedestrian,Driving to the left,Fatal injury
3:19:00,Saturday,Under 18,Male,Junior high school,Employee,Below 1yr,Lorry (41?100Q),Owner,,,Office areas,Undivided Two way,Tangent road with flat terrain,No junction,Asphalt roads,Wet or damp,Darkness - lights lit,Normal,Vehicle with vehicle collision,1,2,Going straight,Driver or rider,Female,18-30,3,Self-employed,Normal,Not a Pedestrian,Moving Backward,Slight Injury
21:54:00,Thursday,Unknown,Female,Junior high school,Employee,2-5yr,Automobile,,2-5yrs,No defect,Residential areas,Two-way (divided with broken lines road marking),Tangent road with flat terrain,No junction,Asphalt roads,Dry,Darkness - lights lit,Normal,Collision with roadside objects,2,1,Other,Passenger,Male,31-50,3,,,Not a Pedestrian,No distancing,Slight Injury
12:39:00,Tuesday,Over 51,Male,Junior high school,,1-2yr,Lorry (41?100Q),Owner,,No defect,Office areas,Two-way (divided with broken lines road marking),Tangent road with flat terrain,Unknown,Gravel roads,Wet or damp,Daylight,Raining,Vehicle with vehicle collision,2,1,Going straight,Driver or rider,Male,18-30,3,Employee,Normal,Not a Pedestrian,Driving carelessly,Slight Injury
16:30:00,Thursday,Unknown,Male,Junior high school,Employee,1-2yr,Public (> 45 seats),Governmental,1-2yr,,Other,Undivided Two way,Tangent road with flat terrain,Y Shape,Asphalt roads,Dry,Daylight,Normal,Vehicle with vehicle collision,2,1,Going straight,Passenger,Male,18-30,3,Driver,Normal,Not a Pedestrian,No priority to vehicle,Slight Injury
16:53:00,Saturday,Over 51,Male,Elementary school,Employee,5-10yr,Automobile,Organization,5-10yrs,No defect,Office areas,Two-way (divided with broken lines road marking),Gentle horizontal curve,Y Shape,Asphalt roads,Dry,Daylight,Normal,Vehicle with vehicle collision,2,2,Going straight,na,na,na,na,,,Not a Pedestrian,No priority to vehicle,Slight Injury
7:50:00,Friday,18-30,Male,Junior high school,Employee,Below 1yr,Other,Owner,2-5yrs,No defect,Office areas,Two-way (divided with broken lines road marking),Tangent road with flat terrain,Y Shape,Asphalt roads,Dry,Daylight,Normal,Vehicle with vehicle collision,2,1,Going straight,Driver or rider,Male,18-30,3,Driver,Normal,Not a Pedestrian,Changing lane to the right,Slight Injury
15:18:00,Monday,31-50,Male,Unknown,Employee,5-10yr,,Governmental,Unknown,No defect,Other,Two-way (divided with broken lines road marking),Steep grade downward with mountainous terrain,No junction,Asphalt roads,Dry,Daylight,Normal,Vehicle with vehicle collision,1,1,Going straight,Pedestrian,Male,18-30,2,Driver,Normal,Crossing from nearside - masked by parked or statioNot a Pedestrianry vehicle,Changing lane to the right,Serious Injury
17:23:00,Thursday,31-50,Male,High school,Owner,5-10yr,Lorry (41?100Q),Owner,5-10yrs,, Church areas,other,Tangent road with flat terrain,Y Shape,Asphalt roads,Dry,Daylight,Normal,Rollover,2,3,Going straight,Passenger,Female,Over 51,3,Self-employed,Normal,Not a Pedestrian,Driving carelessly,Slight Injury
19:40:00,Monday,Under 18,Male,Junior high school,Employee,2-5yr,Lorry (11?40Q),Owner,Unknown,No defect,Other,Two-way (divided with broken lines road marking),Tangent road with flat terrain,No junction,Asphalt roads,Dry,Daylight,Normal,Vehicle with vehicle collision,1,1,Going straight,Driver or rider,Male,31-50,3,Driver,Normal,Not a Pedestrian,Overturning,Serious Injury
08:35:00,Monday,31-50,Male,Junior high school,Employee,1-2yr,Public (12 seats),Owner,Unknown,No defect,Other,Undivided Two way,Tangent road with flat terrain,No junction,Asphalt roads,Dry,Daylight,Normal,Vehicle with vehicle collision,3,2,,na,na,na,na,,,Not a Pedestrian,No priority to pedestrian,Fatal injury
8:00:00,Wednesday,31-50,Male,Junior high school,Employee,5-10yr,Lorry (11?40Q),Owner,,No defect, Outside rural areas,other,Steep grade downward with mountainous terrain,Y Shape,Asphalt roads,Dry,Daylight,Normal,Vehicle with vehicle collision,2,2,Going straight,Driver or rider,Male,Under 18,3,Driver,,Not a Pedestrian,Driving carelessly,Slight Injury
01:47:00,Friday,31-50,Male,High school,Employee,5-10yr,Automobile,Owner,,No defect,  Recreational areas,Undivided Two way,Tangent road with flat terrain,No junction,Asphalt roads,Dry,Darkness - lights lit,Normal,Vehicle with vehicle collision,1,1,Going straight,na,na,na,na,Driver,Normal,Not a Pedestrian,No priority to pedestrian,Fatal injury
15:20:00,Thursday,18-30,Male,Junior high school,Employee,2-5yr,Public (> 45 seats),Owner,,,Office areas,,Tangent road with flat terrain,Y Shape,Asphalt roads,Dry,Daylight,Normal,Collision with pedestrians,3,3,Going straight,Pedestrian,Female,18-30,3,Driver,Normal,Crossing from nearside - masked by parked or statioNot a Pedestrianry vehicle,Changing lane to the right,Slight Injury
16:10:00,Friday,31-50,Male,Junior high school,Employee,1-2yr,Automobile,Governmental,2-5yrs,,  Recreational areas,Undivided Two way,Tangent road with flat terrain,No junction,Asphalt roads,Dry,Daylight,Normal,Collision with roadside objects,1,1,Getting off,Driver or rider,Female,18-30,3,Driver,Normal,Not a Pedestrian,No priority to vehicle,Fatal injury
18:10:00,Tuesday,31-50,Male,Junior high school,Employee,Below 1yr,Stationwagen,Owner,1-2yr,No defect,Other,Undivided Two way,Tangent road with flat terrain,Y Shape,Asphalt roads,Dry,Daylight,Normal,Vehicle with vehicle collision,2,1,Turnover,Pedestrian,Female,18-30,3,,Normal,Crossing from nearside - masked by parked or statioNot a Pedestrianry vehicle,Overspeed,Slight Injury
22:30:00,Sunday,18-30,Male,Junior high school,Employee,1-2yr,Automobile,Organization,2-5yrs,,Residential areas,Undivided Two way,Tangent road with flat terrain,Crossing,Asphalt roads,Dry,Darkness - lights lit,Normal,Vehicle with vehicle collision,2,5,Going straight,na,na,na,na,Driver,Normal,Not a Pedestrian,Overtaking,Fatal injury