Time,Day_of_week,Age_band_of_driver,Sex_of_driver,Educational_level,Vehicle_driver_relation,Driving_experience,Type_of_vehicle,Owner_of_vehicle,Service_year_of_vehicle,Defect_of_vehicle,Area_accident_occured,Lanes_or_Medians,Road_allignment,Types_of_Junction,Road_surface_type,Road_surface_conditions,Light_conditions,Weather_conditions,Type_of_collision,Number_of_vehicles_involved,Number_of_casualties,Vehicle_movement,Casualty_class,Sex_of_casualty,Age_band_of_casualty,Casualty_severity,Work_of_casuality,Fitness_of_casuality,Pedestrian_movement,Cause_of_accident,Accident_severity
10:29:00,Friday,18-30,Male,Writing & reading,Employee,Below 1yr,Public (12 seats),Owner,,No defect,School areas,other,Tangent road with flat terrain,Y Shape,Asphalt roads,Dry,Daylight,Normal,Collision with animals,2,2,Going straight,Pedestrian,Female,18-30,3,Driver,Normal,Not a Pedestrian,Changing lane to the left,Slight Injury
00:51:00,Friday,Unknown,Female,Junior high school,Employee,1-2yr,,Governmental,Below 1yr,No defect,Residential areas,other,Steep grade downward with mountainous terrain,Y Shape,Asphalt roads,Wet or damp,Darkness - lights lit,Normal,Vehicle with vehicle collision,1,1,Going straight,Pedestrian,Female,31-50,3,Self-employed,Normal,Crossing from nearside - masked by parked or statioNot a Pedestrianry vehicle,Driving carelessly,Fatal injury
15:25:00,Saturday,Under 18,Male,Junior high school,Employee,1-2yr,Long lorry,Owner,1-2yr,No defect,Office areas,Double carriageway (median),Tangent road with flat terrain,Crossing,Asphalt roads,Dry,Daylight,Normal,Vehicle with vehicle collision,2,1,Going straight,na,na,na,na,Other,Normal,Not a Pedestrian,Other,Slight Injury
19:39:00,Thursday,Unknown,Female,Above high school,Owner,1-2yr,Lorry (41?100Q),Owner,5-10yrs,No defect,Other,Undivided Two way,Tangent road with flat terrain,Y Shape,Asphalt roads,Wet or damp,Darkness - lights lit,Normal,Collision with roadside objects,3,1,Going straight,Pedestrian,Male,5,3,Self-employed,Normal,Not a Pedestrian,Moving Backward,Fatal injury
15:19:00,Sunday,31-50,Male,Junior high school,Employee,5-10yr,Lorry (41?100Q),Owner,,No defect, Church areas,Undivided Two way,Tangent road with flat terrain,No junction,Asphalt roads,Dry,Daylight,Normal,Vehicle with vehicle collision,2,1,Going straight,na,na,na,na,Self-employed,Normal,Not a Pedestrian,Changing lane to the right,Slight Injury
7:30:00,Tuesday,18-30,Male,Elementary school,Employee,5-10yr,Lorry (41?100Q),Organization,5-10yrs,No defect,Office areas,Two-way (divided with broken lines road marking),Gentle horizontal curve,Crossing,Asphalt roads,Wet or damp,Darkness - lights lit,Other,Vehicle with vehicle collision,2,1,Going straight,na,na,na,na,Driver,Normal,Not a Pedestrian,No distancing,Slight Injury
9:25:00,Friday,31-50,Male,Junior high school,Employee,2-5yr,Stationwagen,Owner,5-10yrs,, Church areas,One way,Tangent road with flat terrain,,Asphalt roads,Dry,Daylight,Normal,Vehicle with vehicle collision,2,3,Going straight,na,na,na,na,Driver,Normal,Not a Pedestrian,Other,Slight Injury
17:34:00,Monday,31-50,Male,Junior high school,Employee,1-2yr,Lorry (41?100Q),,,,Office areas,other,Tangent road with mountainous terrain and,,Asphalt roads,Dry,Darkness - lights lit,Normal,Collision with roadside objects,2,1,Going straight,na,na,na,na,Self-employed,Normal,Not a Pedestrian,Moving Backward,Slight Injury
12:00:00,Saturday,Over 51,Male,Elementary school,Employee,2-5yr,Stationwagen,Owner,,No defect,Residential areas,Double carriageway (median),Tangent road with flat terrain,Crossing,Asphalt roads,Snow,Daylight,Snow,Vehicle with vehicle collision,3,2,Moving Backward,na,na,na,na,Self-employed,Normal,Not a Pedestrian,No priority to vehicle,Slight Injury
17:25:00,Friday,31-50,Male,Junior high school,Employee,Above 10yr,Pick up upto 10Q,Owner,5-10yrs,,Other,Undivided Two way,Tangent road with flat terrain,Y Shape,Asphalt roads,Wet or damp,Darkness - no lighting,Normal,Vehicle with vehicle collision,2,2,Moving Backward,Driver or rider,Male,Under 18,3,Driver,Normal,Not a Pedestrian,Overtaking,Serious Injury
8:38:00,Thursday,Over 51,Male,Junior high school,Employee,1-2yr,Lorry (41?100Q),Owner,2-5yrs,No defect,Other,Two-way (divided with broken lines road marking),Tangent road with flat terrain,Y Shape,Asphalt roads,Dry,Daylight,Normal,Collision with pedestrians,2,2,Other,na,na,na,na,,Normal,Not a Pedestrian,Driving carelessly,Slight Injury
20:39:00,Thursday,Unknown,Female,Above high school,Owner,1-2yr,Lorry (41?100Q),Owner,5-10yrs,No defect,Other,Undivided Two way,Tangent road with flat terrain,Y Shape,Asphalt roads,Wet or damp,Darkness - lights lit,Normal,Collision with roadside objects,3,1,Going straight,Pedestrian,Male,5,3,Self-employed,Normal,Not a Pedestrian,Moving Backward,Fatal injury
22:05:00,Friday,18-30,Male,Junior high school,Employee,5-10yr,Lorry (41?100Q),Organization,Above 10yr,No defect, Outside rural areas,Undivided Two way,Tangent road with flat terrain,Y Shape,Asphalt roads,Wet or damp,Darkness - lights lit,Raining,Vehicle with vehicle collision,2,3,Other,Pedestrian,Female,18-30,2,Driver,Normal,Crossing from driver's nearside,Driving carelessly,Serious Injury
14:17:00,Saturday,Unknown,Female,Junior high school,Employee,2-5yr,Pick up upto 10Q,Owner,5-10yrs,No defect,Other,Undivided Two way,Tangent road with flat terrain,Other,Asphalt roads,Dry,Daylight,Normal,Vehicle with vehicle collision,3,1,Other,na,na,na,na,,,Not a Pedestrian,Changing lane to the left,Slight Injury
20:40:00,Wednesday,31-50,Male,High school,Owner,5-10yr,Public (12 seats),Owner,,No defect, Church areas,Two-way (divided with broken lines road marking),Tangent road with flat terrain,Crossing,Asphalt roads,Dry,Daylight,Normal,Collision with roadside objects,2,3,Going straight,na,na,na,na,Driver,Normal,Not a Pedestrian,Changing lane to the right,Fatal injury
17:35:00,Saturday,31-50,Male,,,,Automobile,Owner,2-5yrs,,Other,Undivided Two way,Tangent road with flat terrain,Y Shape,Asphalt roads,Wet or damp,Daylight,Raining,Vehicle with vehicle collision,3,4,Other,na,na,na,na,Driver,Normal,Not a Pedestrian,No distancing,Fatal injury
11:15:00,Friday,Over 51,Male,Junior high school,Employee,Above 10yr,Automobile,Owner,Above 10yr,No defect,Residential areas,Undivided Two way,Tangent road with flat terrain,,Gravel roads,Wet or damp,Daylight,Raining,Fall from vehicles,2,1,Going straight,Driver or rider,Male,18-30,3,Driver,Normal,Not a Pedestrian,Changing lane to the right,Slight Injury
15:45:00,Saturday,Over 51,Male,Junior high school,Employee,,,Owner,Unknown,No defect,School areas,Undivided Two way,Tangent road with flat terrain,No junction,Asphalt roads,Dry,Daylight,Normal,Vehicle with vehicle collision,1,1,Going straight,Pedestrian,Female,31-50,3,Driver,Normal,Not a Pedestrian,No distancing,Fatal injury
06:52:00,Wednesday,31-50,Male,Junior high school,Employee,Above 10yr,Pick up upto 10Q,Owner,Above 10yr,No defect,Residential areas,,Tangent road with flat terrain,No junction,Asphalt roads,Dry,Daylight,Normal,Collision with pedestrians,2,2,Moving Backward,Pedestrian,Female,Over 51,3,Self-employed,Normal,Crossing from nearside - masked by parked or statioNot a Pedestrianry vehicle,Moving Backward,Fatal injury
17:50:00,Friday,18-30,Male,Junior high school,Employee,Above 10yr,Lorry (11?40Q),Owner,Unknown,No defect, Church areas,Undivided Two way,Tangent road with flat terrain,Crossing,Asphalt roads,Dry,Daylight,Normal,Vehicle with vehicle collision,3,2,,Driver or rider,Female,18-30,3,,,Not a Pedestrian,No distancing,Slight Injury
6:51:00,Monday,31-50,Male,,Owner,Below 1yr,Stationwagen,Governmental,1-2yr,No defect,Other,Undivided Two way,Tangent road with flat terrain,No junction,Asphalt roads,Dry,Daylight,Normal,Collision with pedestrians,2,1,,Pedestrian,Female,Over 51,3,,,Crossing from nearside - masked by parked or statioNot a Pedestrianry vehicle,No distancing,Slight Injury
17:00:00,Tuesday,18-30,Male,Elementary school,Owner,5-10yr,Other,Owner,Unknown,No defect,Office areas,One way,Tangent road with flat terrain,No junction,Asphalt roads,Wet or damp,Darkness - lights lit,Normal,Vehicle with vehicle collision,2,1,Going straight,na,na,na,na,Driver,Normal,Not a Pedestrian,Changing lane to the left,Slight Injury
18:10:00,Thursday,18-30,Male,Junior high school,Employee,Above 10yr,Automobile,Governmental,Below 1yr,No defect,Residential areas,Undivided Two way,Tangent road with flat terrain,No junction,Asphalt roads,Dry,Daylight,Normal,Collision with roadside-parked vehicles,1,1,Moving Backward,Driver or rider,Male,18-30,3,Driver,,Not a Pedestrian,No priority to vehicle,Slight Injury
21:10:00,Saturday,18-30,Male,Junior high school,Employee,5-10yr,Public (12 seats),Governmental,,No defect,Residential areas,other,Tangent road with flat terrain,No junction,Asphalt roads,Dry,Daylight,Normal,Vehicle with vehicle collision,2,2,Going straight,Driver or rider,Male,18-30,3,Self-employed,Normal,Not a Pedestrian,Driving carelessly,Slight Injury
21:00:00,Friday,18-30,Male,Junior high school,Employee,Above 10yr,Long lorry,Governmental,Unknown,,Office areas,One way,Tangent road with flat terrain,Crossing,Asphalt roads,Dry,Darkness - lights lit,Normal,Vehicle with vehicle collision,4,1,Reversing,na,na,na,na,,,Not a Pedestrian,Changing lane to the right,Slight Injury
18:30:00,Sunday,31-50,Male,Junior high school,Employee,,Other,Owner,1-2yr,No defect,Rural village areas,Undivided Two way,Gentle horizontal curve,No junction,Asphalt roads,Wet or damp,Darkness - lights lit,Normal,Vehicle with vehicle collision,2,5,Entering a junction,na,na,na,na,Self-employed,Normal,Not a Pedestrian,Other,Slight Injury
7:49:00,Wednesday,Under 18,Male,Junior high school,Employee,5-10yr,Automobile,Owner,,,Office areas,Two-way (divided with broken lines road marking),Tangent road with mild grade and flat terrain,T Shape,Asphalt roads,Dry,Daylight,Normal,Vehicle with vehicle collision,3,2,Other,Driver or rider,Female,18-30,3,,,Not a Pedestrian,No distancing,Serious Injury
14:00:00,Friday,18-30,Male,Elementary school,Employee,5-10yr,Other,Owner,,No defect, Industrial areas,other,Tangent road with flat terrain,No junction,Asphalt roads,Dry,Daylight,Normal,Vehicle with vehicle collision,3,2,Entering a junction,Driver or rider,Female,18-30,3,Self-employed,Normal,Not a Pedestrian,Overspeed,Fatal injury
23:48:00,Monday,31-50,Unknown,High school,Employee,Above 10yr,Automobile,Owner,Unknown,No defect, Industrial areas,Two-way (divided with broken lines road marking),,Y Shape,Asphalt roads,Wet or damp,Darkness - lights lit,Raining,Vehicle with vehicle collision,1,1,Moving Backward,Driver or rider,Male,18-30,3,Self-employed,Normal,Not a Pedestrian,Changing lane to the right,Fatal injury
19:00:00,Monday,31-50,Male,High school,Owner,5-10yr,,Owner,,,Office areas,Two-way (divided with broken lines road marking),Tangent road with mild grade and flat terrain,Crossing,Asphalt roads,Dry,Daylight,Normal,Collision with roadside objects,2,1,Other,Driver or rider,Male,Under 18,3,Driver,Normal,Not a Pedestrian,No priority to vehicle,Slight Injury
10:10:00,Monday,Over 51,Male,Junior high school,Employee,Above 10yr,Lorry (41?100Q),Owner,Unknown,No defect,Office areas,Two-way (divided with broken lines road marking),Tangent road with flat terrain,Y Shape,Asphalt roads,Wet or damp,Daylight,Normal,Collision with pedestrians,1,1,Unknown,Driver or rider,Male,31-50,3,Driver,Normal,Not a Pedestrian,Other,Fatal injury
12:58:00,Thursday,18-30,Male,Elementary school,Employee,1-2yr,,Owner,5-10yrs,No defect, Industrial areas,other,Tangent road with flat terrain,No junction,Asphalt roads,Snow,Daylight,Snow,Vehicle with vehicle collision,2,5,,Pedestrian,Female,18-30,3,Driver,Normal,Unknown or other,Moving Backward,Slight Injury
13:46:00,Sunday,18-30,Male,Elementary school,Owner,5-10yr,Automobile,Governmental,Below 1yr,No defect, Outside rural areas,Undivided Two way,Tangent road with flat terrain,No junction,Asphalt roads,Dry,Daylight,Normal,Collision with roadside objects,1,1,Going straight,na,na,na,na,Driver,Normal,Not a Pedestrian,Changing lane to the left,Slight Injury
17:10:00,Thursday,18-30,Male,Junior high school,Employee,1-2yr,Stationwagen,Owner,2-5yrs,,Other,Undivided Two way,Tangent road with flat terrain,No junction,Asphalt roads,Dry,Daylight,Normal,Vehicle with vehicle collision,2,1,Going straight,Driver or rider,Female,Over 51,2,,,Not a Pedestrian,Other,Fatal injury
15:40:00,Tuesday,31-50,Male,Junior high school,Employee,Below 1yr,Automobile,,,No defect,Office areas,Undivided Two way,Tangent road with mountainous terrain and,No junction,Asphalt roads,Wet or damp,Daylight,Raining,Collision with roadside objects,1,1,Entering a junction,na,na,na,na,Driver,Normal,Not a Pedestrian,Changing lane to the left,Slight Injury
11:10:00,Sunday,31-50,Male,Junior high school,Owner,5-10yr,Lorry (11?40Q),Owner,Unknown,No defect,Other,One way,Tangent road with flat terrain,Crossing,Asphalt roads,Wet or damp,Daylight,Normal,Rollover,3,4,Going straight,Driver or rider,Male,31-50,3,Driver,Normal,Not a Pedestrian,No priority to vehicle,Slight Injury
13:40:00,Tuesday,Over 51,Male,High school,Owner,Above 10yr,Pick up upto 10Q,Owner,,No defect,Other,One way,Tangent road with flat terrain,Crossing,Asphalt roads,Dry,Daylight,Other,Vehicle with vehicle collision,2,1,Going straight,Driver or rider,Female,18-30,3,,,Not a Pedestrian,Overloading,Slight Injury
13:40:00,Sunday,31-50,Male,High school,Owner,5-10yr,Taxi,Owner,5-10yrs,,Office areas,Two-way (divided with broken lines road marking),Tangent road with flat terrain,Y Shape,Asphalt roads,Dry,Daylight,Normal,Collision with pedestrians,1,1,Reversing,na,na,na,na,,,Not a Pedestrian,Overturning,Slight Injury
06:52:00,Wednesday,31-50,Male,Elementary school,Employee,2-5yr,Motorcycle,Owner,5-10yrs,No defect,Office areas,Undivided Two way,Tangent road with flat terrain,No junction,Asphalt roads,Dry,Daylight,Normal,Collision with pedestrians,2,1,Going straight,Driver or rider,Male,18-30,3,Self-employed,Normal,Not a Pedestrian,No distancing,Fatal injury
17:10:00,Thursday,31-50,Male,Junior high school,Employee,1-2yr,Other,Owner,Below 1yr,No defect,Residential areas,Two-way (divided with broken lines road marking),Tangent road with flat terrain,Y Shape,Asphalt roads,Dry,Darkness - lights lit,Normal,Vehicle with vehicle collision,2,1,Going straight,na,na,na,na,Driver,Normal,Not a Pedestrian,Overloading,Fatal injury
18:01:00,Monday,18-30,Male,Junior high school,Employee,Above 10yr,Automobile,Owner,2-5yrs,,Residential areas,Undivided Two way,Tangent road with flat terrain,Y Shape,,Dry,Daylight,Normal,Vehicle with vehicle collision,2,1,Going straight,Driver or rider,Male,18-30,3,Self-employed,Normal,Not a Pedestrian,Changing lane to the right,Slight Injury
13:00:00,Tuesday,Unknown,Male,Junior high school,Employee,Above 10yr,Lorry (41?100Q),Owner,,No defect,Other,One way,Tangent road with flat terrain,O Shape,Asphalt roads,Dry,Daylight,Normal,Collision with pedestrians,2,1,Going straight,na,na,na,na,Driver,Normal,Not a Pedestrian,Changing lane to the right,Slight Injury
19:00:00,Saturday,Over 51,Male,Elementary school,Employee,Below 1yr,Public (13?45 seats),Governmental,,No defect,Residential areas,Two-way (divided with broken lines road marking),Tangent road with flat terrain,Y Shape,Asphalt roads,Dry,Daylight,Normal,Vehicle with vehicle collision,3,3,Going straight,Passenger,Female,Over 51,3,Driver,Normal,Not a Pedestrian,Moving Backward,Fatal injury
7:08:00,Thursday,31-50,Male,Junior high school,Employee,5-10yr,Automobile,Owner,,No defect,Other,Double carriageway (median),Tangent road with flat terrain,Crossing,Asphalt roads,Dry,Daylight,Normal,Vehicle with vehicle collision,2,1,Going straight,na,na,na,na,Self-employed,Normal,Not a Pedestrian,Overloading,Slight Injury
9:15:00,Wednesday,Unknown,Female,Junior high school,Employee,Below 1yr,Lorry (41?100Q),Owner,,,Other,One way,Tangent road with flat terrain,Crossing,Asphalt roads,Dry,Daylight,Normal,Vehicle with vehicle collision,2,1,Going straight,Driver or rider,Male,Over 51,3,,,Not a Pedestrian,No distancing,Slight Injury
20:40:00,Wednesday,18-30,Male,Junior high school,Owner,2-5yr,Lorry (41?100Q),Organization,2-5yrs,,Residential areas,Undivided Two way,Tangent road with flat terrain,Crossing,Asphalt roads,Dry,Daylight,Normal,Vehicle with vehicle collision,1,4,Going straight,Pedestrian,Male,5,3,Driver,Normal,Not a Pedestrian,Driving under the influence of drugs,Fatal injury
13:56:00,Sunday,Over 51,Male,Elementary school,Employee,5-10yr,Public (13?45 seats),Owner,,,Residential areas,other,Tangent road with flat terrain,Unknown,Asphalt roads,Dry,Daylight,Normal,Vehicle with vehicle collision,4,3,Going straight,Driver or rider,Male,18-30,3,Driver,Normal,Not a Pedestrian,Moving Backward,Serious Injury
7:00:00,Thursday,18-30,Male,Elementary school,Employee,5-10yr,Lorry (11?40Q),,1-2yr,No defect,Other,Two-way (divided with broken lines road marking),Tangent road with flat terrain,No junction,Asphalt roads,Wet or damp,Darkness - lights lit,Normal,Vehicle with vehicle collision,1,1,Going straight,na,na,na,na,Driver,Normal,Not a Pedestrian,Driving carelessly,Serious Injury
22:49:00,Wednesday,Unknown,Female,Junior high school,Employee,5-10yr,Automobile,Owner,,No defect,Office areas,Double carriageway (median),Tangent road with flat terrain,Y Shape,Asphalt roads,Wet or damp,Darkness - lights lit,Normal,Collision with roadside objects,2,1,Going straight,na,na,na,na,Driver,Normal,Not a Pedestrian,Getting off the vehicle improperly,Slight Injury
17:11:00,Thursday,18-30,Male,Elementary school,Owner,5-10yr,Public (13?45 seats),Owner,5-10yrs,, Church areas,Two-way (divided with broken lines road marking),Tangent road with flat terrain,Crossing,Asphalt roads,Dry,Daylight,Normal,Vehicle with vehicle collision,2,1,Going straight,na,na,na,na,,,Not a Pedestrian,Driving carelessly,Slight Injury
17:40:00,Thursday,Under 18,Male,Junior high school,Employee,1-2yr,Lorry (41?100Q),Owner,,,Office areas,,Tangent road with flat terrain,Y Shape,Asphalt roads,Dry,Daylight,Normal,Collision with pedestrians,2,2,Other,na,na,na,na,Self-employed,Normal,Not a Pedestrian,Driving carelessly,Slight Injury
7:25:00,Thursday,18-30,Male,Elementary school,Employee,Below 1yr,Other,Owner,Unknown,No defect,Other,Two-way (divided with broken lines road marking),Tangent road with flat terrain,No junction,Asphalt roads,Dry,Daylight,Normal,Vehicle with vehicle collision,2,4,Turnover,Driver or rider,Male,Under 18,3,,Normal,Not a Pedestrian,Overtaking,Slight Injury
19:32:00,Tuesday,31-50,Male,Junior high school,Employee,2-5yr,Automobile,Owner,,No defect,Other,One way,Tangent road with flat terrain,O Shape,Asphalt roads,Wet or damp,Daylight,Raining,Collision with pedestrians,2,3,Going straight,Driver or rider,Male,Under 18,3,Driver,Normal,Not a Pedestrian,Driving under the influence of drugs,Fatal injury
10:10:00,Monday,Over 51,Male,Junior high school,Employee,Above 10yr,Lorry (41?100Q),Owner,Unknown,No defect,Office areas,Two-way (divided with broken lines road marking),Tangent road with flat terrain,Y Shape,Asphalt roads,Wet or damp,Daylight,Normal,Collision with pedestrians,1,2,Unknown,Driver or rider,Male,31-50,3,Driver,Normal,Not a Pedestrian,Other,Fatal injury
04:00:00,Friday,18-30,Male,Junior high school,Employee,5-10yr,Lorry (41?100Q),Owner,1-2yr,No defect,Other,Undivided Two way,Tangent road with flat terrain,Y Shape,Asphalt roads,Dry,Daylight,Normal,Collision with roadside objects,1,1,Turnover,na,na,na,na,Other,Normal,Not a Pedestrian,Changing lane to the left,Fatal injury
11:49:00,Wednesday,Over 51,Male,Junior high school,,,Other,Owner,5-10yrs,, Church areas,other,Tangent road with flat terrain,No junction,Asphalt roads,Dry,Daylight,Normal,Rollover,1,1,Other,na,na,na,na,Self-employed,Normal,Not a Pedestrian,No distancing,Serious Injury
10:16:00,Sunday,18-30,Male,Elementary school,Employee,2-5yr,Other,Owner,,No defect,  Recreational areas,Two-way (divided with broken lines road marking),Tangent road with flat terrain,No junction,Asphalt roads,Dry,Daylight,Normal,Collision with roadside objects,1,5,Moving Backward,Pedestrian,Male,31-50,3,Driver,Normal,Unknown or other,Changing lane to the right,Fatal injury
06:53:00,Wednesday,Over 51,Male,Elementary school,Employee,2-5yr,Lorry (41?100Q),Owner,5-10yrs,,Office areas,,Tangent road with flat terrain,Other,Asphalt roads,Wet or damp,Darkness - lights lit,Normal,Vehicle with vehicle collision,2,1,Going straight,Driver or rider,Male,18-30,3,,,Not a Pedestrian,Changing lane to the right,Fatal injury
15:16:00,Monday,18-30,Male,Elementary school,Employee,5-10yr,Lorry (41?100Q),Owner,5-10yrs,,Residential areas,Two-way (divided with broken lines road marking),Tangent road with flat terrain,Y Shape,Asphalt roads,Dry,Daylight,Normal,Collision with roadside objects,2,1,Going straight,Driver or rider,Male,Over 51,3,Driver,Normal,Not a Pedestrian,Changing lane to the right,Slight Injury
17:00:00,Friday,18-30,Male,Junior high school,Employee,5-10yr,Other,Owner,Above 10yr,No defect,Other,Two-way (divided with broken lines road marking),Tangent road with flat terrain,Y Shape,Asphalt roads,Dry,Daylight,Normal,Collision with roadside objects,2,1,Going straight,na,na,na,na,Driver,Normal,Not a Pedestrian,No distancing,Slight Injury
16:36:00,Thursday,31-50,Male,High school,Employee,Below 1yr,Automobile,,,,,Two-way (divided with broken lines road marking),Tangent road with flat terrain,Y Shape,Asphalt roads,Dry,Daylight,Normal,Vehicle with vehicle collision,3,2,Going straight,Driver or rider,Female,18-30,3,Driver,Normal,Not a Pedestrian,No distancing,Fatal injury
20:16:00,Sunday,31-50,Male,Junior high school,Employee,5-10yr,Lorry (41?100Q),Governmental,Below 1yr,No defect,Residential areas,Two-way (divided with broken lines road marking),Tangent road with flat terrain,,Asphalt roads,Wet or damp,Daylight,Raining,Vehicle with vehicle collision,2,2,Going straight,na,na,na,na,Driver,Normal,Not a Pedestrian,No distancing,Slight Injury
15:35:00,Tuesday,31-50,Male,,Employee,5-10yr,,Owner,Above 10yr,,Office areas,Two-way (divided with broken lines road marking),Tangent road with flat terrain,Y Shape,Asphalt roads,Wet or damp,Darkness - lights lit,Raining,Vehicle with vehicle collision,2,2,Going straight,na,na,na,na,Driver,Normal,Not a Pedestrian,Other,Slight Injury
15:36:00,Thursday,18-30,Male,High school,Owner,2-5yr,Automobile,Owner,Unknown,No defect,Other,Undivided Two way,Tangent road with flat terrain,Y Shape,Asphalt roads,Dry,Daylight,Normal,Collision with roadside objects,3,2,Going straight,Driver or rider,Male,31-50,2,,,Not a Pedestrian,Changing lane to the right,Fatal injury
7:26:00,Monday,31-50,Male,Junior high school,Employee,Above 10yr,Stationwagen,Owner,5-10yrs,,Other,Undivided Two way,Tangent road with flat terrain,Other,Asphalt roads,Wet or damp,Darkness - lights lit,Normal,Vehicle with vehicle collision,1,1,Going straight,Driver or rider,Female,Over 51,3,Student,Normal,Not a Pedestrian,No distancing,Slight Injury
17:22:00,Sunday,Under 18,Male,Elementary school,Employee,Above 10yr,Lorry (41?100Q),Owner,5-10yrs,No defect,Residential areas,Undivided Two way,Tangent road with flat terrain,Crossing,Asphalt roads,Wet or damp,Darkness - lights lit,Normal,Vehicle with vehicle collision,2,2,Turnover,na,na,na,na,Driver,Normal,Not a Pedestrian,Overspeed,Serious Injury
9:40:00,Monday,31-50,Male,Writing & reading,Employee,Below 1yr,Automobile,Owner,Unknown,No defect,Office areas,Undivided Two way,Tangent road with flat terrain,Y Shape,Asphalt roads,Dry,Daylight,Other,Vehicle with vehicle collision,2,1,Going straight,Passenger,Male,31-50,3,Driver,Normal,Not a Pedestrian,No priority to vehicle,Slight Injury
16:25:00,Sunday,18-30,Male,Junior high school,Owner,Above 10yr,Public (13?45 seats),Owner,1-2yr,,Office areas,Two-way (divided with broken lines road marking),Tangent road with flat terrain,No junction,Asphalt roads,Wet or damp,Daylight,Raining,Collision with roadside objects,2,5,Reversing,na,na,na,na,Self-employed,Normal,Not a Pedestrian,Moving Backward,Fatal injury
17:03:00,Friday,31-50,Male,Elementary school,Employee,5-10yr,Other,Owner,,No defect,Office areas,Double carriageway (median),Tangent road with flat terrain,No junction,Asphalt roads,Dry,Darkness - no lighting,Normal,Vehicle with vehicle collision,2,1,Going straight,Driver or rider,Male,18-30,3,Driver,Normal,Not a Pedestrian,Changing lane to the right,Fatal injury
23:05:00,Sunday,Unknown,Female,Junior high school,Employee,2-5yr,Other,Owner,2-5yrs,No defect,Other,Undivided Two way,Steep grade downward with mountainous terrain,No junction,Asphalt roads,Dry,Darkness - lights lit,Normal,Vehicle with vehicle collision,2,1,Moving Backward,Driver or rider,Female,Under 18,3,Driver,Normal,Not a Pedestrian,Getting off the vehicle improperly,Slight Injury
3:39:00,Friday,Unknown,Female,Elementary school,Owner,5-10yr,Public (> 45 seats),Owner,Unknown,No defect,Office areas,Undivided Two way,Tangent road with flat terrain,No junction,Other,Dry,Darkness - lights lit,Normal,Collision with roadside objects,4,1,Going straight,Pedestrian,Male,31-50,3,,,Unknown or other,Changing lane to the right,Serious Injury
18:38:00,Saturday,Unknown,Female,Elementary school,Employee,,Public (12 seats),Owner,Unknown,No defect,Residential areas,Double carriageway (median),Tangent road with flat terrain,No junction,Asphalt roads,Dry,Darkness - lights lit,Normal,Collision with roadside objects,1,1,Going straight,Pedestrian,Male,18-30,3,Driver,Normal,Crossing from driver's nearside,No distancing,Serious Injury
18:00:00,Saturday,18-30,Male,Junior high school,Employee,2-5yr,Long lorry,Owner,5-10yrs,No defect, Church areas,Two-way (divided with broken lines road marking),Tangent road with flat terrain,No junction,Asphalt roads,Dry,Daylight,Normal,Vehicle with vehicle collision,3,2,Going straight,Driver or rider,Male,31-50,3,Driver,Normal,Not a Pedestrian,No priority to pedestrian,Slight Injury
17:00:00,Saturday,31-50,Male,Junior high school,Employee,2-5yr,Other,Owner,Above 10yr,No defect,Residential areas,other,Tangent road with flat terrain,No junction,Asphalt roads,Wet or damp,Darkness - lights lit,Other,Vehicle with vehicle collision,2,2,Reversing,Passenger,Male,Over 51,3,Driver,Normal,Not a Pedestrian,Moving Backward,Slight Injury
15:20:00,Sunday,31-50,Male,Junior high school,Employee,5-10yr,,Owner,Above 10yr,No defect,Residential areas,Two-way (divided with broken lines road marking),Tangent road with flat terrain,,Asphalt roads,Dry,Daylight,Normal,Vehicle with vehicle collision,2,1,Going straight,Driver or rider,Male,31-50,3,Self-employed,Normal,Not a Pedestrian,Moving Backward,Slight Injury
20:15:00,Tuesday,18-30,Male,,Owner,5-10yr,Lorry (11?40Q),Owner,5-10yrs,5, Church areas,other,Tangent road with flat terrain,Y Shape,Asphalt roads,Dry,Darkness - lights lit,Normal,Collision with pedestrians,2,1,Going straight,Driver or rider,Male,18-30,3,,,Not a Pedestrian,Moving Backward,Slight Injury
11:30:00,Tuesday,Under 18,Male,Junior high school,Employee,1-2yr,Ridden horse,Owner,Unknown,No defect,Office areas,Undivided Two way,Tangent road with flat terrain,Crossing,Asphalt roads,Wet or damp,Daylight,Normal,Vehicle with vehicle collision,4,6,Going straight,Driver or rider,Male,5,2,Self-employed,Normal,Not a Pedestrian,Overtaking,Serious Injury
11:10:00,Sunday,18-30,Male,Junior high school,Employee,5-10yr,Automobile,Owner,Above 10yr,No defect,Other,Undivided Two way,Tangent road with flat terrain,No junction,Asphalt roads,Wet or damp,Daylight,Raining,Vehicle with vehicle collision,3,2,Waiting to go,Driver or rider,Female,18-30,3,Driver,Normal,Not a Pedestrian,No distancing,Slight Injury
14:59:00,Wednesday,Under 18,Male,Junior high school,Employee,5-10yr,Automobile,Owner,5-10yrs,No defect,Residential areas,Undivided Two way,Tangent road with flat terrain,Other,Asphalt roads,Dry,Daylight,Normal,Vehicle with vehicle collision,2,2,Going straight,Driver or rider,Male,18-30,3,Driver,Normal,Not a Pedestrian,Moving Backward,Slight Injury