Time,Day_of_week,Age_band_of_driver,Sex_of_driver,Educational_level,Vehicle_driver_relation,Driving_experience,Type_of_vehicle,Owner_of_vehicle,Service_year_of_vehicle,Defect_of_vehicle,Area_accident_occured,Lanes_or_Medians,Road_allignment,Types_of_Junction,Road_surface_type,Road_surface_conditions,Light_conditions,Weather_conditions,Type_of_collision,Number_of_vehicles_involved,Number_of_casualties,Vehicle_movement,Casualty_class,Sex_of_casualty,Age_band_of_casualty,Casualty_severity,Work_of_casuality,Fitness_of_casuality,Pedestrian_movement,Cause_of_accident,Accident_severity
19:12:00,Tuesday,31-50,Male,Elementary school,Owner,Above 10yr,Lorry (41?100Q),Owner,2-5yrs,No defect,Other,Undivided Two way,Tangent road with flat terrain,Y Shape,Asphalt roads,Dry,Daylight,Normal,Vehicle with vehicle collision,1,1,Going straight,Driver or rider,Female,31-50,3,Driver,Normal,Not a Pedestrian,Overtaking,Serious Injury
12:29:00,Tuesday,31-50,Male,Junior high school,Employee,Below 1yr,,Governmental,,,Office areas,Two-way (divided with broken lines road marking),Tangent road with flat terrain,Crossing,Asphalt roads,Dry,Daylight,Normal,Vehicle with vehicle collision,3,3,Moving Backward,Driver or rider,Male,31-50,3,,Normal,Not a Pedestrian,Changing lane to the right,Slight Injury
17:30:00,Tuesday,Unknown,Female,Junior high school,Employee,5-10yr,Pick up upto 10Q,Owner,2-5yrs,No defect, Industrial areas,Two-way (divided with broken lines road marking),Tangent road with flat terrain,No junction,Asphalt roads,Dry,Daylight,Normal,Vehicle with vehicle collision,1,1,Getting off,Pedestrian,Male,31-50,3,Driver,Normal,Not a Pedestrian,Driving to the left,Serious Injury
6:53:00,Wednesday,Over 51,Male,Elementary school,Employee,2-5yr,Lorry (41?100Q),Owner,5-10yrs,,Office areas,,Tangent road with flat terrain,Other,Asphalt roads,Wet or damp,Darkness - lights lit,Normal,Vehicle with vehicle collision,2,1,Going straight,Driver or rider,Male,18-30,3,,,Not a Pedestrian,Changing lane to the right,Fatal injury
17:10:00,Thursday,31-50,Male,Elementary school,Owner,Above 10yr,Bicycle,Owner,5-10yrs,, Church areas,One way,Tangent road with flat terrain,Y Shape,Asphalt roads,Dry,Daylight,Normal,Vehicle with vehicle collision,2,1,Going straight,Driver or rider,Male,31-50,3,Driver,Normal,Not a Pedestrian,Changing lane to the right,Slight Injury
07:52:00,Wednesday,31-50,Male,Elementary school,Employee,2-5yr,Motorcycle,Owner,5-10yrs,No defect,Office areas,Undivided Two way,Tangent road with flat terrain,No junction,Asphalt roads,Dry,Daylight,Normal,Collision with pedestrians,3,1,Going straight,Driver or rider,Male,18-30,3,Self-employed,Normal,Not a Pedestrian,No distancing,Fatal injury
16:25:00,Sunday,18-30,Male,Junior high school,Employee,2-5yr,Lorry (41?100Q),Owner,Below 1yr,,Residential areas,Two-way (divided with broken lines road marking),Tangent road with flat terrain,No junction,Asphalt roads,Wet or damp,Daylight,Raining,,2,4,Going straight,Driver or rider,Male,Over 51,3,,,Not a Pedestrian,Driving carelessly,Fatal injury
22:55:00,Saturday,Unknown,Female,Junior high school,Employee,1-2yr,Lorry (41?100Q),Owner,Unknown,No defect,Office areas,Double carriageway (median),Gentle horizontal curve,No junction,Asphalt roads,Dry,Darkness - lights lit,Normal,Rollover,4,1,Going straight,Driver or rider,Male,18-30,3,Self-employed,Normal,Not a Pedestrian,Changing lane to the right,Slight Injury
15:23:00,Wednesday,Over 51,Male,High school,Employee,,Automobile,Owner,,,School areas,Double carriageway (median),Tangent road with flat terrain,Y Shape,Asphalt roads,Wet or damp,Daylight,Raining,Vehicle with vehicle collision,3,1,Moving Backward,Driver or rider,Male,Over 51,2,Driver,Normal,Not a Pedestrian,Moving Backward,Serious Injury
8:00:00,Wednesday,18-30,Male,High school,Employee,2-5yr,Stationwagen,Owner,5-10yrs,, Church areas,other,Tangent road with flat terrain,Crossing,Asphalt roads,Dry,Darkness - lights lit,Other,Vehicle with vehicle collision,2,1,Going straight,Pedestrian,Female,31-50,3,,,Crossing from nearside - masked by parked or statioNot a Pedestrianry vehicle,Overtaking,Slight Injury
7:44:00,Friday,18-30,Male,Junior high school,Employee,1-2yr,Automobile,Owner,2-5yrs,,Office areas,Double carriageway (median),Tangent road with flat terrain,Crossing,Asphalt roads,Dry,Daylight,Normal,Vehicle with vehicle collision,2,1,Moving Backward,Driver or rider,Male,31-50,3,Self-employed,Normal,Not a Pedestrian,Overturning,Slight Injury
19:00:00,Thursday,18-30,Male,Junior high school,Employee,5-10yr,Long lorry,Owner,Unknown,No defect, Church areas,Two-way (divided with solid lines road marking),Tangent road with flat terrain,No junction,Asphalt roads,Dry,Darkness - lights unlit,Normal,Vehicle with vehicle collision,2,1,Going straight,na,na,na,na,Driver,Normal,Not a Pedestrian,Moving Backward,Slight Injury
8:21:00,Tuesday,18-30,Male,High school,Employee,5-10yr,Automobile,Owner,2-5yrs,No defect,Other,Two-way (divided with broken lines road marking),Escarpments,Y Shape,Asphalt roads,Wet or damp,Daylight,Raining,Vehicle with vehicle collision,3,1,Going straight,Driver or rider,Male,18-30,3,Driver,,Not a Pedestrian,Driving carelessly,Slight Injury
13:09:00,Tuesday,Over 51,Male,Junior high school,Employee,1-2yr,Stationwagen,Owner,2-5yrs,,Residential areas,Undivided Two way,Tangent road with flat terrain,,Asphalt roads,Dry,Daylight,Normal,Vehicle with vehicle collision,3,1,Going straight,Driver or rider,Female,18-30,3,,,Not a Pedestrian,No distancing,Fatal injury
16:25:00,Friday,31-50,Male,Junior high school,Employee,5-10yr,Lorry (41?100Q),Owner,,No defect,Office areas,Two-way (divided with broken lines road marking),Tangent road with flat terrain,,Asphalt roads,Dry,Darkness - lights lit,Normal,Collision with roadside objects,2,5,Reversing,Pedestrian,Male,Over 51,3,Driver,Normal,Crossing from nearside - masked by parked or statioNot a Pedestrianry vehicle,Getting off the vehicle improperly,Fatal injury
19:20:00,Wednesday,31-50,Male,Junior high school,Employee,1-2yr,Automobile,Owner,Unknown,No defect,School areas,Undivided Two way,Tangent road with flat terrain,No junction,Asphalt roads,Dry,Daylight,Normal,Vehicle with vehicle collision,3,2,Getting off,Driver or rider,Male,5,3,Self-employed,Normal,Not a Pedestrian,Changing lane to the right,Slight Injury
14:20:00,Friday,18-30,Male,Junior high school,Employee,2-5yr,Lorry (41?100Q),Owner,2-5yrs,No defect,Office areas,Double carriageway (median),Escarpments,Crossing,Asphalt roads,Dry,Daylight,Normal,Collision with roadside objects,2,1,Other,Driver or rider,Male,18-30,3,,,Not a Pedestrian,Changing lane to the right,Slight Injury
23:30:00,Sunday,18-30,Male,Junior high school,Employee,1-2yr,Automobile,Organization,2-5yrs,,Residential areas,Undivided Two way,Tangent road with flat terrain,Crossing,Asphalt roads,Dry,Darkness - lights lit,Normal,Vehicle with vehicle collision,2,4,Going straight,na,na,na,na,Driver,Normal,Not a Pedestrian,Overtaking,Fatal injury
14:49:00,Monday,Over 51,Male,,Employee,5-10yr,Automobile,Governmental,Unknown,,Other,Two-way (divided with broken lines road marking),Tangent road with flat terrain,,Asphalt roads,Dry,Daylight,Normal,Collision with roadside objects,2,1,Going straight,Driver or rider,Male,18-30,3,,Normal,Not a Pedestrian,Changing lane to the left,Slight Injury
18:07:00,Tuesday,Unknown,Male,Junior high school,Employee,Above 10yr,Turbo,Owner,,No defect,Other,Two-way (divided with broken lines road marking),Tangent road with flat terrain,No junction,Asphalt roads,Dry,Daylight,Normal,Vehicle with vehicle collision,2,1,Getting off,Passenger,Female,31-50,3,Driver,Normal,Not a Pedestrian,Moving Backward,Slight Injury
6:05:00,Tuesday,31-50,Male,Junior high school,Employee,2-5yr,Public (12 seats),Owner,,No defect,  Recreational areas,Two-way (divided with broken lines road marking),Tangent road with flat terrain,Y Shape,Asphalt roads,Dry,Daylight,Normal,Vehicle with vehicle collision,1,2,Going straight,Pedestrian,Male,Under 18,3,Self-employed,Normal,Crossing from nearside - masked by parked or statioNot a Pedestrianry vehicle,Changing lane to the left,Slight Injury
13:46:00,Tuesday,18-30,Male,Junior high school,Employee,2-5yr,Taxi,Governmental,5-10yrs,No defect,Other,Undivided Two way,Tangent road with flat terrain,Other,Asphalt roads,Dry,Daylight,Normal,Vehicle with vehicle collision,2,1,Going straight,Driver or rider,Female,31-50,3,Student,Normal,Not a Pedestrian,Driving carelessly,Slight Injury
10:30:00,Friday,31-50,Male,,,,Automobile,Owner,,No defect,Other,Two-way (divided with broken lines road marking),Tangent road with flat terrain,No junction,Asphalt roads,Wet or damp,Daylight,Raining,Vehicle with vehicle collision,2,1,Going straight,Driver or rider,Male,31-50,3,,,Not a Pedestrian,Changing lane to the right,Slight Injury
14:04:00,Saturday,31-50,Male,Elementary school,Owner,1-2yr,,Owner,,No defect, Industrial areas,other,Tangent road with flat terrain,Y Shape,Asphalt roads,Wet or damp,Daylight,Normal,Vehicle with vehicle collision,2,5,,Driver or rider,Male,Over 51,3,,,Not a Pedestrian,Other,Fatal injury
16:35:00,Tuesday,31-50,Male,Junior high school,Employee,Above 10yr,Public (12 seats),Owner,Unknown,,Other,One way,Tangent road with flat terrain,No junction,Asphalt roads,Dry,Daylight,Normal,Vehicle with vehicle collision,2,1,Going straight,na,na,na,na,Self-employed,Normal,Not a Pedestrian,Changing lane to the left,Slight Injury
12:00:00,Saturday,18-30,Male,Junior high school,Employee,2-5yr,,Owner,Above 10yr,No defect, Outside rural areas,Two-way (divided with broken lines road marking),Tangent road with mountainous terrain and,,Asphalt roads,Dry,Daylight,Normal,Vehicle with vehicle collision,6,2,Other,na,na,na,na,Driver,Normal,Not a Pedestrian,No priority to pedestrian,Serious Injury
20:15:00,Thursday,18-30,Male,Junior high school,Employee,2-5yr,Stationwagen,Owner,Below 1yr,No defect,Other,Undivided Two way,Tangent road with flat terrain,Crossing,Asphalt roads,Dry,Darkness - lights lit,Normal,Vehicle with vehicle collision,3,1,Going straight,na,na,na,na,,Normal,Not a Pedestrian,Moving Backward,Fatal injury
23:10:00,Sunday,18-30,Male,Junior high school,Employee,2-5yr,,Owner,Unknown,No defect,Office areas,Undivided Two way,Tangent road with flat terrain,Y Shape,Asphalt roads,Dry,Darkness - lights lit,Normal,Vehicle with vehicle collision,3,3,Turnover,Driver or rider,Male,31-50,3,Driver,Normal,Not a Pedestrian,No priority to vehicle,Fatal injury
10:35:00,Monday,31-50,Male,Junior high school,Employee,2-5yr,Automobile,Owner,Unknown,No defect,Office areas,Two-way (divided with broken lines road marking),Tangent road with flat terrain,No junction,Asphalt roads,Dry,Daylight,Normal,Vehicle with vehicle collision,1,2,Reversing,Driver or rider,Male,31-50,3,Driver,Normal,Not a Pedestrian,Getting off the vehicle improperly,Fatal injury
8:35:00,Wednesday,18-30,Male,Junior high school,Employee,2-5yr,Public (13?45 seats),Owner,Unknown,No defect,Residential areas,other,Tangent road with flat terrain,No junction,Asphalt roads,Dry,Daylight,Other,Vehicle with vehicle collision,1,1,Reversing,Passenger,Female,18-30,3,Driver,Normal,Not a Pedestrian,Turnover,Slight Injury
12:00:00,Friday,31-50,Male,Elementary school,Employee,2-5yr,Public (13?45 seats),,,,Unknown,other,Tangent road with flat terrain,No junction,Asphalt roads,Dry,Daylight,Normal,Vehicle with vehicle collision,2,3,Entering a junction,Driver or rider,Male,18-30,3,Driver,Normal,Not a Pedestrian,No distancing,Fatal injury
15:52:00,Friday,18-30,Male,Junior high school,Employee,Below 1yr,Other,Owner,,,Office areas,Undivided Two way,Tangent road with flat terrain,Y Shape,Asphalt roads,Dry,Daylight,Normal,Vehicle with vehicle collision,3,1,Reversing,Driver or rider,Male,18-30,2,Self-employed,Normal,Not a Pedestrian,No priority to pedestrian,Slight Injury
17:30:00,Thursday,31-50,Male,Junior high school,Employee,Above 10yr,Pick up upto 10Q,Owner,,,Other,Undivided Two way,Tangent road with flat terrain,No junction,Asphalt roads,Wet or damp,Daylight,Raining,Vehicle with vehicle collision,3,1,Going straight,na,na,na,na,Driver,Normal,Not a Pedestrian,Other,Fatal injury
01:10:00,Sunday,18-30,Female,Writing & reading,Employee,5-10yr,Lorry (11?40Q),Owner,2-5yrs,No defect,Other,other,Tangent road with flat terrain,,Asphalt roads,Dry,Daylight,Normal,Collision with pedestrians,2,1,Other,Driver or rider,Male,Under 18,3,Driver,Normal,Not a Pedestrian,Getting off the vehicle improperly,Fatal injury
22:15:00,Wednesday,18-30,Male,Junior high school,Employee,2-5yr,,Owner,5-10yrs,,Office areas,Undivided Two way,Tangent road with mountainous terrain and,Y Shape,Asphalt roads,Dry,Darkness - lights lit,Normal,Collision with roadside objects,2,2,Moving Backward,na,na,na,na,,,Not a Pedestrian,Driving carelessly,Slight Injury
10:23:00,Thursday,Over 51,Male,,,,Lorry (41?100Q),Owner,Unknown,No defect,Office areas,Undivided Two way,Tangent road with flat terrain,Y Shape,Asphalt roads,Dry,Daylight,Normal,Collision with roadside objects,2,1,Going straight,Driver or rider,Male,31-50,3,Driver,Normal,Not a Pedestrian,Changing lane to the left,Serious Injury
18:26:00,Saturday,31-50,Male,Elementary school,Owner,5-10yr,Public (> 45 seats),Owner,1-2yr,No defect, Outside rural areas,Undivided Two way,Tangent road with flat terrain,Crossing,Asphalt roads,Dry,Daylight,Normal,Vehicle with vehicle collision,2,1,Going straight,Driver or rider,Male,31-50,3,Driver,Normal,Not a Pedestrian,Overtaking,Serious Injury
17:08:00,Saturday,18-30,Male,Junior high school,Employee,2-5yr,Automobile,Governmental,,No defect,Residential areas,other,Tangent road with flat terrain,Y Shape,Asphalt roads,Dry,Darkness - no lighting,Normal,Vehicle with vehicle collision,3,3,Going straight,na,na,na,na,Driver,Normal,Not a Pedestrian,Driving carelessly,Fatal injury
11:59:00,Saturday,Unknown,Female,Above high school,Employee,No Licence,Public (12 seats),Owner,Unknown,No defect,Office areas,,Tangent road with flat terrain,No junction,Asphalt roads,Dry,Darkness - lights lit,Unknown,Collision with roadside objects,1,1,Getting off,Driver or rider,Male,31-50,3,Driver,Normal,Not a Pedestrian,No priority to vehicle,Slight Injury
18:58:00,Thursday,18-30,Male,Above high school,Employee,2-5yr,Automobile,Owner,Unknown,No defect,Other,Two-way (divided with broken lines road marking),Tangent road with flat terrain,Crossing,Asphalt roads,Dry,Darkness - lights lit,Normal,Vehicle with vehicle collision,1,1,Going straight,Driver or rider,Male,31-50,3,Driver,Normal,Not a Pedestrian,Moving Backward,Slight Injury
18:30:00,Thursday,31-50,Male,Above high school,Employee,1-2yr,Stationwagen,Owner,Above 10yr,No defect,Office areas,Two-way (divided with broken lines road marking),Tangent road with flat terrain,Y Shape,Asphalt roads,Dry,Darkness - lights lit,Normal,Vehicle with vehicle collision,2,2,Going straight,Pedestrian,Male,Under 18,3,Student,Normal,Not a Pedestrian,Changing lane to the right,Slight Injury
09:10:00,Monday,Over 51,Male,Junior high school,Employee,Above 10yr,Lorry (41?100Q),Owner,Unknown,No defect,Office areas,Two-way (divided with broken lines road marking),Tangent road with flat terrain,Y Shape,Asphalt roads,Wet or damp,Daylight,Normal,Collision with pedestrians,1,1,Unknown,Driver or rider,Male,31-50,3,Driver,Normal,Not a Pedestrian,Other,Fatal injury
22:15:00,Thursday,18-30,Male,Junior high school,Employee,2-5yr,Stationwagen,Owner,Below 1yr,No defect,Other,Undivided Two way,Tangent road with flat terrain,Crossing,Asphalt roads,Dry,Darkness - lights lit,Normal,Vehicle with vehicle collision,2,1,Going straight,na,na,na,na,,Normal,Not a Pedestrian,Moving Backward,Fatal injury
17:23:00,Tuesday,31-50,Male,Junior high school,Employee,Below 1yr,Automobile,Owner,Unknown,No defect,Residential areas,Undivided Two way,Tangent road with flat terrain,,Asphalt roads,Dry,Daylight,Normal,Vehicle with vehicle collision,2,1,Going straight,Driver or rider,Male,31-50,3,Self-employed,Normal,Not a Pedestrian,Changing lane to the right,Slight Injury
9:45:00,Friday,Unknown,Male,,Owner,Below 1yr,Automobile,Owner,2-5yrs,,Other,,Tangent road with flat terrain,Y Shape,Asphalt roads,Dry,Daylight,Normal,Vehicle with vehicle collision,1,1,Moving Backward,na,na,na,na,Employee,Normal,Not a Pedestrian,No priority to vehicle,Serious Injury
21:18:00,Monday,18-30,Male,Elementary school,Employee,5-10yr,Lorry (11?40Q),Owner,Unknown,No defect,Office areas,Double carriageway (median),Gentle horizontal curve,Y Shape,Asphalt roads,Dry,Darkness - lights lit,Normal,Vehicle with vehicle collision,2,1,Overtaking,na,na,na,na,,Normal,Not a Pedestrian,Moving Backward,Fatal injury
10:35:00,Monday,31-50,Male,Junior high school,Employee,2-5yr,Automobile,Owner,Unknown,No defect,Office areas,Two-way (divided with broken lines road marking),Tangent road with flat terrain,No junction,Asphalt roads,Dry,Daylight,Normal,Vehicle with vehicle collision,2,3,Reversing,Driver or rider,Male,31-50,3,Driver,Normal,Not a Pedestrian,Getting off the vehicle improperly,Fatal injury
20:30:00,Wednesday,18-30,Male,Elementary school,Employee,5-10yr,Lorry (41?100Q),Owner,Above 10yr,No defect,Office areas,Undivided Two way,Tangent road with flat terrain,,Other,Dry,Darkness - lights lit,Normal,Vehicle with vehicle collision,2,2,Going straight,Driver or rider,Male,18-30,3,,,Not a Pedestrian,No distancing,Fatal injury
19:33:00,Sunday,31-50,Male,Junior high school,Employee,Below 1yr,Automobile,Owner,Above 10yr,No defect, Church areas,Two-way (divided with broken lines road marking),Tangent road with flat terrain,No junction,Asphalt roads,Dry,Daylight,Normal,Vehicle with vehicle collision,3,1,Turnover,na,na,na,na,Driver,Normal,Not a Pedestrian,Driving to the left,Serious Injury
21:30:00,Sunday,Over 51,Male,Elementary school,Employee,5-10yr,Automobile,Governmental,,No defect,Residential areas,Two-way (divided with broken lines road marking),Tangent road with flat terrain,Crossing,Asphalt roads,Dry,Darkness - lights lit,Normal,Collision with pedestrians,2,5,Going straight,Driver or rider,Female,31-50,3,,,Not a Pedestrian,Moving Backward,Fatal injury
18:57:00,Tuesday,31-50,Male,High school,Employee,Above 10yr,Long lorry,Owner,,No defect,  Recreational areas,Two-way (divided with broken lines road marking),Tangent road with flat terrain,Y Shape,Asphalt roads,Dry,Daylight,Normal,Vehicle with vehicle collision,2,2,Going straight,Pedestrian,Male,18-30,3,,,Unknown or other,Turnover,Fatal injury
20:55:00,Saturday,31-50,Male,High school,Employee,Below 1yr,,Owner,2-5yrs,, Church areas,Two-way (divided with broken lines road marking),Tangent road with flat terrain,Y Shape,Asphalt roads,Wet or damp,Darkness - lights lit,Normal,Vehicle with vehicle collision,1,2,Going straight,na,na,na,na,Self-employed,Normal,Not a Pedestrian,Changing lane to the right,Slight Injury
17:25:00,Sunday,18-30,Male,Junior high school,Owner,Above 10yr,Public (13?45 seats),Owner,1-2yr,,Office areas,Two-way (divided with broken lines road marking),Tangent road with flat terrain,No junction,Asphalt roads,Wet or damp,Daylight,Raining,Collision with roadside objects,2,4,Reversing,na,na,na,na,Self-employed,Normal,Not a Pedestrian,Moving Backward,Fatal injury
12:04:00,Monday,31-50,Male,Elementary school,Employee,5-10yr,Lorry (41?100Q),Owner,,No defect,Office areas,Two-way (divided with broken lines road marking),Tangent road with flat terrain,Other,Asphalt roads,Dry,Daylight,Normal,Vehicle with vehicle collision,2,6,Going straight,Driver or rider,Male,18-30,3,Driver,Normal,Not a Pedestrian,Changing lane to the left,Serious Injury
8:50:00,Friday,Under 18,Male,Junior high school,Employee,Above 10yr,Automobile,Owner,,,Other,Two-way (divided with broken lines road marking),Tangent road with flat terrain,Crossing,Asphalt roads,Dry,Darkness - lights lit,Normal,Vehicle with vehicle collision,1,1,Going straight,Driver or rider,Male,18-30,2,,,Not a Pedestrian,No distancing,Slight Injury
02:32:00,Saturday,Under 18,Male,Junior high school,Employee,5-10yr,Public (13?45 seats),Owner,2-5yrs,No defect, Outside rural areas,Two-way (divided with broken lines road marking),Tangent road with mountainous terrain and,No junction,Asphalt roads,Dry,Darkness - lights lit,Normal,Vehicle with vehicle collision,2,3,Moving Backward,na,na,na,na,Self-employed,Normal,Not a Pedestrian,Moving Backward,Fatal injury
7:18:00,Thursday,Over 51,Male,Junior high school,Employee,5-10yr,Automobile,Owner,Unknown,No defect,Office areas,,Steep grade downward with mountainous terrain,Other,Asphalt roads,Dry,Daylight,Normal,Vehicle with vehicle collision,2,1,Going straight,Passenger,Male,18-30,3,Self-employed,Normal,Not a Pedestrian,Changing lane to the left,Slight Injury
20:30:00,Saturday,18-30,Male,Elementary school,Owner,5-10yr,Public (> 45 seats),Owner,2-5yrs,,Residential areas,Undivided Two way,Tangent road with flat terrain,Y Shape,Asphalt roads,Dry,Daylight,Normal,Vehicle with vehicle collision,2,2,,na,na,na,na,Driver,Normal,Not a Pedestrian,Driving carelessly,Serious Injury
12:35:00,Monday,Over 51,Male,Junior high school,Employee,Below 1yr,Lorry (11?40Q),Owner,Below 1yr,,Office areas,Two-way (divided with broken lines road marking),Tangent road with flat terrain,No junction,Asphalt roads,Dry,Daylight,Normal,Vehicle with vehicle collision,2,1,Going straight,Driver or rider,Male,18-30,3,Driver,Normal,Not a Pedestrian,No priority to pedestrian,Slight Injury
20:40:00,Wednesday,18-30,Male,Junior high school,Owner,2-5yr,Lorry (41?100Q),Organization,2-5yrs,,Residential areas,Undivided Two way,Tangent road with flat terrain,Crossing,Asphalt roads,Dry,Daylight,Normal,Vehicle with vehicle collision,2,4,Going straight,Pedestrian,Male,5,3,Driver,Normal,Not a Pedestrian,Driving under the influence of drugs,Fatal injury
20:15:00,Sunday,18-30,Male,Junior high school,Employee,2-5yr,Automobile,Owner,Above 10yr,No defect,Residential areas,other,Tangent road with flat terrain,No junction,Asphalt roads,Dry,Darkness - lights lit,Normal,Vehicle with vehicle collision,2,3,Turnover,na,na,na,na,Self-employed,Normal,Not a Pedestrian,Changing lane to the left,Fatal injury
16:55:00,Sunday,18-30,Male,Junior high school,Employee,5-10yr,Automobile,Owner,,No defect,Office areas,Two-way (divided with broken lines road marking),Tangent road with mild grade and flat terrain,No junction,Asphalt roads,Dry,Daylight,Normal,Vehicle with vehicle collision,2,1,Going straight,Driver or rider,Male,18-30,3,Other,Normal,Not a Pedestrian,Changing lane to the right,Slight Injury
14:15:00,Sunday,Unknown,Male,Writing & reading,Employee,Below 1yr,Automobile,Owner,Unknown,No defect,Office areas,,Steep grade downward with mountainous terrain,No junction,Asphalt roads,Dry,Daylight,Normal,Collision with roadside objects,2,1,Going straight,na,na,na,na,,,Not a Pedestrian,Getting off the vehicle improperly,Slight Injury
9:30:00,Saturday,18-30,Male,High school,Employee,Above 10yr,Automobile,Owner,2-5yrs,No defect,Other,Undivided Two way,Tangent road with flat terrain,Other,Asphalt roads,Dry,Daylight,Normal,Collision with pedestrians,3,3,Going straight,Driver or rider,Male,31-50,3,,Normal,Not a Pedestrian,No distancing,Slight Injury
10:30:00,Monday,18-30,Male,Writing & reading,Employee,5-10yr,Automobile,Owner,Above 10yr,, Industrial areas,Undivided Two way,Tangent road with flat terrain,Y Shape,Asphalt roads,Dry,Daylight,Normal,Vehicle with vehicle collision,1,2,Going straight,Passenger,Female,Under 18,3,Driver,Normal,Not a Pedestrian,No priority to pedestrian,Slight Injury
17:30:00,Thursday,Under 18,Male,Junior high school,Employee,,Other,Governmental,Above 10yr,No defect,Other,Two-way (divided with broken lines road marking),Tangent road with flat terrain,Y Shape,Asphalt roads,Dry,Darkness - lights lit,Normal,Collision with pedestrians,2,1,Going straight,Driver or rider,Female,18-30,3,Self-employed,Normal,Not a Pedestrian,Changing lane to the right,Slight Injury
13:57:00,Wednesday,18-30,Male,Junior high school,Employee,2-5yr,Other,Owner,Unknown,,Other,other,Tangent road with flat terrain,Crossing,Asphalt roads,Snow,Daylight,Normal,Vehicle with vehicle collision,4,2,Going straight,na,na,na,na,Driver,Normal,Not a Pedestrian,Changing lane to the right,Slight Injury
13:45:00,Sunday,31-50,Male,Junior high school,Employee,2-5yr,Lorry (11?40Q),Owner,5-10yrs,No defect, Church areas,Undivided Two way,Tangent road with flat terrain,Y Shape,Asphalt roads,Wet or damp,Daylight,Raining,Vehicle with vehicle collision,1,1,Other,na,na,na,na,Driver,Normal,Not a Pedestrian,No distancing,Slight Injury
19:00:00,Saturday,Over 51,Male,Elementary school,Employee,Below 1yr,Public (13?45 seats),Governmental,,No defect,Residential areas,Two-way (divided with broken lines road marking),Tangent road with flat terrain,Y Shape,Asphalt roads,Dry,Daylight,Normal,Vehicle with vehicle collision,2,3,Going straight,Passenger,Female,Over 51,3,Driver,Normal,Not a Pedestrian,Moving Backward,Fatal injury
17:10:00,Monday,18-30,Unknown,Junior high school,Employee,1-2yr,Lorry (41?100Q),Owner,1-2yr,No defect,Office areas,Double carriageway (median),Tangent road with flat terrain,Crossing,Asphalt roads,Dry,Daylight,Normal,Collision with roadside objects,2,1,Going straight,Pedestrian,Male,Under 18,3,,,Unknown or other,Changing lane to the right,Slight Injury
12:45:00,Saturday,31-50,Male,Elementary school,Employee,5-10yr,Automobile,Owner,,,Office areas,Two-way (divided with broken lines road marking),Tangent road with flat terrain,Y Shape,Asphalt roads,Dry,Daylight,Normal,Vehicle with vehicle collision,2,1,Moving Backward,Driver or rider,Male,18-30,3,Self-employed,Normal,Not a Pedestrian,Moving Backward,Slight Injury
16:20:00,Wednesday,Over 51,Male,Junior high school,Employee,5-10yr,Lorry (41?100Q),,,,Other,Undivided Two way,Tangent road with flat terrain,Unknown,Asphalt roads,Dry,Daylight,Normal,Collision with pedestrians,1,1,Going straight,Driver or rider,Female,31-50,3,Driver,Normal,Not a Pedestrian,No priority to pedestrian,Serious Injury
22:43:00,Monday,Under 18,Male,High school,Employee,Below 1yr,Automobile,Owner,Below 1yr,No defect,Other,Undivided Two way,Tangent road with flat terrain,Y Shape,Asphalt roads,Wet or damp,Darkness - lights lit,Normal,Vehicle with vehicle collision,2,5,Going straight,Driver or rider,Male,31-50,3,,Normal,Not a Pedestrian,Overtaking,Slight Injury
05:52:00,Wednesday,31-50,Male,Junior high school,Employee,Above 10yr,Pick up upto 10Q,Owner,Above 10yr,No defect,Residential areas,,Tangent road with flat terrain,No junction,Asphalt roads,Dry,Daylight,Normal,Collision with pedestrians,1,1,Moving Backward,Pedestrian,Female,Over 51,3,Self-employed,Normal,Crossing from nearside - masked by parked or statioNot a Pedestrianry vehicle,Moving Backward,Fatal injury
17:22:00,Sunday,Over 51,Male,Junior high school,Employee,1-2yr,Automobile,Owner,5-10yrs,,Office areas,,Tangent road with flat terrain,No junction,Asphalt roads,Wet or damp,Darkness - lights lit,Raining,Vehicle with vehicle collision,2,3,Going straight,na,na,na,na,Driver,Normal,Not a Pedestrian,No distancing,Serious Injury
12:11:00,Wednesday,18-30,Male,Writing & reading,Employee,2-5yr,Automobile,Owner,Unknown,No defect,Residential areas,Undivided Two way,Tangent road with flat terrain,Y Shape,Asphalt roads,Dry,Daylight,Normal,Collision with pedestrians,3,2,Going straight,na,na,na,na,Driver,Normal,Not a Pedestrian,Driving carelessly,Fatal injury
20:00:00,Friday,31-50,Male,Junior high school,Employee,Above 10yr,Automobile,Owner,,,,other,Tangent road with flat terrain,Y Shape,Asphalt roads,Dry,Daylight,Normal,Vehicle with vehicle collision,2,1,Going straight,na,na,na,na,,Normal,Not a Pedestrian,Changing lane to the left,Slight Injury
1:39:00,Sunday,Unknown,Male,Above high school,Other,2-5yr,Stationwagen,Owner,Unknown,No defect,Office areas,One way,Tangent road with flat terrain,Y Shape,Asphalt roads,Dry,Darkness - lights lit,Normal,Vehicle with vehicle collision,2,1,Going straight,Driver or rider,Male,18-30,3,Self-employed,Normal,Not a Pedestrian,Changing lane to the left,Slight Injury
18:00:00,Saturday,Over 51,Male,High school,Employee,Above 10yr,Automobile,Organization,2-5yrs,,Residential areas,Undivided Two way,Tangent road with flat terrain,Y Shape,Asphalt roads,Dry,Daylight,Normal,Vehicle with vehicle collision,1,4,Getting off,Driver or rider,Male,18-30,3,Driver,Normal,Not a Pedestrian,No priority to vehicle,Fatal injury