Time,Day_of_week,Age_band_of_driver,Sex_of_driver,Educational_level,Vehicle_driver_relation,Driving_experience,Type_of_vehicle,Owner_of_vehicle,Service_year_of_vehicle,Defect_of_vehicle,Area_accident_occured,Lanes_or_Medians,Road_allignment,Types_of_Junction,Road_surface_type,Road_surface_conditions,Light_conditions,Weather_conditions,Type_of_collision,Number_of_vehicles_involved,Number_of_casualties,Vehicle_movement,Casualty_class,Sex_of_casualty,Age_band_of_casualty,Casualty_severity,Work_of_casuality,Fitness_of_casuality,Pedestrian_movement,Cause_of_accident,Accident_severity
22:35:00,Monday,18-30,Male,High school,Owner,,Other,Owner,,No defect, Outside rural areas,Undivided Two way,Tangent road with flat terrain,No junction,Asphalt roads,Wet or damp,Darkness - lights lit,Raining,Collision with pedestrians,2,1,Moving Backward,Driver or rider,Male,18-30,3,Driver,Normal,Not a Pedestrian,Moving Backward,Serious Injury
10:35:00,Monday,31-50,Male,Junior high school,Employee,1-2yr,Public (12 seats),Owner,Unknown,No defect,Other,Undivided Two way,Tangent road with flat terrain,No junction,Asphalt roads,Dry,Daylight,Normal,Vehicle with vehicle collision,2,2,,na,na,na,na,,,Not a Pedestrian,No priority to pedestrian,Fatal injury
19:00:00,Wednesday,18-30,Male,Junior high school,Employee,Above 10yr,Public (13?45 seats),Owner,,,Office areas,,Tangent road with mild grade and flat terrain,Crossing,Asphalt roads,Dry,Daylight,Normal,Vehicle with vehicle collision,2,1,Going straight,na,na,na,na,Driver,Normal,Not a Pedestrian,Driving carelessly,Slight Injury
13:56:00,Thursday,18-30,Male,Junior high school,Employee,Above 10yr,Lorry (41?100Q),Owner,Unknown,No defect,Residential areas,Undivided Two way,Tangent road with flat terrain,No junction,Asphalt roads,Dry,Daylight,Normal,Vehicle with vehicle collision,3,1,Going straight,Driver or rider,Male,5,3,,,Not a Pedestrian,No distancing,Slight Injury
17:30:00,Sunday,31-50,Male,Junior high school,Owner,2-5yr,Automobile,Owner,,,Other,Two-way (divided with broken lines road marking),Tangent road with flat terrain,Y Shape,Asphalt roads,Wet or damp,Daylight,Normal,Vehicle with vehicle collision,2,2,Going straight,Passenger,Female,18-30,3,Driver,,Not a Pedestrian,No priority to vehicle,Slight Injury
1:00:00,Saturday,Unknown,Female,Junior high school,Employee,5-10yr,Lorry (41?100Q),Owner,,No defect, Church areas,Two-way (divided with broken lines road marking),Tangent road with flat terrain,No junction,Asphalt roads,Dry,Darkness - lights lit,Normal,Vehicle with vehicle collision,1,1,,na,na,na,na,Driver,Normal,Not a Pedestrian,No priority to vehicle,Slight Injury
21:39:00,Sunday,Under 18,Male,Junior high school,Employee,1-2yr,Public (12 seats),Owner,Below 1yr,No defect,Office areas,Two-way (divided with broken lines road marking),Tangent road with flat terrain,Crossing,Asphalt roads,Dry,Darkness - lights lit,Normal,Collision with roadside objects,2,2,Other,Driver or rider,Male,18-30,3,Driver,Normal,Not a Pedestrian,Changing lane to the right,Slight Injury
15:30:00,Thursday,31-50,Male,Elementary school,Employee,5-10yr,,Owner,,No defect,Office areas,Double carriageway (median),Tangent road with flat terrain,Crossing,Asphalt roads,Dry,Daylight,Normal,Vehicle with vehicle collision,2,1,Going straight,Passenger,Female,18-30,2,Driver,Normal,Not a Pedestrian,No priority to vehicle,Slight Injury
17:00:00,Saturday,Over 51,Male,High school,Employee,Above 10yr,Automobile,Organization,2-5yrs,,Residential areas,Undivided Two way,Tangent road with flat terrain,Y Shape,Asphalt roads,Dry,Daylight,Normal,Vehicle with vehicle collision,2,2,Getting off,Driver or rider,Male,18-30,3,Driver,Normal,Not a Pedestrian,No priority to vehicle,Fatal injury
19:35:00,Saturday,31-50,Male,,,,Automobile,Owner,2-5yrs,,Other,Undivided Two way,Tangent road with flat terrain,Y Shape,Asphalt roads,Wet or damp,Daylight,Raining,Vehicle with vehicle collision,2,5,Other,na,na,na,na,Driver,Normal,Not a Pedestrian,No distancing,Fatal injury
11:52:00,Monday,31-50,Male,Elementary school,Employee,5-10yr,Other,Owner,Unknown,No defect,School areas,Two-way (divided with broken lines road marking),Tangent road with flat terrain,Y Shape,Asphalt roads,Dry,Daylight,Normal,Vehicle with vehicle collision,2,1,Going straight,na,na,na,na,Driver,Normal,Not a Pedestrian,Changing lane to the right,Slight Injury
17:10:00,Thursday,18-30,Male,Junior high school,Employee,1-2yr,Stationwagen,Owner,2-5yrs,,Other,Undivided Two way,Tangent road with flat terrain,No junction,Asphalt roads,Dry,Daylight,Normal,Vehicle with vehicle collision,2,1,Going straight,Driver or rider,Female,Over 51,2,,,Not a Pedestrian,Other,Fatal injury
12:39:00,Tuesday,18-30,Unknown,Junior high school,Employee,Above 10yr,Automobile,Governmental,Above 10yr,No defect,Other,Two-way (divided with broken lines road marking),Tangent road with flat terrain,Unknown,Asphalt roads,Wet or damp,Daylight,Raining,Vehicle with vehicle collision,2,1,Going straight,na,na,na,na,Employee,Normal,Not a Pedestrian,Changing lane to the right,Slight Injury
13:30:00,Sunday,Under 18,Male,Elementary school,Other,5-10yr,Lorry (41?100Q),Owner,2-5yrs,No defect,Residential areas,Undivided Two way,Steep grade downward with mountainous terrain,Y Shape,Asphalt roads,Dry,Daylight,Normal,Vehicle with vehicle collision,1,1,Going straight,Driver or rider,Male,31-50,3,Driver,Normal,Not a Pedestrian,Driving carelessly,Fatal injury
7:49:00,Wednesday,31-50,Male,Junior high school,Employee,Above 10yr,Automobile,Owner,1-2yr,,Office areas,Two-way (divided with broken lines road marking),Tangent road with mild grade and flat terrain,T Shape,Asphalt roads,Dry,Daylight,Normal,Vehicle with vehicle collision,3,2,Going straight,na,na,na,na,Driver,Normal,Not a Pedestrian,Changing lane to the right,Serious Injury
7:40:00,Friday,18-30,Male,Junior high school,Employee,5-10yr,Automobile,Owner,Unknown,,Office areas,One way,Tangent road with flat terrain,Y Shape,Asphalt roads,Dry,Daylight,Normal,Vehicle with vehicle collision,2,1,Going straight,Driver or rider,Male,31-50,3,Driver,Normal,Not a Pedestrian,No priority to vehicle,Slight Injury
21:06:00,Friday,18-30,Male,Junior high school,Employee,2-5yr,Lorry (41?100Q),Owner,2-5yrs,,Residential areas,Two-way (divided with broken lines road marking),Tangent road with flat terrain,Y Shape,Asphalt roads,Dry,Darkness - lights lit,Normal,Vehicle with vehicle collision,2,1,Going straight,Driver or rider,Male,31-50,3,,,Not a Pedestrian,Changing lane to the left,Slight Injury
9:25:00,Tuesday,Unknown,Male,Elementary school,Owner,,Stationwagen,Governmental,,No defect,Office areas,Two-way (divided with broken lines road marking),Escarpments,,Asphalt roads,Wet or damp,Darkness - lights lit,Raining,Vehicle with vehicle collision,1,4,Going straight,Pedestrian,Male,31-50,2,Other,Normal,Crossing from nearside - masked by parked or statioNot a Pedestrianry vehicle,Driving carelessly,Slight Injury
18:10:00,Thursday,31-50,Male,High school,Owner,2-5yr,Lorry (41?100Q),Owner,1-2yr,No defect,School areas,Two-way (divided with broken lines road marking),Tangent road with flat terrain,Y Shape,Asphalt roads,Dry,Darkness - lights lit,Normal,Vehicle with vehicle collision,2,2,Other,Pedestrian,Male,Over 51,3,Driver,Normal,Crossing from nearside - masked by parked or statioNot a Pedestrianry vehicle,Overtaking,Fatal injury
20:39:00,Thursday,18-30,Male,Junior high school,Owner,5-10yr,Pick up upto 10Q,Owner,5-10yrs,No defect,Other,One way,Tangent road with flat terrain,Y Shape,Asphalt roads,Wet or damp,Darkness - lights lit,Normal,Vehicle with vehicle collision,2,2,Going straight,Passenger,Female,18-30,3,Self-employed,Normal,Not a Pedestrian,No distancing,Fatal injury
18:55:00,Monday,Unknown,Male,Junior high school,Employee,Below 1yr,Public (13?45 seats),Owner,,,Office areas,Two-way (divided with broken lines road marking),Tangent road with flat terrain,No junction,Asphalt roads,Dry,Darkness - lights lit,Normal,Collision with roadside objects,2,1,Going straight,na,na,na,na,Driver,Normal,Not a Pedestrian,No priority to vehicle,Slight Injury
17:43:00,Monday,31-50,Male,,,,Public (12 seats),Owner,,,Office areas,Double carriageway (median),Tangent road with flat terrain,Crossing,Asphalt roads,Dry,Daylight,Normal,Vehicle with vehicle collision,2,1,Moving Backward,na,na,na,na,,,Not a Pedestrian,No priority to vehicle,Slight Injury
20:00:00,Thursday,31-50,Male,High school,Owner,2-5yr,Other,Owner,,,Other,Two-way (divided with broken lines road marking),Tangent road with flat terrain,Y Shape,Asphalt roads,Dry,Darkness - lights lit,Normal,Vehicle with vehicle collision,2,2,Going straight,Driver or rider,Male,Under 18,3,Driver,Normal,Not a Pedestrian,Changing lane to the right,Slight Injury
15:40:00,Tuesday,31-50,Male,Junior high school,Employee,5-10yr,Pick up upto 10Q,Owner,Unknown,,Office areas,Undivided Two way,Tangent road with flat terrain,Y Shape,Asphalt roads,Dry,Daylight,Normal,Rollover,1,1,Reversing,Driver or rider,Male,18-30,3,,,Not a Pedestrian,Turnover,Fatal injury
07:52:00,Wednesday,31-50,Male,Junior high school,Employee,Above 10yr,Pick up upto 10Q,Owner,Above 10yr,No defect,Residential areas,,Tangent road with flat terrain,No junction,Asphalt roads,Dry,Daylight,Normal,Collision with pedestrians,2,1,Moving Backward,Pedestrian,Female,Over 51,3,Self-employed,Normal,Crossing from nearside - masked by parked or statioNot a Pedestrianry vehicle,Moving Backward,Fatal injury
11:05:00,Thursday,18-30,Male,Elementary school,Employee,2-5yr,Automobile,Owner,5-10yrs,,Residential areas,Undivided Two way,Tangent road with flat terrain,Y Shape,Asphalt roads,Wet or damp,Daylight,Normal,Vehicle with vehicle collision,2,1,Moving Backward,na,na,na,na,Driver,Normal,Not a Pedestrian,No distancing,Serious Injury
21:15:00,Sunday,18-30,Male,Junior high school,Employee,2-5yr,Automobile,Owner,Above 10yr,No defect,Residential areas,other,Tangent road with flat terrain,No junction,Asphalt roads,Dry,Darkness - lights lit,Normal,Vehicle with vehicle collision,2,4,Turnover,na,na,na,na,Self-employed,Normal,Not a Pedestrian,Changing lane to the left,Fatal injury
0:45:00,Thursday,Over 51,Male,Junior high school,Employee,2-5yr,Lorry (41?100Q),Owner,Above 10yr,,Office areas,Undivided Two way,Tangent road with flat terrain,No junction,Asphalt roads,Wet or damp,Darkness - no lighting,Other,Vehicle with vehicle collision,2,1,Other,Passenger,Male,31-50,3,Other,Normal,Not a Pedestrian,Changing lane to the right,Slight Injury
20:36:00,Thursday,18-30,Male,Junior high school,Employee,Above 10yr,Motorcycle,Owner,Unknown,No defect,Office areas,Undivided Two way,Tangent road with flat terrain,No junction,Asphalt roads,Dry,Darkness - lights lit,Normal,Collision with pedestrians,1,1,Entering a junction,Driver or rider,Male,18-30,2,,Normal,Not a Pedestrian,Driving under the influence of drugs,Fatal injury
17:20:00,Tuesday,31-50,Male,Elementary school,Owner,5-10yr,Automobile,Owner,5-10yrs,No defect,Other,Undivided Two way,Tangent road with flat terrain,Y Shape,Asphalt roads,Wet or damp,Daylight,Normal,Vehicle with vehicle collision,2,1,Going straight,na,na,na,na,Self-employed,Normal,Not a Pedestrian,No distancing,Slight Injury
16:30:00,Monday,31-50,Male,Above high school,Other,2-5yr,Motorcycle,Owner,Unknown,No defect, Industrial areas,Two-way (divided with broken lines road marking),Tangent road with flat terrain,Crossing,Asphalt roads,Dry,Darkness - lights lit,Normal,Vehicle with vehicle collision,2,1,Going straight,Pedestrian,Female,Over 51,3,,,Crossing from nearside - masked by parked or statioNot a Pedestrianry vehicle,No priority to pedestrian,Slight Injury
8:00:00,Wednesday,Unknown,Female,Junior high school,Employee,Above 10yr,Public (12 seats),,,,,Two-way (divided with broken lines road marking),Tangent road with flat terrain,No junction,Earth roads,Wet or damp,Daylight,Other,Collision with roadside objects,2,1,Reversing,Driver or rider,Male,18-30,3,Driver,Normal,Not a Pedestrian,Moving Backward,Slight Injury
17:01:00,Wednesday,18-30,Male,Junior high school,Owner,1-2yr,Public (12 seats),Owner,Above 10yr,No defect,Other,other,Tangent road with flat terrain,Y Shape,Asphalt roads,Wet or damp,Darkness - no lighting,Normal,Vehicle with vehicle collision,3,1,Going straight,na,na,na,na,Driver,Normal,Not a Pedestrian,No distancing,Slight Injury
08:10:00,Monday,Over 51,Male,Junior high school,Employee,Above 10yr,Lorry (41?100Q),Owner,Unknown,No defect,Office areas,Two-way (divided with broken lines road marking),Tangent road with flat terrain,Y Shape,Asphalt roads,Wet or damp,Daylight,Normal,Collision with pedestrians,1,1,Unknown,Driver or rider,Male,31-50,3,Driver,Normal,Not a Pedestrian,Other,Fatal injury
18:10:00,Thursday,Unknown,Male,,,,Automobile,Governmental,1-2yr,No defect,Other,Undivided Two way,Tangent road with flat terrain,Y Shape,Earth roads,Wet or damp,Darkness - no lighting,Raining,Vehicle with vehicle collision,1,1,Going straight,na,na,na,na,Driver,Normal,Not a Pedestrian,Driving carelessly,Slight Injury
23:26:00,Monday,18-30,Male,Junior high school,,1-2yr,Other,Owner,2-5yrs,No defect,Residential areas,Two-way (divided with broken lines road marking),Tangent road with flat terrain,Y Shape,Asphalt roads,Dry,Darkness - lights lit,Normal,Vehicle with vehicle collision,1,1,Going straight,Driver or rider,Male,31-50,3,Driver,Normal,Not a Pedestrian,No priority to vehicle,Fatal injury
10:16:00,Sunday,18-30,Male,,Owner,,Public (> 45 seats),Owner,Unknown,,Office areas,Undivided Two way,Tangent road with flat terrain,No junction,Asphalt roads,Dry,Daylight,Normal,Vehicle with vehicle collision,2,6,Moving Backward,Driver or rider,Male,18-30,3,,Normal,Not a Pedestrian,No priority to vehicle,Fatal injury
17:30:00,Tuesday,Over 51,Male,Junior high school,Employee,2-5yr,Taxi,Owner,,No defect,Office areas,Undivided Two way,Tangent road with flat terrain,Y Shape,Asphalt roads,Dry,Daylight,Normal,Vehicle with vehicle collision,2,2,Going straight,Passenger,Female,Over 51,3,Driver,Normal,Not a Pedestrian,Driving carelessly,Slight Injury
10:15:00,Saturday,Under 18,Male,Elementary school,Employee,1-2yr,Pick up upto 10Q,Owner,,No defect,Other,Undivided Two way,Tangent road with flat terrain,No junction,Asphalt roads,Dry,Daylight,Normal,Vehicle with vehicle collision,1,1,Going straight,Driver or rider,Male,31-50,3,Driver,Normal,Not a Pedestrian,Driving to the left,Fatal injury
16:10:00,Thursday,18-30,Male,Junior high school,Employee,5-10yr,Lorry (11?40Q),Owner,2-5yrs,,Other,Undivided Two way,Tangent road with mountainous terrain and,No junction,Asphalt roads,Dry,Daylight,Normal,Vehicle with vehicle collision,2,1,Moving Backward,na,na,na,na,Self-employed,Normal,Not a Pedestrian,Improper parking,Fatal injury
11:11:00,Wednesday,18-30,Male,Writing & reading,Employee,2-5yr,Automobile,Owner,Unknown,No defect,Residential areas,Undivided Two way,Tangent road with flat terrain,Y Shape,Asphalt roads,Dry,Daylight,Normal,Collision with pedestrians,2,3,Going straight,na,na,na,na,Driver,Normal,Not a Pedestrian,Driving carelessly,Fatal injury
17:10:00,Thursday,18-30,Male,Junior high school,Employee,1-2yr,Stationwagen,Owner,2-5yrs,,Other,Undivided Two way,Tangent road with flat terrain,No junction,Asphalt roads,Dry,Daylight,Normal,Vehicle with vehicle collision,1,1,Going straight,Driver or rider,Female,Over 51,2,,,Not a Pedestrian,Other,Fatal injury
13:00:00,Sunday,31-50,Male,Above high school,Employee,5-10yr,Lorry (41?100Q),Owner,1-2yr,No defect,Office areas,Undivided Two way,Escarpments,Other,Asphalt roads,Dry,Daylight,Normal,Vehicle with vehicle collision,2,1,Turnover,Driver or rider,Male,Over 51,3,Driver,Normal,Not a Pedestrian,Changing lane to the left,Slight Injury
17:25:00,Friday,31-50,Male,High school,Employee,2-5yr,Automobile,Owner,,No defect,Other,Undivided Two way,Tangent road with flat terrain,No junction,Asphalt roads,Dry,Daylight,Normal,Collision with roadside objects,2,1,Going straight,na,na,na,na,Driver,Normal,Not a Pedestrian,No distancing,Slight Injury
22:48:00,Monday,31-50,Male,Junior high school,Employee,Above 10yr,Public (13?45 seats),Owner,Unknown,,Other,Two-way (divided with broken lines road marking),Tangent road with flat terrain,Y Shape,Asphalt roads,Wet or damp,Darkness - lights lit,Raining,Vehicle with vehicle collision,2,1,Moving Backward,Driver or rider,Male,18-30,3,,,Not a Pedestrian,Driving carelessly,Fatal injury
19:30:00,Saturday,18-30,Male,Elementary school,Employee,,Bicycle,Owner,,No defect,  Recreational areas,Undivided Two way,Tangent road with flat terrain,No junction,Asphalt roads,Dry,Daylight,Normal,Vehicle with vehicle collision,3,1,Other,Pedestrian,Female,Over 51,3,Driver,,Not a Pedestrian,No distancing,Slight Injury
7:30:00,Monday,18-30,Male,Elementary school,Employee,Below 1yr,Motorcycle,Owner,,No defect,Office areas,Two-way (divided with broken lines road marking),Tangent road with flat terrain,Crossing,Asphalt roads,Dry,Daylight,Normal,Collision with roadside objects,1,1,Going straight,Driver or rider,Male,31-50,3,Driver,Normal,Not a Pedestrian,Overtaking,Slight Injury
13:59:00,Tuesday,18-30,Unknown,Junior high school,Employee,No Licence,Other,Owner,Unknown,No defect, Church areas,Undivided Two way,Tangent road with flat terrain,No junction,Asphalt roads,Dry,Daylight,Normal,Vehicle with vehicle collision,1,1,Reversing,Driver or rider,Male,Over 51,3,Driver,Normal,Not a Pedestrian,Driving at high speed,Slight Injury
15:14:00,Tuesday,18-30,Male,Junior high school,Employee,5-10yr,Pick up upto 10Q,Owner,1-2yr,No defect,Rural village areas,Undivided Two way,Gentle horizontal curve,Y Shape,Asphalt roads,Dry,Daylight,Normal,Collision with roadside objects,3,1,Turnover,Driver or rider,Male,31-50,3,,,Not a Pedestrian,Changing lane to the left,Slight Injury
02:32:00,Saturday,Under 18,Male,Junior high school,Employee,5-10yr,Public (13?45 seats),Owner,2-5yrs,No defect, Outside rural areas,Two-way (divided with broken lines road marking),Tangent road with mountainous terrain and,No junction,Asphalt roads,Dry,Darkness - lights lit,Normal,Vehicle with vehicle collision,1,3,Moving Backward,na,na,na,na,Self-employed,Normal,Not a Pedestrian,Moving Backward,Fatal injury
22:15:00,Sunday,18-30,Male,Junior high school,Employee,2-5yr,Automobile,Owner,Above 10yr,No defect,Residential areas,other,Tangent road with flat terrain,No junction,Asphalt roads,Dry,Darkness - lights lit,Normal,Vehicle with vehicle collision,1,3,Turnover,na,na,na,na,Self-employed,Normal,Not a Pedestrian,Changing lane to the left,Fatal injury
18:30:00,Sunday,31-50,Male,Junior high school,Employee,5-10yr,Other,Owner,5-10yrs,, Church areas,One way,Tangent road with flat terrain,No junction,Asphalt roads,Wet or damp,Darkness - lights lit,Normal,Vehicle with vehicle collision,2,5,Going straight,Driver or rider,Male,Over 51,3,Self-employed,Normal,Not a Pedestrian,No distancing,Slight Injury
1:15:00,Saturday,Unknown,Female,Junior high school,Employee,Above 10yr,Automobile,Owner,Unknown,No defect,  Market areas,Undivided Two way,Tangent road with flat terrain,Crossing,Asphalt roads,Dry,Darkness - lights lit,Normal,Collision with roadside objects,2,3,Turnover,na,na,na,na,,,Not a Pedestrian,No distancing,Slight Injury
9:40:00,Friday,31-50,Male,Junior high school,Employee,5-10yr,Lorry (41?100Q),Owner,2-5yrs,,Residential areas,One way,Tangent road with flat terrain,Crossing,Asphalt roads,Dry,Daylight,Normal,Collision with roadside objects,2,1,,na,na,na,na,Self-employed,Normal,Not a Pedestrian,Moving Backward,Slight Injury
12:56:00,Wednesday,31-50,Male,Junior high school,Owner,2-5yr,Lorry (41?100Q),Owner,,No defect,Other,Two-way (divided with broken lines road marking),Tangent road with flat terrain,Y Shape,Asphalt roads,Dry,Daylight,Normal,Vehicle with vehicle collision,2,1,Moving Backward,Driver or rider,Male,Under 18,3,Self-employed,Normal,Not a Pedestrian,Driving carelessly,Slight Injury
7:25:00,Friday,31-50,Male,Elementary school,Owner,Above 10yr,Other,Owner,1-2yr,No defect,Other,Undivided Two way,Tangent road with flat terrain,,Asphalt roads,Wet or damp,Daylight,Raining,Vehicle with vehicle collision,2,1,Going straight,Pedestrian,Male,18-30,3,Driver,Normal,Unknown or other,Driving under the influence of drugs,Slight Injury
18:39:00,Friday,Under 18,Male,Junior high school,Employee,Above 10yr,Automobile,Owner,Unknown,,Office areas,Double carriageway (median),Tangent road with flat terrain,No junction,Asphalt roads,Wet or damp,Darkness - lights lit,Raining,Vehicle with vehicle collision,2,1,Going straight,na,na,na,na,,,Not a Pedestrian,Changing lane to the left,Slight Injury
15:15:00,Sunday,18-30,Male,Junior high school,Employee,2-5yr,Public (> 45 seats),Owner,,No defect, Church areas,Two-way (divided with broken lines road marking),Tangent road with flat terrain,No junction,Asphalt roads,Wet or damp,Daylight,Windy,Vehicle with vehicle collision,2,3,Other,Driver or rider,Male,Over 51,3,Driver,Normal,Not a Pedestrian,Driving carelessly,Serious Injury
16:30:00,Tuesday,31-50,Male,Junior high school,Employee,Above 10yr,Lorry (41?100Q),Owner,Unknown,No defect, Industrial areas,Undivided Two way,Tangent road with mild grade and flat terrain,Y Shape,Asphalt roads,Dry,Darkness - lights lit,Normal,Rollover,1,1,Going straight,Driver or rider,Male,31-50,3,,Other,Not a Pedestrian,Driving carelessly,Fatal injury
17:55:00,Tuesday,18-30,Male,Junior high school,Employee,2-5yr,Stationwagen,Owner,Unknown,No defect,Office areas,,Tangent road with flat terrain,No junction,Asphalt roads,Dry,Darkness - lights lit,Normal,Vehicle with vehicle collision,1,2,Going straight,Pedestrian,Female,Over 51,3,Driver,Normal,Unknown or other,Moving Backward,Fatal injury
13:05:00,Friday,31-50,Male,Writing & reading,Employee,Below 1yr,Public (13?45 seats),Owner,2-5yrs,No defect,Other,other,Tangent road with flat terrain,,Asphalt roads,Dry,Daylight,Normal,Vehicle with vehicle collision,3,2,Going straight,na,na,na,na,,Normal,Not a Pedestrian,Driving carelessly,Slight Injury
19:31:00,Wednesday,18-30,Male,Junior high school,Employee,2-5yr,Lorry (41?100Q),Owner,5-10yrs,No defect,Other,Undivided Two way,Tangent road with flat terrain,Crossing,Asphalt roads,Wet or damp,Darkness - no lighting,Raining,Vehicle with vehicle collision,2,1,Going straight,Driver or rider,Male,Under 18,3,Self-employed,Normal,Not a Pedestrian,Moving Backward,Slight Injury
17:36:00,Thursday,31-50,Male,High school,Employee,Below 1yr,Automobile,,,,,Two-way (divided with broken lines road marking),Tangent road with flat terrain,Y Shape,Asphalt roads,Dry,Daylight,Normal,Vehicle with vehicle collision,2,2,Going straight,Driver or rider,Female,18-30,3,Driver,Normal,Not a Pedestrian,No distancing,Fatal injury
22:15:00,Sunday,18-30,Male,Junior high school,Employee,2-5yr,Automobile,Owner,Above 10yr,No defect,Residential areas,other,Tangent road with flat terrain,No junction,Asphalt roads,Dry,Darkness - lights lit,Normal,Vehicle with vehicle collision,2,5,Turnover,na,na,na,na,Self-employed,Normal,Not a Pedestrian,Changing lane to the left,Fatal injury
20:39:00,Thursday,Unknown,Female,Above high school,Owner,1-2yr,Lorry (41?100Q),Owner,5-10yrs,No defect,Other,Undivided Two way,Tangent road with flat terrain,Y Shape,Asphalt roads,Wet or damp,Darkness - lights lit,Normal,Collision with roadside objects,2,1,Going straight,Pedestrian,Male,5,3,Self-employed,Normal,Not a Pedestrian,Moving Backward,Fatal injury
15:30:00,Thursday,Unknown,Female,,,,Automobile,Organization,1-2yr,No defect,Office areas,other,Tangent road with flat terrain,No junction,Asphalt roads,Wet or damp,Daylight,Other,Vehicle with vehicle collision,2,1,Other,Pedestrian,Female,18-30,2,Driver,Normal,Unknown or other,No priority to vehicle,Slight Injury
7:55:00,Thursday,31-50,Male,Elementary school,Employee,5-10yr,Public (> 45 seats),Governmental,Above 10yr,No defect,Residential areas,other,Tangent road with flat terrain,No junction,Asphalt roads,Dry,Daylight,Normal,Vehicle with vehicle collision,2,1,Going straight,Driver or rider,Female,18-30,3,Other,Normal,Not a Pedestrian,Other,Slight Injury
15:45:00,Wednesday,Unknown,Male,,Owner,,Lorry (41?100Q),Owner,2-5yrs,,Residential areas,Undivided Two way,Tangent road with flat terrain,No junction,Asphalt roads,Dry,Daylight,Normal,Vehicle with vehicle collision,1,1,Other,Driver or rider,Male,Under 18,3,Self-employed,Normal,Not a Pedestrian,Moving Backward,Slight Injury
12:44:00,Wednesday,31-50,Male,High school,Employee,Below 1yr,Pick up upto 10Q,Owner,5-10yrs,No defect,Other,One way,Tangent road with flat terrain,Y Shape,Asphalt roads,Dry,Daylight,Normal,Collision with pedestrians,2,1,Going straight,Driver or rider,Female,31-50,3,Self-employed,Normal,Not a Pedestrian,Changing lane to the left,Serious Injury
04:32:00,Saturday,Under 18,Male,Junior high school,Owner,Below 1yr,Taxi,Owner,2-5yrs,No defect,Residential areas,Two-way (divided with broken lines road marking),Gentle horizontal curve,No junction,Asphalt roads,Dry,Darkness - lights lit,Normal,Collision with roadside objects,3,3,Going straight,na,na,na,na,,,Not a Pedestrian,Overturning,Fatal injury
19:32:00,Wednesday,18-30,Male,Elementary school,Employee,Below 1yr,Long lorry,Owner,Unknown,No defect,Office areas,Two-way (divided with broken lines road marking),Tangent road with flat terrain,No junction,Asphalt roads,Wet or damp,Darkness - lights lit,Normal,Rollover,3,1,Going straight,Driver or rider,Male,31-50,3,,,Not a Pedestrian,No distancing,Slight Injury
22:30:00,Saturday,31-50,Male,Junior high school,Employee,2-5yr,Automobile,Governmental,Unknown,No defect,School areas,Double carriageway (median),Tangent road with flat terrain,No junction,Asphalt roads,Dry,Darkness - lights lit,Normal,Vehicle with vehicle collision,3,1,Going straight,Driver or rider,Female,18-30,3,,,Not a Pedestrian,Driving carelessly,Slight Injury
21:20:00,Friday,Unknown,Female,Junior high school,Employee,Below 1yr,Automobile,Owner,,,Office areas,Two-way (divided with broken lines road marking),Tangent road with mild grade and flat terrain,Y Shape,Asphalt roads,Wet or damp,Daylight,Raining,Vehicle with vehicle collision,2,1,Going straight,na,na,na,na,Driver,Normal,Not a Pedestrian,Changing lane to the left,Slight Injury
11:15:00,Tuesday,Over 51,Male,,Employee,unknown,Public (12 seats),Owner,5-10yrs,,Office areas,Two-way (divided with broken lines road marking),Tangent road with flat terrain,Y Shape,Asphalt roads,Wet or damp,Daylight,Normal,Collision with pedestrians,2,3,Going straight,Driver or rider,Male,18-30,3,Driver,Normal,Not a Pedestrian,Driving carelessly,Fatal injury
8:20:00,Wednesday,18-30,Male,Junior high school,Owner,Above 10yr,Public (13?45 seats),,,,Other,Undivided Two way,Tangent road with flat terrain,Crossing,Asphalt roads,Dry,Daylight,Normal,Vehicle with vehicle collision,2,1,Going straight,na,na,na,na,Other,Normal,Not a Pedestrian,No priority to vehicle,Slight Injury
12:16:00,Sunday,18-30,Male,Junior high school,Owner,5-10yr,Public (12 seats),Owner,Unknown,,Residential areas,Undivided Two way,Tangent road with flat terrain,No junction,Asphalt roads,Dry,Daylight,Normal,Collision with roadside objects,2,5,Going straight,na,na,na,na,,Normal,Not a Pedestrian,No priority to vehicle,Fatal injury
19:40:00,Friday,31-50,Male,Junior high school,Employee,2-5yr,Automobile,Owner,Unknown,No defect,Other,Undivided Two way,Tangent road with flat terrain,Crossing,Asphalt roads,Dry,Daylight,Normal,Vehicle with vehicle collision,2,1,Going straight,Pedestrian,Female,31-50,2,Self-employed,Normal,Not a Pedestrian,Changing lane to the left,Slight Injury
22:40:00,Tuesday,Unknown,Male,Junior high school,Employee,1-2yr,Automobile,Owner,,No defect,Other,One way,Tangent road with flat terrain,No junction,Asphalt roads,Dry,Darkness - lights lit,Normal,Vehicle with vehicle collision,7,1,,Passenger,Male,18-30,3,Self-employed,Normal,Not a Pedestrian,Changing lane to the right,Slight Injury