Time,Day_of_week,Age_band_of_driver,Sex_of_driver,Educational_level,Vehicle_driver_relation,Driving_experience,Type_of_vehicle,Owner_of_vehicle,Service_year_of_vehicle,Defect_of_vehicle,Area_accident_occured,Lanes_or_Medians,Road_allignment,Types_of_Junction,Road_surface_type,Road_surface_conditions,Light_conditions,Weather_conditions,Type_of_collision,Number_of_vehicles_involved,Number_of_casualties,Vehicle_movement,Casualty_class,Sex_of_casualty,Age_band_of_casualty,Casualty_severity,Work_of_casuality,Fitness_of_casuality,Pedestrian_movement,Cause_of_accident,Accident_severity
10:35:00,Monday,31-50,Male,Junior high school,Employee,2-5yr,Automobile,Owner,Unknown,,Residential areas,Two-way (divided with broken lines road marking),Tangent road with flat terrain,No junction,Asphalt roads,Dry,Daylight,Normal,Vehicle with vehicle collision,3,1,Going straight,Passenger,Female,Over 51,3,Driver,Normal,Not a Pedestrian,Moving Backward,Fatal injury
21:15:00,Sunday,18-30,Male,Junior high school,Employee,5-10yr,Automobile,Owner,1-2yr,No defect,Other,other,Tangent road with flat terrain,No junction,Asphalt roads,Dry,Darkness - lights lit,Normal,Vehicle with vehicle collision,2,5,Going straight,Driver or rider,Male,Under 18,3,Driver,Normal,Not a Pedestrian,Driving carelessly,Fatal injury
13:17:00,Thursday,31-50,Male,High school,Employee,1-2yr,Automobile,Governmental,Unknown,,Office areas,One way,Tangent road with flat terrain,Y Shape,Asphalt roads,Dry,Daylight,Normal,,2,1,Reversing,Pedestrian,Male,Under 18,3,Self-employed,Normal,Crossing from nearside - masked by parked or statioNot a Pedestrianry vehicle,Changing lane to the left,Slight Injury
23:30:00,Sunday,18-30,Male,Junior high school,Employee,2-5yr,Other,Owner,,No defect,Other,Two-way (divided with broken lines road marking),Tangent road with flat terrain,No junction,Asphalt roads,Dry,Darkness - lights lit,Normal,Vehicle with vehicle collision,2,3,Going straight,na,na,na,na,,Normal,Not a Pedestrian,Changing lane to the right,Fatal injury
20:50:00,Sunday,Over 51,Male,Junior high school,Employee,Above 10yr,Automobile,Owner,5-10yrs,, Church areas,other,Tangent road with flat terrain,No junction,Asphalt roads,Dry,Darkness - lights lit,Normal,Vehicle with vehicle collision,2,1,Going straight,Driver or rider,Female,Over 51,3,Driver,Normal,Not a Pedestrian,Driving carelessly,Slight Injury
8:15:00,Friday,31-50,Male,High school,Employee,2-5yr,Lorry (41?100Q),Owner,,No defect,Residential areas,Undivided Two way,Tangent road with flat terrain,Y Shape,Asphalt roads,Wet or damp,Daylight,Normal,Vehicle with vehicle collision,2,1,Other,Driver or rider,Male,31-50,3,Driver,Normal,Not a Pedestrian,Changing lane to the left,Slight Injury
11:14:00,Friday,Over 51,Male,Junior high school,Employee,Below 1yr,Lorry (41?100Q),,,,Other,Undivided Two way,Tangent road with flat terrain,Crossing,Asphalt roads,Dry,Daylight,Normal,Collision with pedestrians,2,1,Moving Backward,Driver or rider,Male,18-30,3,,,Not a Pedestrian,No priority to vehicle,Slight Injury
19:30:00,Sunday,Over 51,Male,Junior high school,Employee,5-10yr,Lorry (41?100Q),Owner,,No defect,  Recreational areas,One way,Tangent road with flat terrain,,Asphalt roads,Wet or damp,Daylight,Raining,Collision with pedestrians,3,3,Getting off,Driver or rider,Male,Over 51,3,Driver,Normal,Not a Pedestrian,Moving Backward,Fatal injury
17:35:00,Saturday,31-50,Male,,,,Automobile,Owner,2-5yrs,,Other,Undivided Two way,Tangent road with flat terrain,Y Shape,Asphalt roads,Wet or damp,Daylight,Raining,Vehicle with vehicle collision,3,4,Other,na,na,na,na,Driver,Normal,Not a Pedestrian,No distancing,Fatal injury
7:10:00,Tuesday,18-30,Male,Elementary school,Employee,5-10yr,Lorry (41?100Q),Owner,5-10yrs,,Other,One way,Tangent road with flat terrain,Crossing,,Dry,Daylight,Normal,Vehicle with vehicle collision,2,1,Going straight,na,na,na,na,,,Not a Pedestrian,Changing lane to the right,Slight Injury
00:10:00,Sunday,Under 18,Male,Junior high school,Employee,Above 10yr,Pick up upto 10Q,Owner,Unknown,No defect,Residential areas,Undivided Two way,Tangent road with flat terrain,Y Shape,Asphalt roads,Dry,Darkness - lights lit,Normal,Vehicle with vehicle collision,3,2,Going straight,Passenger,Male,18-30,3,,,Not a Pedestrian,No distancing,Fatal injury
16:36:00,Thursday,18-30,Male,,,,Automobile,Owner,1-2yr,No defect,Office areas,Undivided Two way,Tangent road with flat terrain,Y Shape,Asphalt roads,Dry,Daylight,Normal,Vehicle with vehicle collision,2,1,Going straight,na,na,na,na,Driver,Normal,Not a Pedestrian,Changing lane to the left,Fatal injury
23:10:00,Sunday,18-30,Female,Writing & reading,Employee,5-10yr,Lorry (11?40Q),Owner,2-5yrs,No defect,Other,other,Tangent road with flat terrain,,Asphalt roads,Dry,Daylight,Normal,Collision with pedestrians,1,1,Other,Driver or rider,Male,Under 18,3,Driver,Normal,Not a Pedestrian,Getting off the vehicle improperly,Fatal injury
17:40:00,Tuesday,Over 51,Male,Junior high school,Employee,5-10yr,Taxi,Owner,Unknown,No defect,Other,Undivided Two way,Tangent road with flat terrain,Y Shape,Asphalt roads,Dry,Daylight,Normal,Vehicle with vehicle collision,2,1,Going straight,na,na,na,na,Driver,Normal,Not a Pedestrian,Driving to the left,Fatal injury
19:55:00,Sunday,18-30,Male,Junior high school,Owner,5-10yr,Pick up upto 10Q,Owner,,No defect,Other,One way,Escarpments,,Asphalt roads,Wet or damp,Daylight,Raining,Collision with roadside objects,2,5,Getting off,Driver or rider,Male,18-30,3,,,Not a Pedestrian,Changing lane to the right,Fatal injury
17:23:00,Tuesday,31-50,Male,Unknown,Owner,Above 10yr,Lorry (41?100Q),Governmental,,,Office areas,Two-way (divided with broken lines road marking),Tangent road with flat terrain,Y Shape,Asphalt roads,Dry,Daylight,Normal,Vehicle with vehicle collision,2,1,Going straight,Pedestrian,Male,31-50,3,,,"In carriageway, statioNot a Pedestrianry - not crossing  (standing or playing) - masked by parked or statioNot a Pedestrianry vehicle",No distancing,Slight Injury
18:32:00,Tuesday,31-50,Male,Junior high school,Employee,2-5yr,Automobile,Owner,,No defect,Other,One way,Tangent road with flat terrain,O Shape,Asphalt roads,Wet or damp,Daylight,Raining,Collision with pedestrians,1,3,Going straight,Driver or rider,Male,Under 18,3,Driver,Normal,Not a Pedestrian,Driving under the influence of drugs,Fatal injury
15:40:00,Tuesday,Over 51,Male,Junior high school,Employee,5-10yr,Taxi,Owner,Unknown,No defect,Other,Undivided Two way,Tangent road with flat terrain,Y Shape,Asphalt roads,Dry,Daylight,Normal,Vehicle with vehicle collision,3,1,Going straight,na,na,na,na,Driver,Normal,Not a Pedestrian,Driving to the left,Fatal injury
14:00:00,Friday,18-30,Male,Elementary school,Employee,5-10yr,Other,Owner,,No defect, Industrial areas,other,Tangent road with flat terrain,No junction,Asphalt roads,Dry,Daylight,Normal,Vehicle with vehicle collision,2,3,Entering a junction,Driver or rider,Female,18-30,3,Self-employed,Normal,Not a Pedestrian,Overspeed,Fatal injury
9:25:00,Tuesday,Unknown,Male,Junior high school,Employee,Above 10yr,Automobile,Owner,,No defect,Residential areas,Undivided Two way,Tangent road with flat terrain,,Asphalt roads,Dry,Daylight,Normal,Vehicle with vehicle collision,1,2,Turnover,na,na,na,na,,,Not a Pedestrian,Changing lane to the left,Serious Injury
15:04:00,Saturday,31-50,Male,,Employee,5-10yr,Pick up upto 10Q,,,,Unknown,other,Tangent road with flat terrain,Y Shape,Asphalt roads,Wet or damp,Daylight,Normal,Vehicle with vehicle collision,2,5,Going straight,na,na,na,na,,,Not a Pedestrian,Other,Fatal injury
17:25:00,Sunday,18-30,Male,Junior high school,Owner,Above 10yr,Public (13?45 seats),Owner,1-2yr,,Office areas,Two-way (divided with broken lines road marking),Tangent road with flat terrain,No junction,Asphalt roads,Wet or damp,Daylight,Raining,Collision with roadside objects,1,4,Reversing,na,na,na,na,Self-employed,Normal,Not a Pedestrian,Moving Backward,Fatal injury
7:25:00,Thursday,18-30,Male,Elementary school,Employee,5-10yr,Lorry (41?100Q),Governmental,,No defect,,Double carriageway (median),Tangent road with flat terrain,Crossing,Asphalt roads,Dry,Daylight,Normal,Vehicle with vehicle collision,2,1,Going straight,Pedestrian,Male,31-50,3,,,Crossing from nearside - masked by parked or statioNot a Pedestrianry vehicle,Getting off the vehicle improperly,Slight Injury
6:40:00,Thursday,31-50,Male,Junior high school,Employee,Above 10yr,Automobile,Organization,,,Residential areas,other,Tangent road with flat terrain,Crossing,Asphalt roads,Dry,Darkness - lights lit,Normal,Collision with animals,2,1,Going straight,Driver or rider,Male,18-30,3,Driver,Normal,Not a Pedestrian,Changing lane to the left,Slight Injury
9:45:00,Sunday,Over 51,Male,Junior high school,Employee,5-10yr,Pick up upto 10Q,Governmental,Unknown,No defect, Church areas,Double carriageway (median),Tangent road with flat terrain,Crossing,Asphalt roads,Dry,Daylight,Normal,Vehicle with vehicle collision,2,1,Going straight,na,na,na,na,Driver,Normal,Not a Pedestrian,No priority to pedestrian,Slight Injury
11:16:00,Sunday,18-30,Male,Junior high school,Employee,2-5yr,Public (12 seats),Owner,5-10yrs,, Church areas,One way,Tangent road with flat terrain,No junction,Asphalt roads,Dry,Daylight,Normal,Collision with roadside objects,2,4,,Driver or rider,Male,Under 18,3,Driver,Normal,Not a Pedestrian,Changing lane to the left,Fatal injury
14:04:00,Saturday,31-50,Male,Elementary school,Owner,1-2yr,,Owner,,No defect, Industrial areas,other,Tangent road with flat terrain,Y Shape,Asphalt roads,Wet or damp,Daylight,Normal,Vehicle with vehicle collision,3,5,,Driver or rider,Male,Over 51,3,,,Not a Pedestrian,Other,Fatal injury
12:15:00,Tuesday,Over 51,Male,,Employee,unknown,Public (12 seats),Owner,5-10yrs,,Office areas,Two-way (divided with broken lines road marking),Tangent road with flat terrain,Y Shape,Asphalt roads,Wet or damp,Daylight,Normal,Collision with pedestrians,2,4,Going straight,Driver or rider,Male,18-30,3,Driver,Normal,Not a Pedestrian,Driving carelessly,Fatal injury
21:15:00,Thursday,18-30,Male,Above high school,Employee,Above 10yr,Automobile,Owner,Above 10yr,No defect,Other,Two-way (divided with broken lines road marking),Tangent road with flat terrain,Crossing,Asphalt roads,Dry,Darkness - lights lit,Normal,Vehicle with vehicle collision,3,2,Turnover,Driver or rider,Female,18-30,3,,Normal,Not a Pedestrian,Driving carelessly,Fatal injury
17:41:00,Monday,31-50,Male,Junior high school,Employee,Below 1yr,Lorry (41?100Q),Owner,5-10yrs,No defect,Other,Undivided Two way,Tangent road with flat terrain,Y Shape,Asphalt roads,Dry,Daylight,Normal,Vehicle with vehicle collision,4,1,Moving Backward,Passenger,Male,Under 18,3,Driver,Normal,Not a Pedestrian,Driving at high speed,Slight Injury
22:31:00,Tuesday,Under 18,Male,Writing & reading,Employee,5-10yr,Other,Owner,5-10yrs,,Office areas,Undivided Two way,Tangent road with mountainous terrain and,Y Shape,Asphalt roads,Dry,Darkness - lights lit,Normal,,2,1,Moving Backward,Driver or rider,Female,18-30,3,Driver,Normal,Not a Pedestrian,Driving at high speed,Serious Injury
7:45:00,Thursday,Over 51,Male,Elementary school,Employee,1-2yr,Taxi,Owner,Unknown,No defect,Office areas,Undivided Two way,Tangent road with flat terrain,No junction,Asphalt roads,Dry,Daylight,Normal,Vehicle with vehicle collision,2,1,Other,na,na,na,na,Driver,Normal,Not a Pedestrian,Changing lane to the left,Slight Injury
12:29:00,Tuesday,31-50,Male,Junior high school,,5-10yr,,Owner,5-10yrs,No defect,Other,Two-way (divided with broken lines road marking),Tangent road with flat terrain,No junction,Asphalt roads,Wet or damp,Darkness - lights lit,Raining,Vehicle with vehicle collision,1,1,Moving Backward,Driver or rider,Male,18-30,2,Self-employed,Normal,Not a Pedestrian,Driving at high speed,Fatal injury
20:15:00,Sunday,18-30,Male,Junior high school,Owner,Above 10yr,,Owner,Unknown,No defect,Other,Undivided Two way,Tangent road with flat terrain,No junction,Asphalt roads,Dry,Darkness - lights lit,Normal,Vehicle with vehicle collision,2,4,Other,Driver or rider,Female,31-50,3,Driver,Normal,Not a Pedestrian,Changing lane to the left,Fatal injury
13:42:00,Wednesday,Unknown,Male,Junior high school,Employee,Above 10yr,Lorry (11?40Q),Owner,,No defect,Office areas,One way,Tangent road with flat terrain,Y Shape,Asphalt roads,Dry,Daylight,Normal,Vehicle with vehicle collision,1,1,,Driver or rider,Male,18-30,3,,,Not a Pedestrian,Driving carelessly,Slight Injury
6:28:00,Wednesday,31-50,Male,Junior high school,Employee,2-5yr,Automobile,Owner,5-10yrs,,Other,One way,Tangent road with flat terrain,No junction,Asphalt roads,Dry,Daylight,Normal,Vehicle with vehicle collision,2,1,Going straight,na,na,na,na,,,Not a Pedestrian,Getting off the vehicle improperly,Slight Injury
18:50:00,Thursday,Over 51,Male,Junior high school,Owner,,Lorry (41?100Q),Owner,Unknown,No defect,Office areas,Undivided Two way,Tangent road with flat terrain,Y Shape,Asphalt roads,Dry,Daylight,Normal,Vehicle with vehicle collision,2,1,Going straight,Pedestrian,Male,18-30,3,Employee,Normal,Not a Pedestrian,Changing lane to the left,Slight Injury
16:10:00,Friday,Under 18,Male,Junior high school,Employee,Above 10yr,Lorry (11?40Q),Owner,1-2yr,No defect,Other,other,Tangent road with flat terrain,No junction,Earth roads,Dry,Daylight,Normal,Vehicle with vehicle collision,3,1,Overtaking,na,na,na,na,Driver,Normal,Not a Pedestrian,Overturning,Fatal injury
5:55:00,Monday,31-50,Male,Elementary school,Employee,2-5yr,Lorry (41?100Q),Owner,,, Church areas,Undivided Two way,Tangent road with flat terrain,Crossing,Asphalt roads,Dry,Daylight,Normal,Vehicle with vehicle collision,2,3,Going straight,na,na,na,na,Employee,Normal,Not a Pedestrian,Moving Backward,Serious Injury
14:30:00,Sunday,Under 18,Male,Elementary school,Other,5-10yr,Lorry (41?100Q),Owner,2-5yrs,No defect,Residential areas,Undivided Two way,Steep grade downward with mountainous terrain,Y Shape,Asphalt roads,Dry,Daylight,Normal,Vehicle with vehicle collision,2,2,Going straight,Driver or rider,Male,31-50,3,Driver,Normal,Not a Pedestrian,Driving carelessly,Fatal injury
6:30:00,Wednesday,31-50,Male,Junior high school,Employee,2-5yr,Automobile,Owner,,,Other,Undivided Two way,Tangent road with flat terrain,No junction,Asphalt roads,Dry,Daylight,Normal,Vehicle with vehicle collision,2,1,Going straight,Pedestrian,Male,Under 18,3,Self-employed,Normal,Crossing from driver's nearside,Changing lane to the left,Serious Injury
9:35:00,Monday,31-50,Male,Junior high school,Employee,2-5yr,Automobile,Owner,Unknown,,Residential areas,Two-way (divided with broken lines road marking),Tangent road with flat terrain,No junction,Asphalt roads,Dry,Daylight,Normal,Vehicle with vehicle collision,2,2,Going straight,Passenger,Female,Over 51,3,Driver,Normal,Not a Pedestrian,Moving Backward,Fatal injury
20:39:00,Thursday,18-30,Male,Junior high school,Owner,5-10yr,Pick up upto 10Q,Owner,5-10yrs,No defect,Other,One way,Tangent road with flat terrain,Y Shape,Asphalt roads,Wet or damp,Darkness - lights lit,Normal,Vehicle with vehicle collision,4,1,Going straight,Passenger,Female,18-30,3,Self-employed,Normal,Not a Pedestrian,No distancing,Fatal injury
18:37:00,Thursday,Under 18,Male,Elementary school,Employee,2-5yr,Automobile,Organization,Unknown,No defect,Other,Double carriageway (median),Tangent road with flat terrain,Other,Asphalt roads,Dry,Daylight,Normal,Vehicle with vehicle collision,2,2,Reversing,Driver or rider,Male,18-30,3,Driver,Normal,Not a Pedestrian,No distancing,Serious Injury
17:30:00,Tuesday,31-50,Male,Elementary school,Employee,5-10yr,Other,Owner,2-5yrs,No defect, Outside rural areas,Undivided Two way,Tangent road with flat terrain,Y Shape,Asphalt roads,Dry,Daylight,Normal,Vehicle with vehicle collision,2,2,Going straight,Driver or rider,Male,31-50,3,,Normal,Not a Pedestrian,Driving to the left,Slight Injury
20:55:00,Friday,Over 51,Male,Junior high school,Employee,2-5yr,Public (12 seats),Owner,2-5yrs,No defect,Other,Two-way (divided with broken lines road marking),Tangent road with flat terrain,,Asphalt roads,Dry,Daylight,Normal,Vehicle with vehicle collision,3,2,Going straight,na,na,na,na,,,Not a Pedestrian,Drunk driving,Slight Injury
20:40:00,Tuesday,31-50,Male,Junior high school,Employee,Below 1yr,Lorry (11?40Q),Owner,1-2yr,No defect,Office areas,Undivided Two way,Tangent road with mild grade and flat terrain,Y Shape,Asphalt roads,Wet or damp,Darkness - lights lit,Normal,Vehicle with vehicle collision,1,2,Other,na,na,na,na,Driver,Normal,Not a Pedestrian,Overturning,Slight Injury
18:00:00,Saturday,Over 51,Male,Elementary school,Owner,5-10yr,Lorry (11?40Q),Owner,,No defect, Church areas,Two-way (divided with broken lines road marking),Tangent road with flat terrain,Y Shape,Asphalt roads,Dry,Daylight,Normal,Vehicle with vehicle collision,2,3,Going straight,na,na,na,na,Driver,Normal,Not a Pedestrian,Changing lane to the right,Fatal injury
13:19:00,Monday,18-30,Male,Junior high school,Employee,2-5yr,Taxi,Owner,Above 10yr,, Church areas,Two-way (divided with broken lines road marking),Steep grade upward with mountainous terrain,Y Shape,Asphalt roads,Dry,Daylight,Normal,Vehicle with vehicle collision,2,4,Reversing,Pedestrian,Female,Over 51,3,,,Not a Pedestrian,No distancing,Serious Injury
01:18:00,Saturday,18-30,Male,Junior high school,Employee,Below 1yr,,Organization,2-5yrs,, Industrial areas,Two-way (divided with broken lines road marking),Tangent road with flat terrain,No junction,Asphalt roads,Dry,Darkness - lights lit,Normal,Collision with roadside objects,1,5,Going straight,Pedestrian,Male,Over 51,3,Driver,Normal,Crossing from nearside - masked by parked or statioNot a Pedestrianry vehicle,Moving Backward,Fatal injury
9:48:00,Friday,18-30,Male,Elementary school,Employee,2-5yr,,Owner,,No defect,Office areas,other,Tangent road with flat terrain,,Gravel roads,Dry,Daylight,Normal,Vehicle with vehicle collision,2,1,Going straight,na,na,na,na,Driver,Normal,Not a Pedestrian,No distancing,Slight Injury
17:30:00,Tuesday,31-50,Male,Junior high school,Employee,2-5yr,Lorry (41?100Q),Owner,Above 10yr,No defect, Church areas,Undivided Two way,Sharp reverse curve,Crossing,Asphalt roads,Wet or damp,Darkness - lights lit,Normal,Collision with pedestrians,2,1,Going straight,Pedestrian,Female,18-30,3,Self-employed,Normal,Crossing from driver's nearside,No distancing,Slight Injury
12:00:00,Tuesday,18-30,Male,Junior high school,Employee,Above 10yr,Lorry (11?40Q),Owner,Unknown,No defect,Residential areas,Two-way (divided with broken lines road marking),Tangent road with flat terrain,Y Shape,Asphalt roads,Dry,Daylight,Normal,Vehicle with vehicle collision,2,2,Going straight,Driver or rider,Male,31-50,3,Driver,Normal,Not a Pedestrian,Moving Backward,Slight Injury
16:13:00,Wednesday,Under 18,Male,High school,Owner,Below 1yr,Other,Owner,2-5yrs,,Office areas,One way,Steep grade downward with mountainous terrain,,Asphalt roads,Dry,Daylight,Normal,Collision with roadside objects,3,1,Going straight,Pedestrian,Female,18-30,3,,,Not a Pedestrian,Changing lane to the left,Slight Injury
13:30:00,Sunday,Under 18,Male,Elementary school,Other,5-10yr,Lorry (41?100Q),Owner,2-5yrs,No defect,Residential areas,Undivided Two way,Steep grade downward with mountainous terrain,Y Shape,Asphalt roads,Dry,Daylight,Normal,Vehicle with vehicle collision,1,2,Going straight,Driver or rider,Male,31-50,3,Driver,Normal,Not a Pedestrian,Driving carelessly,Fatal injury
15:45:00,Saturday,Over 51,Male,Junior high school,Employee,,,Owner,Unknown,No defect,School areas,Undivided Two way,Tangent road with flat terrain,No junction,Asphalt roads,Dry,Daylight,Normal,Vehicle with vehicle collision,2,1,Going straight,Pedestrian,Female,31-50,3,Driver,Normal,Not a Pedestrian,No distancing,Fatal injury
17:10:00,Thursday,31-50,Male,High school,Employee,2-5yr,Automobile,Owner,2-5yrs,,Other,Undivided Two way,Tangent road with flat terrain,Y Shape,Asphalt roads,Wet or damp,Darkness - lights lit,Normal,Collision with roadside objects,2,3,Going straight,Driver or rider,Male,18-30,3,,,Not a Pedestrian,Moving Backward,Slight Injury
7:45:00,Thursday,Over 51,Male,High school,Employee,Above 10yr,Lorry (41?100Q),Owner,Unknown,,Other,Undivided Two way,Tangent road with flat terrain,Y Shape,Asphalt roads,Dry,Daylight,Normal,Vehicle with vehicle collision,2,1,Going straight,Driver or rider,Male,31-50,3,Self-employed,Normal,Not a Pedestrian,Driving to the left,Slight Injury
21:33:00,Saturday,Under 18,Male,Elementary school,Employee,Above 10yr,Automobile,Owner,,No defect,Office areas,Two-way (divided with broken lines road marking),Tangent road with mild grade and flat terrain,Y Shape,Asphalt roads,Dry,Daylight,Normal,Collision with pedestrians,1,1,Going straight,na,na,na,na,Driver,Normal,Not a Pedestrian,No distancing,Fatal injury
13:55:00,Sunday,18-30,Male,Junior high school,Employee,5-10yr,Other,Owner,2-5yrs,No defect, Outside rural areas,Undivided Two way,Tangent road with mountainous terrain and,O Shape,Asphalt roads,Dry,Darkness - lights lit,Normal,Vehicle with vehicle collision,2,1,Stopping,Pedestrian,Female,5,3,Driver,Normal,Crossing from nearside - masked by parked or statioNot a Pedestrianry vehicle,Changing lane to the right,Slight Injury
21:50:00,Monday,31-50,Male,Junior high school,Owner,2-5yr,Lorry (41?100Q),Owner,Unknown,No defect, Industrial areas,Two-way (divided with broken lines road marking),,Y Shape,Asphalt roads,Dry,Darkness - lights lit,Normal,Vehicle with vehicle collision,2,2,Going straight,Passenger,Male,18-30,3,,,Not a Pedestrian,Changing lane to the left,Fatal injury
18:32:00,Tuesday,31-50,Male,Junior high school,Employee,2-5yr,Automobile,Owner,,No defect,Other,One way,Tangent road with flat terrain,O Shape,Asphalt roads,Wet or damp,Daylight,Raining,Collision with pedestrians,2,3,Going straight,Driver or rider,Male,Under 18,3,Driver,Normal,Not a Pedestrian,Driving under the influence of drugs,Fatal injury
13:55:00,Sunday,18-30,Male,High school,Employee,2-5yr,Automobile,Governmental,Below 1yr,No defect,  Recreational areas,Two-way (divided with broken lines road marking),Tangent road with flat terrain,Y Shape,Asphalt roads,Dry,Daylight,Normal,Vehicle with vehicle collision,3,3,Going straight,Passenger,Male,18-30,3,Driver,Normal,Not a Pedestrian,Driving to the left,Slight Injury
8:30:00,Tuesday,18-30,Male,High school,Employee,Above 10yr,Lorry (41?100Q),Owner,Above 10yr,No defect,Residential areas,Undivided Two way,Tangent road with flat terrain,Y Shape,Asphalt roads,Dry,Daylight,Normal,Vehicle with vehicle collision,1,1,Entering a junction,Passenger,Male,Over 51,3,Driver,Normal,Not a Pedestrian,Changing lane to the right,Slight Injury
19:08:00,Saturday,18-30,Male,Above high school,Owner,5-10yr,Automobile,Governmental,Below 1yr,No defect,Residential areas,Undivided Two way,Tangent road with flat terrain,Y Shape,Asphalt roads,Dry,Darkness - no lighting,Normal,Vehicle with vehicle collision,1,4,Going straight,Passenger,Female,31-50,3,Driver,Normal,Not a Pedestrian,No priority to pedestrian,Fatal injury
15:30:00,Thursday,31-50,Male,Junior high school,Employee,Above 10yr,Pick up upto 10Q,Owner,,,Other,Undivided Two way,Tangent road with flat terrain,No junction,Asphalt roads,Wet or damp,Daylight,Raining,Vehicle with vehicle collision,3,2,Going straight,na,na,na,na,Driver,Normal,Not a Pedestrian,Other,Fatal injury
21:48:00,Monday,31-50,Male,Junior high school,Employee,Above 10yr,Public (13?45 seats),Owner,Unknown,,Other,Two-way (divided with broken lines road marking),Tangent road with flat terrain,Y Shape,Asphalt roads,Wet or damp,Darkness - lights lit,Raining,Vehicle with vehicle collision,3,2,Moving Backward,Driver or rider,Male,18-30,3,,,Not a Pedestrian,Driving carelessly,Fatal injury
19:30:00,Tuesday,31-50,Male,Elementary school,Employee,5-10yr,Lorry (41?100Q),Owner,Above 10yr,No defect,Office areas,Undivided Two way,Tangent road with flat terrain,Crossing,Asphalt roads,Dry,Darkness - lights lit,Normal,Collision with roadside objects,2,1,Going straight,Driver or rider,Male,Under 18,3,Driver,Normal,Not a Pedestrian,Moving Backward,Slight Injury
22:48:00,Monday,31-50,Unknown,High school,Employee,Above 10yr,Automobile,Owner,Unknown,No defect, Industrial areas,Two-way (divided with broken lines road marking),,Y Shape,Asphalt roads,Wet or damp,Darkness - lights lit,Raining,Vehicle with vehicle collision,2,1,Moving Backward,Driver or rider,Male,18-30,3,Self-employed,Normal,Not a Pedestrian,Changing lane to the right,Fatal injury
14:00:00,Sunday,31-50,Male,Junior high school,Employee,5-10yr,Lorry (41?100Q),Owner,Unknown,No defect,Other,Two-way (divided with broken lines road marking),Tangent road with flat terrain,Unknown,Asphalt roads,Dry,Daylight,Normal,Vehicle with vehicle collision,3,2,Going straight,Pedestrian,Female,Over 51,2,Driver,Normal,Not a Pedestrian,No priority to vehicle,Slight Injury
15:04:00,Saturday,18-30,Male,Junior high school,Employee,1-2yr,Automobile,Owner,2-5yrs,No defect,  Market areas,Undivided Two way,Tangent road with flat terrain,Y Shape,Asphalt roads,Wet or damp,Daylight,Normal,Vehicle with vehicle collision,2,3,Going straight,Driver or rider,Male,Under 18,3,,,Not a Pedestrian,No priority to vehicle,Fatal injury
19:10:00,Saturday,Unknown,Male,Elementary school,Employee,2-5yr,Lorry (11?40Q),Owner,,No defect, Church areas,Double carriageway (median),Tangent road with flat terrain,Crossing,Asphalt roads,Dry,Darkness - lights lit,Normal,Vehicle with vehicle collision,2,1,Other,na,na,na,na,Driver,Normal,Not a Pedestrian,Changing lane to the left,Slight Injury
17:24:00,Thursday,18-30,Male,Junior high school,Employee,2-5yr,Public (12 seats),Owner,Unknown,,Residential areas,,Tangent road with flat terrain,No junction,Other,Wet or damp,Darkness - lights lit,Raining,Vehicle with vehicle collision,2,1,Moving Backward,na,na,na,na,Driver,Normal,Not a Pedestrian,Changing lane to the right,Slight Injury
8:30:00,Monday,18-30,Male,Junior high school,Employee,1-2yr,Stationwagen,Owner,1-2yr,No defect,Other,Two-way (divided with broken lines road marking),Tangent road with flat terrain,Y Shape,Asphalt roads,Dry,Daylight,Normal,Vehicle with vehicle collision,2,1,Going straight,Pedestrian,Female,Under 18,3,Driver,Normal,Not a Pedestrian,Changing lane to the left,Slight Injury
20:15:00,Sunday,31-50,Male,Junior high school,Employee,5-10yr,Pick up upto 10Q,Owner,Unknown,,Office areas,Undivided Two way,Tangent road with flat terrain,No junction,Asphalt roads,Dry,Darkness - lights lit,Normal,Collision with roadside objects,1,4,Going straight,na,na,na,na,,,Not a Pedestrian,Driving carelessly,Fatal injury
21:15:00,Thursday,18-30,Male,Above high school,Employee,Above 10yr,Automobile,Owner,Above 10yr,No defect,Other,Two-way (divided with broken lines road marking),Tangent road with flat terrain,Crossing,Asphalt roads,Dry,Darkness - lights lit,Normal,Vehicle with vehicle collision,3,1,Turnover,Driver or rider,Female,18-30,3,,Normal,Not a Pedestrian,Driving carelessly,Fatal injury
02:32:00,Saturday,Under 18,Male,Junior high school,Owner,5-10yr,Automobile,Owner,Unknown,,Residential areas,,Tangent road with flat terrain,No junction,Asphalt roads,Dry,Darkness - lights lit,Normal,Vehicle with vehicle collision,1,3,Going straight,Driver or rider,Male,Over 51,3,,,Not a Pedestrian,Changing lane to the left,Fatal injury
20:57:00,Sunday,31-50,Male,Elementary school,Owner,2-5yr,Lorry (41?100Q),Owner,,,Office areas,,Tangent road with mild grade and flat terrain,Y Shape,Asphalt roads,Dry,Darkness - lights lit,Normal,Vehicle with vehicle collision,3,2,Going straight,Driver or rider,Male,Over 51,3,Driver,Normal,Not a Pedestrian,Changing lane to the right,Slight Injury
21:48:00,Monday,31-50,Unknown,High school,Employee,Above 10yr,Automobile,Owner,Unknown,No defect, Industrial areas,Two-way (divided with broken lines road marking),,Y Shape,Asphalt roads,Wet or damp,Darkness - lights lit,Raining,Vehicle with vehicle collision,1,1,Moving Backward,Driver or rider,Male,18-30,3,Self-employed,Normal,Not a Pedestrian,Changing lane to the right,Fatal injury