Time,Day_of_week,Age_band_of_driver,Sex_of_driver,Educational_level,Vehicle_driver_relation,Driving_experience,Type_of_vehicle,Owner_of_vehicle,Service_year_of_vehicle,Defect_of_vehicle,Area_accident_occured,Lanes_or_Medians,Road_allignment,Types_of_Junction,Road_surface_type,Road_surface_conditions,Light_conditions,Weather_conditions,Type_of_collision,Number_of_vehicles_involved,Number_of_casualties,Vehicle_movement,Casualty_class,Sex_of_casualty,Age_band_of_casualty,Casualty_severity,Work_of_casuality,Fitness_of_casuality,Pedestrian_movement,Cause_of_accident,Accident_severity
16:25:00,Sunday,18-30,Male,Junior high school,Employee,2-5yr,Lorry (41?100Q),Owner,Below 1yr,,Residential areas,Two-way (divided with broken lines road marking),Tangent road with flat terrain,No junction,Asphalt roads,Wet or damp,Daylight,Raining,,2,4,Going straight,Driver or rider,Male,Over 51,3,,,Not a Pedestrian,Driving carelessly,Fatal injury
12:15:00,Tuesday,31-50,Male,Junior high school,Owner,2-5yr,Other,Owner,2-5yrs,,Office areas,Double carriageway (median),Tangent road with flat terrain,Y Shape,Asphalt roads,Wet or damp,Daylight,Normal,Collision with pedestrians,1,2,Turnover,na,na,na,na,Driver,Normal,Not a Pedestrian,Moving Backward,Fatal injury
9:50:00,Tuesday,31-50,Male,Junior high school,Employee,1-2yr,Lorry (41?100Q),Governmental,,No defect,Residential areas,other,Tangent road with flat terrain,Unknown,Asphalt roads,Dry,Daylight,Normal,Collision with roadside objects,2,1,Going straight,Driver or rider,Female,31-50,2,Driver,Normal,Not a Pedestrian,Driving carelessly,Slight Injury
8:55:00,Friday,31-50,Male,High school,Employee,Above 10yr,Pick up upto 10Q,Owner,1-2yr,No defect, Church areas,Undivided Two way,Tangent road with flat terrain,No junction,Asphalt roads,Dry,Daylight,Normal,Vehicle with vehicle collision,3,5,Turnover,na,na,na,na,,,Not a Pedestrian,Changing lane to the left,Slight Injury
14:00:00,Friday,Over 51,Male,Elementary school,Employee,5-10yr,Lorry (41?100Q),Owner,2-5yrs,No defect,Office areas,Double carriageway (median),Tangent road with flat terrain,No junction,Asphalt roads,Dry,Daylight,Normal,Vehicle with vehicle collision,3,2,Turnover,Driver or rider,Male,18-30,3,Employee,Normal,Not a Pedestrian,Changing lane to the right,Fatal injury
22:20:00,Sunday,Over 51,Male,Junior high school,Owner,Above 10yr,Automobile,Owner,Above 10yr,No defect,Office areas,other,Tangent road with flat terrain,No junction,,Dry,Darkness - lights lit,Normal,Vehicle with vehicle collision,3,4,Going straight,na,na,na,na,Driver,Normal,Not a Pedestrian,Driving at high speed,Slight Injury
8:55:00,Thursday,Over 51,Male,Junior high school,Employee,1-2yr,Automobile,Owner,2-5yrs,,Residential areas,One way,Tangent road with flat terrain,Y Shape,Asphalt roads,Wet or damp,Daylight,Other,Vehicle with vehicle collision,2,2,Going straight,Passenger,Female,31-50,3,Driver,Normal,Not a Pedestrian,No priority to pedestrian,Slight Injury
12:00:00,Saturday,18-30,Male,High school,Owner,1-2yr,Automobile,Owner,,No defect,Office areas,Undivided Two way,Tangent road with flat terrain,No junction,Asphalt roads,Wet or damp,Daylight,Normal,Collision with pedestrians,2,2,Going straight,Driver or rider,Male,31-50,3,Driver,Normal,Not a Pedestrian,No distancing,Slight Injury
14:20:00,Sunday,31-50,Male,High school,Owner,5-10yr,Lorry (41?100Q),Owner,Unknown,No defect,Office areas,Undivided Two way,Tangent road with flat terrain,No junction,Asphalt roads,Dry,Daylight,Normal,Vehicle with vehicle collision,2,1,Going straight,Driver or rider,Female,31-50,3,Driver,Normal,Not a Pedestrian,No priority to pedestrian,Slight Injury
18:42:00,Friday,Under 18,Male,Junior high school,Owner,5-10yr,,Owner,Below 1yr,No defect, Hospital areas,Undivided Two way,Tangent road with flat terrain,Crossing,Asphalt roads,Dry,Daylight,Normal,Collision with roadside objects,2,1,Going straight,Driver or rider,Male,31-50,3,Driver,Normal,Not a Pedestrian,Driving carelessly,Serious Injury
17:32:00,Tuesday,Over 51,Male,Junior high school,Employee,1-2yr,Lorry (41?100Q),Governmental,2-5yrs,,  Recreational areas,Two-way (divided with broken lines road marking),Tangent road with flat terrain,No junction,,Wet or damp,Daylight,Raining,Vehicle with vehicle collision,2,4,Reversing,Driver or rider,Male,18-30,3,Driver,Normal,Not a Pedestrian,Driving carelessly,Fatal injury
17:15:00,Friday,31-50,Male,,,,,,,, Church areas,,Tangent road with flat terrain,Y Shape,Asphalt roads,Dry,Darkness - lights lit,Normal,Vehicle with vehicle collision,1,1,Going straight,Driver or rider,Male,31-50,3,Self-employed,Normal,Not a Pedestrian,Changing lane to the left,Slight Injury
15:10:00,Tuesday,Over 51,Male,Junior high school,Employee,Above 10yr,Automobile,Owner,,No defect,Other,One way,Tangent road with flat terrain,No junction,Gravel roads,Wet or damp,Daylight,Raining,Vehicle with vehicle collision,2,1,Going straight,Pedestrian,Female,Under 18,2,Driver,Normal,Not a Pedestrian,Moving Backward,Serious Injury
15:17:00,Sunday,31-50,Male,Junior high school,Owner,5-10yr,Automobile,Owner,,,Other,other,Tangent road with flat terrain,No junction,Earth roads,Dry,Daylight,Normal,Collision with animals,1,1,Going straight,Pedestrian,Male,18-30,3,,Normal,Not a Pedestrian,Moving Backward,Fatal injury
11:00:00,Saturday,18-30,Male,Junior high school,Employee,5-10yr,Lorry (41?100Q),Governmental,Below 1yr,No defect,Residential areas,other,Steep grade downward with mountainous terrain,Crossing,,Dry,Daylight,Normal,Collision with roadside objects,2,1,Going straight,Driver or rider,Male,18-30,3,Driver,Normal,Not a Pedestrian,Other,Slight Injury
16:36:00,Thursday,31-50,Male,High school,Employee,Below 1yr,Automobile,,,,,Two-way (divided with broken lines road marking),Tangent road with flat terrain,Y Shape,Asphalt roads,Dry,Daylight,Normal,Vehicle with vehicle collision,1,2,Going straight,Driver or rider,Female,18-30,3,Driver,Normal,Not a Pedestrian,No distancing,Fatal injury
20:25:00,Tuesday,Unknown,Male,Elementary school,Employee,2-5yr,Public (13?45 seats),Owner,5-10yrs,,Office areas,Two-way (divided with broken lines road marking),Tangent road with flat terrain,Crossing,Asphalt roads,Dry,Daylight,Normal,Vehicle with vehicle collision,2,3,Going straight,Driver or rider,Male,31-50,3,Self-employed,Normal,Not a Pedestrian,No distancing,Slight Injury
15:04:00,Saturday,31-50,Male,Elementary school,Owner,1-2yr,,Owner,,No defect, Industrial areas,other,Tangent road with flat terrain,Y Shape,Asphalt roads,Wet or damp,Daylight,Normal,Vehicle with vehicle collision,3,4,,Driver or rider,Male,Over 51,3,,,Not a Pedestrian,Other,Fatal injury
21:30:00,Sunday,18-30,Male,,,,Pick up upto 10Q,Owner,,No defect, Church areas,Two-way (divided with broken lines road marking),Tangent road with flat terrain,Crossing,Asphalt roads,Dry,Darkness - lights lit,Normal,Vehicle with vehicle collision,1,5,Going straight,Driver or rider,Female,18-30,3,,,Not a Pedestrian,Driving carelessly,Fatal injury
21:20:00,Wednesday,31-50,Male,Junior high school,Employee,5-10yr,Stationwagen,Owner,5-10yrs,,Office areas,Two-way (divided with broken lines road marking),Tangent road with mild grade and flat terrain,Crossing,Asphalt roads,Dry,Darkness - lights lit,Normal,Vehicle with vehicle collision,2,3,Going straight,Driver or rider,Male,18-30,2,Self-employed,Normal,Not a Pedestrian,No priority to pedestrian,Slight Injury
13:00:00,Saturday,18-30,Male,Junior high school,Owner,2-5yr,Automobile,Owner,5-10yrs,No defect,Other,Two-way (divided with broken lines road marking),Tangent road with flat terrain,Y Shape,Asphalt roads,Wet or damp,Daylight,Normal,Vehicle with vehicle collision,1,1,Going straight,Passenger,Female,31-50,3,Driver,Normal,Not a Pedestrian,Changing lane to the right,Slight Injury
11:16:00,Sunday,18-30,Male,Junior high school,Owner,5-10yr,Public (12 seats),Owner,Unknown,,Residential areas,Undivided Two way,Tangent road with flat terrain,No junction,Asphalt roads,Dry,Daylight,Normal,Collision with roadside objects,2,5,Going straight,na,na,na,na,,Normal,Not a Pedestrian,No priority to vehicle,Fatal injury
08:35:00,Monday,31-50,Male,Elementary school,Employee,2-5yr,,Owner,Unknown,No defect,Office areas,other,Tangent road with flat terrain,No junction,Asphalt roads,Dry,Daylight,Normal,Vehicle with vehicle collision,2,3,Reversing,Driver or rider,Male,31-50,3,Driver,Normal,Not a Pedestrian,Changing lane to the right,Fatal injury
11:10:00,Sunday,31-50,Male,Junior high school,Owner,5-10yr,,Owner,Unknown,No defect, Church areas,Two-way (divided with broken lines road marking),Tangent road with flat terrain,,Asphalt roads,Dry,Daylight,Normal,Rollover,2,4,Going straight,Driver or rider,Male,Under 18,3,Other,Normal,Not a Pedestrian,No distancing,Slight Injury
7:10:00,Friday,Over 51,Male,Above high school,Employee,5-10yr,Automobile,Owner,2-5yrs,No defect,Office areas,Two-way (divided with broken lines road marking),Tangent road with mild grade and flat terrain,No junction,Asphalt roads,Dry,Daylight,Normal,Vehicle with vehicle collision,2,1,Going straight,Pedestrian,Female,Over 51,2,Driver,Normal,Not a Pedestrian,Moving Backward,Slight Injury
10:11:00,Tuesday,18-30,Male,Junior high school,Employee,5-10yr,Lorry (41?100Q),Owner,Unknown,,Office areas,Undivided Two way,Tangent road with flat terrain,No junction,Asphalt roads with some distress,Dry,Daylight,Normal,Vehicle with vehicle collision,2,1,,Driver or rider,Male,31-50,2,Driver,Normal,Not a Pedestrian,Driving carelessly,Slight Injury
11:11:00,Wednesday,18-30,Male,Writing & reading,Employee,2-5yr,Automobile,Owner,Unknown,No defect,Residential areas,Undivided Two way,Tangent road with flat terrain,Y Shape,Asphalt roads,Dry,Daylight,Normal,Collision with pedestrians,1,2,Going straight,na,na,na,na,Driver,Normal,Not a Pedestrian,Driving carelessly,Fatal injury
11:16:00,Sunday,18-30,Male,Junior high school,Owner,5-10yr,Public (12 seats),Owner,Unknown,,Residential areas,Undivided Two way,Tangent road with flat terrain,No junction,Asphalt roads,Dry,Daylight,Normal,Collision with roadside objects,2,5,Going straight,na,na,na,na,,Normal,Not a Pedestrian,No priority to vehicle,Fatal injury
18:03:00,Friday,31-50,Male,Elementary school,Employee,5-10yr,Other,Owner,,No defect,Office areas,Double carriageway (median),Tangent road with flat terrain,No junction,Asphalt roads,Dry,Darkness - no lighting,Normal,Vehicle with vehicle collision,1,1,Going straight,Driver or rider,Male,18-30,3,Driver,Normal,Not a Pedestrian,Changing lane to the right,Fatal injury
13:09:00,Tuesday,31-50,Male,Junior high school,Employee,2-5yr,Automobile,Owner,2-5yrs,,Other,Undivided Two way,Tangent road with flat terrain,,Asphalt roads,Dry,Daylight,Normal,Collision with roadside objects,3,2,Going straight,Driver or rider,Male,18-30,3,Driver,Normal,Not a Pedestrian,Driving carelessly,Fatal injury
19:45:00,Saturday,Unknown,Male,High school,Employee,,Automobile,Owner,Unknown,No defect,Office areas,One way,Tangent road with flat terrain,Crossing,Asphalt roads,Dry,Darkness - lights lit,Normal,Vehicle with vehicle collision,1,1,Turnover,Passenger,Female,Over 51,3,,,Not a Pedestrian,No priority to vehicle,Serious Injury
22:30:00,Sunday,18-30,Male,,,,Pick up upto 10Q,Owner,,No defect, Church areas,Two-way (divided with broken lines road marking),Tangent road with flat terrain,Crossing,Asphalt roads,Dry,Darkness - lights lit,Normal,Vehicle with vehicle collision,2,4,Going straight,Driver or rider,Female,18-30,3,,,Not a Pedestrian,Driving carelessly,Fatal injury
10:20:00,Friday,Unknown,Male,Junior high school,Employee,Above 10yr,Automobile,Governmental,Above 10yr,No defect,School areas,Two-way (divided with broken lines road marking),Tangent road with flat terrain,Crossing,Asphalt roads,Dry,Daylight,Normal,Collision with roadside objects,3,1,Going straight,Driver or rider,Male,18-30,3,Driver,Normal,Not a Pedestrian,Changing lane to the right,Slight Injury
0:17:00,Sunday,31-50,Male,Junior high school,Owner,Below 1yr,Long lorry,Owner,1-2yr,No defect, Hospital areas,Undivided Two way,Tangent road with flat terrain,Y Shape,Asphalt roads,Dry,Darkness - lights lit,Normal,Collision with pedestrians,2,2,Going straight,Driver or rider,Female,18-30,3,Self-employed,Normal,Not a Pedestrian,Driving under the influence of drugs,Slight Injury
7:00:00,Thursday,31-50,Male,Junior high school,Owner,5-10yr,Lorry (41?100Q),Owner,5-10yrs,No defect,Other,Undivided Two way,Tangent road with flat terrain,,Asphalt roads,Dry,Darkness - lights lit,Normal,Vehicle with vehicle collision,1,3,Other,Driver or rider,Male,18-30,3,Self-employed,Normal,Not a Pedestrian,No distancing,Slight Injury
18:10:00,Thursday,18-30,Male,Junior high school,Employee,5-10yr,Lorry (11?40Q),Owner,2-5yrs,,Other,Undivided Two way,Tangent road with mountainous terrain and,No junction,Asphalt roads,Dry,Daylight,Normal,Vehicle with vehicle collision,2,1,Moving Backward,na,na,na,na,Self-employed,Normal,Not a Pedestrian,Improper parking,Fatal injury
18:55:00,Sunday,18-30,Male,High school,Employee,Above 10yr,Public (12 seats),Owner,Above 10yr,No defect,Other,Undivided Two way,Tangent road with flat terrain,Y Shape,Asphalt roads,Dry,Daylight,Normal,Vehicle with vehicle collision,3,2,Going straight,Driver or rider,Female,31-50,3,Employee,Normal,Not a Pedestrian,Changing lane to the right,Slight Injury
11:30:00,Wednesday,31-50,Male,Elementary school,Owner,5-10yr,Public (12 seats),Governmental,Unknown,,Office areas,Two-way (divided with broken lines road marking),Tangent road with flat terrain,Y Shape,Asphalt roads,Dry,Daylight,Normal,Vehicle with vehicle collision,1,1,Going straight,Driver or rider,Male,31-50,3,Self-employed,Normal,Not a Pedestrian,No priority to vehicle,Serious Injury
16:15:00,Saturday,18-30,Male,Junior high school,Employee,Below 1yr,Other,Owner,2-5yrs,, Church areas,Two-way (divided with broken lines road marking),Tangent road with flat terrain,Crossing,Asphalt roads,Dry,Daylight,Normal,Collision with pedestrians,2,1,Going straight,na,na,na,na,,,Not a Pedestrian,Changing lane to the right,Serious Injury
10:58:00,Tuesday,Over 51,Male,Junior high school,Employee,2-5yr,Other,Owner,2-5yrs,No defect,Other,Undivided Two way,Steep grade downward with mountainous terrain,Crossing,Asphalt roads,Dry,Daylight,Normal,Vehicle with vehicle collision,2,1,Reversing,Passenger,Female,18-30,3,Driver,Normal,Not a Pedestrian,Driving carelessly,Slight Injury
05:00:00,Friday,18-30,Male,Junior high school,Employee,5-10yr,Lorry (41?100Q),Owner,1-2yr,No defect,Other,Undivided Two way,Tangent road with flat terrain,Y Shape,Asphalt roads,Dry,Daylight,Normal,Collision with roadside objects,1,1,Turnover,na,na,na,na,Other,Normal,Not a Pedestrian,Changing lane to the left,Fatal injury
17:01:00,Wednesday,31-50,Male,,,,Lorry (41?100Q),Governmental,Above 10yr,No defect,School areas,Two-way (divided with broken lines road marking),Tangent road with flat terrain,Crossing,Asphalt roads,Dry,Daylight,Normal,Vehicle with vehicle collision,2,1,Going straight,Pedestrian,Female,18-30,2,Self-employed,Normal,Not a Pedestrian,Changing lane to the left,Slight Injury
17:10:00,Friday,18-30,Male,Junior high school,Employee,Below 1yr,Automobile,Owner,Unknown,No defect,Office areas,Undivided Two way,Tangent road with flat terrain,Y Shape,Asphalt roads,Dry,Darkness - lights lit,Normal,Vehicle with vehicle collision,2,1,Moving Backward,Pedestrian,Female,Over 51,3,,Normal,Not a Pedestrian,No priority to pedestrian,Serious Injury
11:33:00,Monday,18-30,Male,Junior high school,Owner,5-10yr,Taxi,Owner,2-5yrs,, Church areas,other,Tangent road with flat terrain,No junction,Asphalt roads,Dry,Daylight,Normal,Vehicle with vehicle collision,2,1,Going straight,Pedestrian,Male,Under 18,3,Self-employed,Normal,"In carriageway, statioNot a Pedestrianry - not crossing  (standing or playing)",No distancing,Slight Injury
8:30:00,Tuesday,31-50,Male,Junior high school,Employee,5-10yr,Automobile,Owner,,No defect,Other,One way,Escarpments,Y Shape,Asphalt roads,Dry,Daylight,Normal,Vehicle with vehicle collision,2,1,Going straight,na,na,na,na,,,Not a Pedestrian,Changing lane to the right,Serious Injury
22:00:00,Saturday,18-30,Male,,,,,,,,,Two-way (divided with broken lines road marking),Tangent road with flat terrain,Y Shape,Asphalt roads,Wet or damp,Darkness - lights lit,Raining,Collision with pedestrians,1,1,Going straight,na,na,na,na,Driver,Normal,Not a Pedestrian,Driving under the influence of drugs,Fatal injury
8:30:00,Tuesday,31-50,Male,Junior high school,Owner,Above 10yr,Public (13?45 seats),Owner,5-10yrs,,Other,Two-way (divided with broken lines road marking),Tangent road with flat terrain,Y Shape,Asphalt roads,Dry,Daylight,Normal,Vehicle with vehicle collision,2,1,Reversing,Driver or rider,Male,18-30,3,,Normal,Not a Pedestrian,Moving Backward,Slight Injury
14:30:00,Friday,18-30,Male,Junior high school,Employee,5-10yr,Other,Governmental,,No defect,Other,Undivided Two way,Tangent road with flat terrain,Crossing,Asphalt roads,Dry,Daylight,Unknown,Vehicle with vehicle collision,2,2,Going straight,na,na,na,na,Self-employed,Normal,Not a Pedestrian,Moving Backward,Slight Injury
17:25:00,Monday,18-30,Male,Junior high school,Employee,Above 10yr,Lorry (41?100Q),Organization,Unknown,,Other,other,Tangent road with flat terrain,Y Shape,Asphalt roads,Dry,Darkness - lights lit,Normal,Vehicle with vehicle collision,2,1,Going straight,Driver or rider,Male,18-30,3,Driver,Normal,Not a Pedestrian,Driving under the influence of drugs,Slight Injury
7:15:00,Monday,31-50,Male,Junior high school,Employee,2-5yr,Lorry (41?100Q),Owner,2-5yrs,No defect, Church areas,One way,Tangent road with flat terrain,Y Shape,Asphalt roads,Dry,Daylight,Normal,Vehicle with vehicle collision,2,2,Other,Driver or rider,Male,31-50,3,,,Not a Pedestrian,Changing lane to the right,Slight Injury
22:00:00,Saturday,Unknown,Male,Junior high school,Employee,2-5yr,Public (12 seats),Owner,,,School areas,Two-way (divided with broken lines road marking),Tangent road with flat terrain,No junction,Asphalt roads,Wet or damp,Darkness - lights lit,Raining,Vehicle with vehicle collision,3,1,Turnover,Pedestrian,Male,31-50,3,Self-employed,Normal,"In carriageway, statioNot a Pedestrianry - not crossing  (standing or playing)",Changing lane to the right,Slight Injury
3:29:00,Tuesday,Unknown,Male,Elementary school,Employee,5-10yr,Automobile,Owner,1-2yr,No defect,Residential areas,Two-way (divided with broken lines road marking),Tangent road with flat terrain,No junction,Asphalt roads,Wet or damp,Darkness - no lighting,Windy,Vehicle with vehicle collision,2,2,Getting off,na,na,na,na,Driver,Normal,Not a Pedestrian,Changing lane to the left,Slight Injury
17:10:00,Thursday,31-50,Male,Elementary school,Employee,1-2yr,,Owner,Above 10yr,No defect,Residential areas,other,Tangent road with rolling terrain,Crossing,Asphalt roads,Dry,Daylight,Normal,Vehicle with vehicle collision,2,1,Going straight,Driver or rider,Male,Under 18,3,Self-employed,Normal,Not a Pedestrian,No priority to vehicle,Serious Injury
16:10:00,Friday,Over 51,Male,Junior high school,Employee,1-2yr,Stationwagen,Owner,Unknown,No defect,Other,Two-way (divided with broken lines road marking),Tangent road with flat terrain,Unknown,Asphalt roads,Dry,Daylight,Normal,Vehicle with vehicle collision,2,1,Waiting to go,Pedestrian,Male,Over 51,3,,,Crossing from nearside - masked by parked or statioNot a Pedestrianry vehicle,Driving carelessly,Slight Injury
12:29:00,Tuesday,31-50,Male,Junior high school,,5-10yr,,Owner,5-10yrs,No defect,Other,Two-way (divided with broken lines road marking),Tangent road with flat terrain,No junction,Asphalt roads,Wet or damp,Darkness - lights lit,Raining,Vehicle with vehicle collision,1,1,Moving Backward,Driver or rider,Male,18-30,2,Self-employed,Normal,Not a Pedestrian,Driving at high speed,Fatal injury
21:34:00,Friday,18-30,Male,High school,Employee,Below 1yr,Other,Owner,5-10yrs,No defect, Church areas,Undivided Two way,Tangent road with flat terrain,No junction,Asphalt roads,Dry,Darkness - lights lit,Normal,Collision with roadside objects,1,3,Other,Driver or rider,Male,Under 18,3,,,Not a Pedestrian,Changing lane to the left,Slight Injury
10:47:00,Thursday,31-50,Male,,,,Lorry (41?100Q),Owner,Unknown,,,Two-way (divided with broken lines road marking),Tangent road with flat terrain,Y Shape,Asphalt roads,Wet or damp,Daylight,Normal,Vehicle with vehicle collision,2,2,Going straight,Driver or rider,Male,31-50,3,Driver,Normal,Not a Pedestrian,No distancing,Slight Injury
17:21:00,Thursday,31-50,Male,Above high school,Employee,5-10yr,Automobile,Organization,,,Residential areas,other,Tangent road with flat terrain,No junction,Earth roads,Wet or damp,Darkness - lights lit,Normal,Collision with roadside objects,4,2,Going straight,Passenger,Male,18-30,3,,,Not a Pedestrian,No priority to pedestrian,Slight Injury
16:20:00,Friday,18-30,Male,Junior high school,Owner,2-5yr,Lorry (11?40Q),Owner,Unknown,No defect,Other,Two-way (divided with broken lines road marking),Tangent road with flat terrain,Y Shape,Asphalt roads,Dry,Daylight,Normal,Vehicle with vehicle collision,2,1,Other,na,na,na,na,Driver,Normal,Not a Pedestrian,Moving Backward,Slight Injury
12:00:00,Thursday,18-30,Male,Junior high school,Owner,5-10yr,Other,Owner,Above 10yr,No defect,Residential areas,Two-way (divided with broken lines road marking),Tangent road with flat terrain,No junction,Asphalt roads,Wet or damp,Daylight,Normal,,2,1,Going straight,na,na,na,na,Driver,Normal,Not a Pedestrian,Changing lane to the right,Slight Injury
22:22:00,Saturday,31-50,Male,Junior high school,Employee,Below 1yr,Other,Owner,1-2yr,No defect, Industrial areas,One way,Tangent road with flat terrain,Crossing,Asphalt roads,Dry,Darkness - lights lit,Normal,Collision with roadside objects,1,1,Entering a junction,Driver or rider,Male,Over 51,3,,,Not a Pedestrian,Driving under the influence of drugs,Slight Injury
14:40:00,Wednesday,18-30,Unknown,Junior high school,Employee,5-10yr,Other,Governmental,2-5yrs,,Residential areas,Two-way (divided with broken lines road marking),,Y Shape,Earth roads,Dry,Daylight,Normal,Collision with roadside objects,2,1,Going straight,Driver or rider,Male,31-50,3,,,Not a Pedestrian,No priority to vehicle,Slight Injury
12:16:00,Sunday,18-30,Male,Junior high school,Owner,Below 1yr,Other,Owner,Unknown,No defect,Other,Two-way (divided with broken lines road marking),Tangent road with flat terrain,No junction,Asphalt roads,Dry,Daylight,Normal,Collision with roadside objects,3,5,Moving Backward,Pedestrian,Female,31-50,3,Driver,,Not a Pedestrian,Changing lane to the left,Fatal injury
21:06:00,Friday,31-50,Male,Junior high school,Employee,2-5yr,Lorry (11?40Q),Owner,5-10yrs,No defect,Office areas,Two-way (divided with broken lines road marking),Tangent road with mild grade and flat terrain,Y Shape,Asphalt roads,Dry,Darkness - lights lit,Normal,Vehicle with vehicle collision,2,1,Going straight,na,na,na,na,Driver,Normal,Not a Pedestrian,No priority to pedestrian,Slight Injury
9:47:00,Wednesday,31-50,Male,Junior high school,Employee,Below 1yr,Pick up upto 10Q,Governmental,1-2yr,No defect,Other,Double carriageway (median),Tangent road with flat terrain,Crossing,Asphalt roads,Dry,Daylight,Normal,Collision with roadside objects,1,1,Going straight,Passenger,Male,18-30,3,,,Not a Pedestrian,Overtaking,Serious Injury
18:45:00,Wednesday,18-30,Male,Junior high school,Employee,2-5yr,Pick up upto 10Q,Owner,1-2yr,No defect, Church areas,Undivided Two way,Tangent road with flat terrain,,Asphalt roads,Dry,Darkness - lights lit,Normal,Rollover,2,3,Turnover,Pedestrian,Male,Under 18,3,,,Not a Pedestrian,Changing lane to the left,Serious Injury
18:35:00,Sunday,31-50,Male,Elementary school,Employee,2-5yr,Lorry (41?100Q),Owner,,No defect,Other,Two-way (divided with broken lines road marking),Tangent road with flat terrain,Crossing,Asphalt roads,Dry,Daylight,Normal,Vehicle with vehicle collision,2,1,Going straight,Passenger,Male,31-50,3,Driver,Normal,Not a Pedestrian,No distancing,Slight Injury
13:15:00,Saturday,18-30,Male,Junior high school,Employee,Below 1yr,Lorry (41?100Q),Owner,,No defect, Church areas,Double carriageway (median),Tangent road with flat terrain,Crossing,Asphalt roads,Dry,Daylight,Normal,,2,1,Going straight,Passenger,Female,Under 18,3,Driver,Normal,Not a Pedestrian,Changing lane to the left,Serious Injury
16:10:00,Thursday,18-30,Male,Junior high school,Employee,5-10yr,Lorry (11?40Q),Owner,2-5yrs,,Other,Undivided Two way,Tangent road with mountainous terrain and,No junction,Asphalt roads,Dry,Daylight,Normal,Vehicle with vehicle collision,2,1,Moving Backward,na,na,na,na,Self-employed,Normal,Not a Pedestrian,Improper parking,Fatal injury
00:10:00,Sunday,18-30,Male,Writing & reading,Employee,5-10yr,Pick up upto 10Q,Owner,Above 10yr,, Church areas,Two-way (divided with broken lines road marking),Steep grade upward with mountainous terrain,,Asphalt roads,Dry,Daylight,Normal,Vehicle with vehicle collision,1,1,Going straight,Pedestrian,Male,18-30,3,Self-employed,Normal,Not a Pedestrian,Overtaking,Fatal injury
17:46:00,Monday,18-30,Male,,Owner,Below 1yr,Motorcycle,Owner,,,Office areas,Undivided Two way,Tangent road with flat terrain,Y Shape,Asphalt roads,Wet or damp,Darkness - lights lit,Raining and Windy,Vehicle with vehicle collision,2,1,Going straight,na,na,na,na,Driver,Normal,Not a Pedestrian,No priority to pedestrian,Slight Injury
13:57:00,Wednesday,Over 51,Female,,,,Public (> 45 seats),Owner,,,Office areas,Undivided Two way,Tangent road with flat terrain,Crossing,Asphalt roads,Dry,Darkness - lights lit,Normal,Vehicle with vehicle collision,4,1,Going straight,na,na,na,na,,Normal,Not a Pedestrian,No distancing,Slight Injury
12:43:00,Saturday,31-50,Male,Junior high school,Employee,5-10yr,,Owner,2-5yrs,No defect,School areas,Undivided Two way,Tangent road with flat terrain,No junction,Asphalt roads,Dry,Daylight,Normal,Vehicle with vehicle collision,2,1,Other,na,na,na,na,Driver,Normal,Not a Pedestrian,Changing lane to the right,Slight Injury
16:04:00,Saturday,31-50,Male,,Employee,5-10yr,Pick up upto 10Q,,,,Unknown,other,Tangent road with flat terrain,Y Shape,Asphalt roads,Wet or damp,Daylight,Normal,Vehicle with vehicle collision,2,5,Going straight,na,na,na,na,,,Not a Pedestrian,Other,Fatal injury
11:32:00,Friday,18-30,Male,Junior high school,Employee,5-10yr,Public (> 45 seats),Owner,,,Office areas,Undivided Two way,Tangent road with flat terrain,No junction,Asphalt roads,Dry,Daylight,Normal,Vehicle with vehicle collision,2,1,Going straight,Pedestrian,Male,Under 18,3,Driver,Normal,Not a Pedestrian,Driving under the influence of drugs,Slight Injury
15:40:00,Tuesday,31-50,Male,Junior high school,Employee,5-10yr,Pick up upto 10Q,Owner,Unknown,,Office areas,Undivided Two way,Tangent road with flat terrain,Y Shape,Asphalt roads,Dry,Daylight,Normal,Rollover,1,1,Reversing,Driver or rider,Male,18-30,3,,,Not a Pedestrian,Turnover,Fatal injury
15:04:00,Saturday,31-50,Male,Junior high school,Employee,5-10yr,Automobile,Owner,,No defect,Residential areas,Two-way (divided with solid lines road marking),Tangent road with flat terrain,Y Shape,Asphalt roads with some distress,Wet or damp,Daylight,Normal,Collision with pedestrians,1,3,Other,na,na,na,na,Driver,Normal,Not a Pedestrian,Moving Backward,Fatal injury
18:15:00,Wednesday,31-50,Male,Junior high school,Owner,Below 1yr,Taxi,Owner,2-5yrs,,Other,,Tangent road with flat terrain,Crossing,Asphalt roads,Dry,Daylight,Normal,Vehicle with vehicle collision,2,1,Going straight,na,na,na,na,,Normal,Not a Pedestrian,Driving carelessly,Slight Injury
12:44:00,Saturday,Under 18,Male,Elementary school,Employee,2-5yr,Other,Owner,Unknown,, Church areas,other,Tangent road with flat terrain,Y Shape,Asphalt roads,Dry,Daylight,Normal,Collision with roadside objects,1,1,Going straight,Driver or rider,Male,18-30,3,Driver,Normal,Not a Pedestrian,Moving Backward,Fatal injury
20:31:00,Saturday,31-50,Male,Junior high school,Employee,1-2yr,Other,Owner,,,Residential areas,Two-way (divided with broken lines road marking),Tangent road with flat terrain,Y Shape,Asphalt roads,Dry,Daylight,Normal,Vehicle with vehicle collision,3,2,Going straight,Driver or rider,Male,18-30,3,Driver,Normal,Not a Pedestrian,Driving at high speed,Slight Injury