Time,Day_of_week,Age_band_of_driver,Sex_of_driver,Educational_level,Vehicle_driver_relation,Driving_experience,Type_of_vehicle,Owner_of_vehicle,Service_year_of_vehicle,Defect_of_vehicle,Area_accident_occured,Lanes_or_Medians,Road_allignment,Types_of_Junction,Road_surface_type,Road_surface_conditions,Light_conditions,Weather_conditions,Type_of_collision,Number_of_vehicles_involved,Number_of_casualties,Vehicle_movement,Casualty_class,Sex_of_casualty,Age_band_of_casualty,Casualty_severity,Work_of_casuality,Fitness_of_casuality,Pedestrian_movement,Cause_of_accident,Accident_severity
7:15:00,Wednesday,Unknown,Female,Elementary school,Employee,5-10yr,Pick up upto 10Q,Owner,,No defect, Industrial areas,Unknown,Tangent road with flat terrain,Y Shape,Asphalt roads,Dry,Darkness - lights lit,Normal,Vehicle with vehicle collision,2,1,Other,na,na,na,na,,,Not a Pedestrian,Moving Backward,Slight Injury
10:16:00,Thursday,Over 51,Male,Junior high school,Employee,1-2yr,Lorry (11?40Q),Owner,Unknown,No defect,Office areas,Undivided Two way,Tangent road with flat terrain,Other,Asphalt roads,Dry,Daylight,Normal,Vehicle with vehicle collision,2,1,Moving Backward,na,na,na,na,Driver,Normal,Not a Pedestrian,Overturning,Slight Injury
16:25:00,Friday,Under 18,Male,Junior high school,Employee,Above 10yr,Lorry (41?100Q),Owner,Unknown,No defect,School areas,Undivided Two way,Tangent road with flat terrain,,Asphalt roads,Dry,Darkness - lights lit,Normal,Vehicle with vehicle collision,1,5,Going straight,Driver or rider,Male,31-50,3,,Normal,Not a Pedestrian,Moving Backward,Fatal injury
13:01:00,Saturday,Over 51,Male,High school,Employee,2-5yr,Pick up upto 10Q,Owner,Above 10yr,No defect,Residential areas,other,Tangent road with flat terrain,,Asphalt roads,Dry,Daylight,Normal,Vehicle with vehicle collision,2,1,Moving Backward,na,na,na,na,Self-employed,Normal,Not a Pedestrian,No priority to vehicle,Slight Injury
14:15:00,Friday,31-50,Male,Elementary school,Employee,Above 10yr,Automobile,Owner,,No defect,Other,Undivided Two way,Tangent road with flat terrain,Y Shape,Asphalt roads,Dry,Daylight,Normal,Vehicle with vehicle collision,1,1,Going straight,Pedestrian,Female,Over 51,3,,Normal,Crossing from nearside - masked by parked or statioNot a Pedestrianry vehicle,No distancing,Slight Injury
17:43:00,Friday,18-30,Male,Above high school,Employee,2-5yr,Automobile,Owner,2-5yrs,No defect,  Market areas,Undivided Two way,Tangent road with flat terrain,Crossing,Asphalt roads,Dry,Daylight,Normal,Collision with roadside objects,2,2,Going straight,Pedestrian,Male,Under 18,2,Driver,Normal,Crossing from nearside - masked by parked or statioNot a Pedestrianry vehicle,No priority to pedestrian,Slight Injury
16:25:00,Friday,31-50,Male,High school,Owner,2-5yr,Public (> 45 seats),Owner,5-10yrs,No defect,Office areas,Two-way (divided with broken lines road marking),Tangent road with flat terrain,,Asphalt roads,Dry,Darkness - lights lit,Normal,Collision with pedestrians,1,4,Going straight,Driver or rider,Female,18-30,3,Driver,Normal,Not a Pedestrian,Overloading,Fatal injury
01:10:00,Sunday,18-30,Female,Writing & reading,Employee,5-10yr,Lorry (11?40Q),Owner,2-5yrs,No defect,Other,other,Tangent road with flat terrain,,Asphalt roads,Dry,Daylight,Normal,Collision with pedestrians,2,1,Other,Driver or rider,Male,Under 18,3,Driver,Normal,Not a Pedestrian,Getting off the vehicle improperly,Fatal injury
12:05:00,Saturday,31-50,Male,Junior high school,Employee,Above 10yr,Lorry (41?100Q),Owner,Above 10yr,,  Market areas,other,Steep grade downward with mountainous terrain,Y Shape,Asphalt roads,Dry,Daylight,Normal,Collision with roadside objects,2,1,Going straight,na,na,na,na,Driver,Normal,Not a Pedestrian,No distancing,Slight Injury
12:30:00,Saturday,31-50,Male,Above high school,Employee,1-2yr,Automobile,Owner,2-5yrs,No defect,Other,Undivided Two way,Tangent road with flat terrain,No junction,Earth roads,Dry,Daylight,Normal,Collision with pedestrians,2,2,Going straight,Driver or rider,Male,18-30,3,Employee,Normal,Not a Pedestrian,Moving Backward,Fatal injury
19:03:00,Saturday,31-50,Male,,,,Taxi,Owner,Unknown,No defect,Office areas,other,Tangent road with flat terrain,No junction,Earth roads,Dry,Daylight,Normal,Vehicle with vehicle collision,1,4,Going straight,Pedestrian,Male,31-50,3,Self-employed,Normal,Not a Pedestrian,Changing lane to the right,Fatal injury
2:20:00,Saturday,31-50,Male,Elementary school,Employee,2-5yr,Stationwagen,Owner,,No defect,Residential areas,Two-way (divided with broken lines road marking),Tangent road with flat terrain,No junction,Asphalt roads,Wet or damp,Darkness - lights lit,Normal,Vehicle with vehicle collision,2,1,Getting off,na,na,na,na,,,Not a Pedestrian,Changing lane to the right,Serious Injury
16:36:00,Thursday,31-50,Male,High school,Employee,Below 1yr,Automobile,,,,,Two-way (divided with broken lines road marking),Tangent road with flat terrain,Y Shape,Asphalt roads,Dry,Daylight,Normal,Vehicle with vehicle collision,1,1,Going straight,Driver or rider,Female,18-30,3,Driver,Normal,Not a Pedestrian,No distancing,Fatal injury
16:10:00,Thursday,31-50,Male,High school,Owner,2-5yr,Lorry (41?100Q),Owner,1-2yr,No defect,School areas,Two-way (divided with broken lines road marking),Tangent road with flat terrain,Y Shape,Asphalt roads,Dry,Darkness - lights lit,Normal,Vehicle with vehicle collision,2,1,Other,Pedestrian,Male,Over 51,3,Driver,Normal,Crossing from nearside - masked by parked or statioNot a Pedestrianry vehicle,Overtaking,Fatal injury
13:09:00,Tuesday,31-50,Male,Junior high school,Employee,2-5yr,Automobile,Owner,2-5yrs,,Other,Undivided Two way,Tangent road with flat terrain,,Asphalt roads,Dry,Daylight,Normal,Collision with roadside objects,2,2,Going straight,Driver or rider,Male,18-30,3,Driver,Normal,Not a Pedestrian,Driving carelessly,Fatal injury
23:25:00,Wednesday,Over 51,Unknown,Elementary school,Owner,2-5yr,Stationwagen,Owner,,No defect,Office areas,other,Tangent road with flat terrain,Crossing,Asphalt roads,Dry,Darkness - lights lit,Normal,Rollover,2,3,Going straight,Driver or rider,Female,18-30,3,Driver,,Not a Pedestrian,Driving carelessly,Slight Injury
18:00:00,Saturday,Unknown,Male,Junior high school,Employee,5-10yr,Public (13?45 seats),Owner,,No defect,Office areas,One way,Tangent road with flat terrain,Y Shape,Asphalt roads,Dry,Daylight,Normal,Vehicle with vehicle collision,2,3,Going straight,na,na,na,na,Driver,Normal,Not a Pedestrian,Changing lane to the left,Fatal injury
20:55:00,Sunday,31-50,Male,,Owner,5-10yr,Other,Owner,,No defect,Residential areas,Undivided Two way,Tangent road with flat terrain,,Asphalt roads,Wet or damp,Daylight,Raining,Vehicle with vehicle collision,2,4,Getting off,na,na,na,na,Driver,Normal,Not a Pedestrian,Driving to the left,Fatal injury
14:09:00,Tuesday,Over 51,Male,Junior high school,Employee,1-2yr,Stationwagen,Owner,2-5yrs,,Residential areas,Undivided Two way,Tangent road with flat terrain,,Asphalt roads,Dry,Daylight,Normal,Vehicle with vehicle collision,3,3,Going straight,Driver or rider,Female,18-30,3,,,Not a Pedestrian,No distancing,Fatal injury
4:49:00,Monday,Unknown,Male,Junior high school,Employee,Above 10yr,Public (> 45 seats),Owner,5-10yrs,No defect,Other,Two-way (divided with broken lines road marking),Tangent road with mild grade and flat terrain,Y Shape,Earth roads,Dry,Darkness - lights lit,Normal,Vehicle with vehicle collision,1,1,Going straight,Driver or rider,Male,Over 51,2,,,Not a Pedestrian,Driving carelessly,Slight Injury
8:35:00,Thursday,18-30,Male,Junior high school,Employee,1-2yr,Stationwagen,Owner,1-2yr,No defect,Office areas,Undivided Two way,Tangent road with flat terrain,No junction,Asphalt roads,Wet or damp,Daylight,Raining,Vehicle with vehicle collision,2,1,Going straight,Driver or rider,Male,18-30,2,Driver,Normal,Not a Pedestrian,Changing lane to the left,Slight Injury
0:45:00,Thursday,18-30,Male,Junior high school,Employee,5-10yr,Lorry (41?100Q),,,, Church areas,Two-way (divided with broken lines road marking),Tangent road with flat terrain,No junction,Asphalt roads,Wet or damp,Darkness - no lighting,Other,,2,1,Going straight,na,na,na,na,,,Not a Pedestrian,Moving Backward,Slight Injury
18:22:00,Wednesday,18-30,Male,Junior high school,Employee,Above 10yr,,Organization,5-10yrs,No defect, Hospital areas,Undivided Two way,Tangent road with mountainous terrain and,No junction,Asphalt roads,Dry,Daylight,Normal,Vehicle with vehicle collision,2,1,Going straight,Driver or rider,Male,18-30,3,Employee,Normal,Not a Pedestrian,Changing lane to the left,Slight Injury
11:29:00,Saturday,Over 51,Male,Junior high school,Employee,2-5yr,Ridden horse,Owner,Unknown,No defect,Office areas,Undivided Two way,Tangent road with flat terrain,Y Shape,Asphalt roads,Dry,Daylight,Normal,Vehicle with vehicle collision,2,3,Going straight,Driver or rider,Female,Under 18,3,Driver,Normal,Not a Pedestrian,Other,Slight Injury
8:40:00,Sunday,31-50,Male,Writing & reading,Owner,5-10yr,,Owner,2-5yrs,No defect,School areas,Undivided Two way,Tangent road with flat terrain,Y Shape,Asphalt roads,Wet or damp,Darkness - lights lit,Raining,Collision with roadside objects,2,1,Going straight,Driver or rider,Male,18-30,3,,,Not a Pedestrian,Driving to the left,Slight Injury
8:20:00,Sunday,18-30,Male,Junior high school,,,Lorry (41?100Q),Owner,,No defect,Office areas,other,Tangent road with flat terrain,Y Shape,Asphalt roads,Wet or damp,Daylight,Raining,Vehicle with vehicle collision,1,1,Going straight,na,na,na,na,Self-employed,Normal,Not a Pedestrian,Driving at high speed,Serious Injury
21:15:00,Sunday,Unknown,Female,Junior high school,Employee,2-5yr,Automobile,Owner,2-5yrs,No defect,Other,Two-way (divided with broken lines road marking),Tangent road with flat terrain,No junction,Asphalt roads,Dry,Darkness - lights lit,Normal,Vehicle with vehicle collision,2,1,Going straight,na,na,na,na,Driver,Normal,Not a Pedestrian,No distancing,Slight Injury
18:45:00,Thursday,Over 51,Male,Junior high school,Employee,Above 10yr,,Owner,,No defect,School areas,other,Steep grade downward with mountainous terrain,Crossing,Asphalt roads,Dry,Daylight,Normal,Collision with roadside objects,1,1,Going straight,Passenger,Male,18-30,3,Driver,Normal,Not a Pedestrian,No distancing,Slight Injury
7:25:00,Thursday,Unknown,Male,Junior high school,Employee,2-5yr,Automobile,Owner,5-10yrs,,Other,Undivided Two way,Tangent road with flat terrain,T Shape,Asphalt roads,Dry,Daylight,Normal,Vehicle with vehicle collision,2,1,Moving Backward,Driver or rider,Male,31-50,3,,,Not a Pedestrian,Driving carelessly,Slight Injury
21:15:00,Sunday,18-30,Male,Junior high school,Employee,5-10yr,Automobile,Owner,1-2yr,No defect,Other,other,Tangent road with flat terrain,No junction,Asphalt roads,Dry,Darkness - lights lit,Normal,Vehicle with vehicle collision,2,5,Going straight,Driver or rider,Male,Under 18,3,Driver,Normal,Not a Pedestrian,Driving carelessly,Fatal injury
22:15:00,Thursday,18-30,Male,Above high school,Employee,Above 10yr,Automobile,Owner,Above 10yr,No defect,Other,Two-way (divided with broken lines road marking),Tangent road with flat terrain,Crossing,Asphalt roads,Dry,Darkness - lights lit,Normal,Vehicle with vehicle collision,2,1,Turnover,Driver or rider,Female,18-30,3,,Normal,Not a Pedestrian,Driving carelessly,Fatal injury
12:10:00,Friday,18-30,Male,Junior high school,Employee,Below 1yr,Lorry (41?100Q),Owner,,No defect,Residential areas,Undivided Two way,Tangent road with flat terrain,Y Shape,Asphalt roads,Dry,Daylight,Normal,Vehicle with vehicle collision,2,1,Going straight,Driver or rider,Female,31-50,3,Self-employed,Normal,Not a Pedestrian,Driving carelessly,Slight Injury
13:12:00,Saturday,31-50,Male,Junior high school,Employee,5-10yr,Lorry (41?100Q),Owner,2-5yrs,No defect,Rural village areas,Undivided Two way,Gentle horizontal curve,No junction,Asphalt roads,Dry,Daylight,Normal,Vehicle with vehicle collision,2,1,Going straight,Driver or rider,Male,31-50,3,Self-employed,Normal,Not a Pedestrian,Changing lane to the right,Slight Injury
15:55:00,Thursday,18-30,Male,Junior high school,Employee,Below 1yr,Public (12 seats),Owner,Unknown,No defect,Other,other,Tangent road with flat terrain,Y Shape,Other,Wet or damp,Daylight,Raining,Vehicle with vehicle collision,2,3,Moving Backward,Passenger,Female,31-50,3,Driver,Normal,Not a Pedestrian,Changing lane to the right,Slight Injury
16:10:00,Thursday,31-50,Male,Junior high school,Employee,1-2yr,Other,Owner,Below 1yr,No defect,Residential areas,Two-way (divided with broken lines road marking),Tangent road with flat terrain,Y Shape,Asphalt roads,Dry,Darkness - lights lit,Normal,Vehicle with vehicle collision,3,1,Going straight,na,na,na,na,Driver,Normal,Not a Pedestrian,Overloading,Fatal injury
08:10:00,Monday,Over 51,Male,Junior high school,Employee,Above 10yr,Lorry (41?100Q),Owner,Unknown,No defect,Office areas,Two-way (divided with broken lines road marking),Tangent road with flat terrain,Y Shape,Asphalt roads,Wet or damp,Daylight,Normal,Collision with pedestrians,1,1,Unknown,Driver or rider,Male,31-50,3,Driver,Normal,Not a Pedestrian,Other,Fatal injury
19:00:00,Tuesday,31-50,Male,High school,Employee,2-5yr,Automobile,,1-2yr,,Residential areas,Undivided Two way,Steep grade downward with mountainous terrain,No junction,Asphalt roads,Dry,Darkness - lights lit,Normal,Vehicle with vehicle collision,2,1,Moving Backward,Driver or rider,Female,31-50,3,Driver,Normal,Not a Pedestrian,Changing lane to the right,Slight Injury
7:20:00,Wednesday,18-30,Male,Junior high school,Employee,5-10yr,Lorry (41?100Q),Owner,,,Office areas,Undivided Two way,Tangent road with flat terrain,No junction,Asphalt roads,Dry,Daylight,Unknown,Collision with roadside objects,2,1,,Driver or rider,Female,18-30,3,,,Not a Pedestrian,No distancing,Serious Injury
23:51:00,Friday,Unknown,Female,Junior high school,Employee,1-2yr,,Governmental,Below 1yr,No defect,Residential areas,other,Steep grade downward with mountainous terrain,Y Shape,Asphalt roads,Wet or damp,Darkness - lights lit,Normal,Vehicle with vehicle collision,1,1,Going straight,Pedestrian,Female,31-50,3,Self-employed,Normal,Crossing from nearside - masked by parked or statioNot a Pedestrianry vehicle,Driving carelessly,Fatal injury
15:10:00,Friday,Over 51,Male,Junior high school,Employee,2-5yr,Lorry (41?100Q),Owner,,No defect,Office areas,One way,Tangent road with flat terrain,No junction,Asphalt roads,Wet or damp,Darkness - lights lit,Normal,Vehicle with vehicle collision,2,3,Going straight,Driver or rider,Female,18-30,3,Driver,Normal,Not a Pedestrian,No priority to vehicle,Slight Injury
03:32:00,Saturday,Under 18,Male,Junior high school,Owner,5-10yr,Automobile,Owner,Unknown,,Residential areas,,Tangent road with flat terrain,No junction,Asphalt roads,Dry,Darkness - lights lit,Normal,Vehicle with vehicle collision,1,3,Going straight,Driver or rider,Male,Over 51,3,,,Not a Pedestrian,Changing lane to the left,Fatal injury
12:25:00,Saturday,18-30,Male,,,,Stationwagen,Owner,Below 1yr,No defect,Other,Undivided Two way,Tangent road with flat terrain,No junction,Asphalt roads,Dry,Daylight,Normal,Collision with pedestrians,2,1,Going straight,Driver or rider,Male,18-30,3,Employee,Normal,Not a Pedestrian,Other,Slight Injury
15:00:00,Thursday,18-30,Male,Elementary school,Employee,5-10yr,Long lorry,Owner,Unknown,,Other,,Tangent road with flat terrain,No junction,Asphalt roads,Dry,Daylight,Normal,Vehicle with vehicle collision,2,1,Going straight,Driver or rider,Male,18-30,2,Driver,Normal,Not a Pedestrian,Driving under the influence of drugs,Slight Injury
22:40:00,Tuesday,Unknown,Female,Junior high school,Employee,No Licence,Public (> 45 seats),Owner,,No defect, Church areas,Undivided Two way,Tangent road with flat terrain,No junction,Asphalt roads,Dry,Darkness - lights lit,Normal,Vehicle with vehicle collision,7,1,Going straight,na,na,na,na,Self-employed,Normal,Not a Pedestrian,No priority to vehicle,Slight Injury
15:00:00,Sunday,18-30,Male,High school,Employee,1-2yr,Automobile,Owner,,No defect,Residential areas,Undivided Two way,Tangent road with flat terrain,Y Shape,Asphalt roads,Dry,Daylight,Normal,Rollover,2,1,Going straight,na,na,na,na,,,Not a Pedestrian,No priority to vehicle,Slight Injury
02:18:00,Saturday,18-30,Male,Junior high school,Employee,2-5yr,Special vehicle,Governmental,Above 10yr,No defect,Other,Two-way (divided with broken lines road marking),Tangent road with flat terrain,No junction,Asphalt roads,Dry,Darkness - lights lit,Normal,Vehicle with vehicle collision,1,3,Other,Driver or rider,Female,18-30,3,Other,Normal,Not a Pedestrian,Changing lane to the left,Fatal injury
19:08:00,Saturday,18-30,Male,Junior high school,Employee,2-5yr,Automobile,Owner,1-2yr,No defect,Rural village areas,Undivided Two way,Gentle horizontal curve,Y Shape,Asphalt roads,Dry,Darkness - no lighting,Normal,Vehicle with vehicle collision,3,4,Going straight,Passenger,Female,18-30,3,,,Not a Pedestrian,Driving carelessly,Fatal injury
21:30:00,Sunday,Over 51,Male,Elementary school,Employee,5-10yr,Automobile,Governmental,,No defect,Residential areas,Two-way (divided with broken lines road marking),Tangent road with flat terrain,Crossing,Asphalt roads,Dry,Darkness - lights lit,Normal,Collision with pedestrians,3,4,Going straight,Driver or rider,Female,31-50,3,,,Not a Pedestrian,Moving Backward,Fatal injury
17:25:00,Sunday,18-30,Male,Junior high school,Owner,Above 10yr,Public (13?45 seats),Owner,1-2yr,,Office areas,Two-way (divided with broken lines road marking),Tangent road with flat terrain,No junction,Asphalt roads,Wet or damp,Daylight,Raining,Collision with roadside objects,1,4,Reversing,na,na,na,na,Self-employed,Normal,Not a Pedestrian,Moving Backward,Fatal injury
11:16:00,Sunday,18-30,Male,Junior high school,Owner,Below 1yr,Other,Owner,Unknown,No defect,Other,Two-way (divided with broken lines road marking),Tangent road with flat terrain,No junction,Asphalt roads,Dry,Daylight,Normal,Collision with roadside objects,3,5,Moving Backward,Pedestrian,Female,31-50,3,Driver,,Not a Pedestrian,Changing lane to the left,Fatal injury
21:20:00,Saturday,Under 18,Male,Junior high school,Employee,2-5yr,Automobile,,2-5yrs,, Hospital areas,One way,,Y Shape,Asphalt roads,Dry,Daylight,Normal,Vehicle with vehicle collision,1,2,Going straight,na,na,na,na,Driver,Normal,Not a Pedestrian,Driving under the influence of drugs,Serious Injury
17:50:00,Thursday,18-30,Male,High school,Employee,Above 10yr,,Owner,,No defect, Church areas,Undivided Two way,Tangent road with flat terrain,No junction,Asphalt roads,Dry,Daylight,Normal,Vehicle with vehicle collision,3,2,Reversing,Driver or rider,Male,18-30,3,,,Not a Pedestrian,No distancing,Slight Injury
16:55:00,Thursday,31-50,Male,Elementary school,Employee,1-2yr,Lorry (41?100Q),Owner,Unknown,No defect, Church areas,Undivided Two way,Tangent road with flat terrain,Y Shape,Asphalt roads,Dry,Daylight,Normal,Vehicle with vehicle collision,1,1,,Driver or rider,Male,18-30,3,Driver,Normal,Not a Pedestrian,No priority to pedestrian,Slight Injury
15:20:00,Wednesday,31-50,Male,Junior high school,Employee,Above 10yr,Public (12 seats),Organization,Above 10yr,, Hospital areas,Two-way (divided with broken lines road marking),Tangent road with flat terrain,No junction,Asphalt roads,Dry,Daylight,Normal,Collision with roadside objects,1,1,Going straight,na,na,na,na,Self-employed,Normal,Not a Pedestrian,Overtaking,Slight Injury
18:32:00,Tuesday,18-30,Male,Junior high school,,1-2yr,Public (12 seats),Owner,,No defect,Other,Two-way (divided with broken lines road marking),Tangent road with flat terrain,O Shape,Asphalt roads,Dry,Daylight,Normal,Collision with pedestrians,2,1,Going straight,na,na,na,na,Driver,Normal,Not a Pedestrian,Driving carelessly,Slight Injury
5:55:00,Friday,18-30,Male,High school,Owner,Below 1yr,Automobile,Owner,2-5yrs,No defect,Residential areas,Undivided Two way,Tangent road with flat terrain,Y Shape,Asphalt roads,Dry,Darkness - no lighting,Normal,Collision with roadside objects,2,3,Going straight,na,na,na,na,Driver,Normal,Not a Pedestrian,Driving carelessly,Slight Injury
23:30:00,Monday,18-30,Male,,,,Automobile,Owner,Unknown,No defect,Residential areas,Undivided Two way,Tangent road with flat terrain,Crossing,Asphalt roads,Dry,Darkness - lights lit,Normal,Vehicle with vehicle collision,2,2,Going straight,na,na,na,na,Driver,Normal,Not a Pedestrian,Overtaking,Slight Injury
9:05:00,Monday,Unknown,Male,Elementary school,Employee,5-10yr,Lorry (11?40Q),Owner,2-5yrs,No defect,Other,Double carriageway (median),Tangent road with flat terrain,Y Shape,,Dry,Daylight,Unknown,Rollover,3,4,Going straight,Driver or rider,Male,5,3,,,Not a Pedestrian,No distancing,Serious Injury
21:45:00,Monday,Unknown,Male,Above high school,Employee,1-2yr,Automobile,Owner,,No defect,Other,Double carriageway (median),Tangent road with flat terrain,No junction,Asphalt roads,Wet or damp,Darkness - lights lit,Other,Collision with animals,4,1,Going straight,na,na,na,na,Driver,Normal,Not a Pedestrian,Changing lane to the right,Slight Injury
19:28:00,Wednesday,31-50,Male,Junior high school,Employee,2-5yr,Stationwagen,Owner,Below 1yr,,Office areas,Two-way (divided with broken lines road marking),Tangent road with flat terrain,Y Shape,Asphalt roads,Dry,Daylight,Normal,Vehicle with vehicle collision,2,1,Other,na,na,na,na,Self-employed,Normal,Not a Pedestrian,Changing lane to the left,Slight Injury
20:03:00,Saturday,31-50,Male,,,,Taxi,Owner,Unknown,No defect,Office areas,other,Tangent road with flat terrain,No junction,Earth roads,Dry,Daylight,Normal,Vehicle with vehicle collision,2,3,Going straight,Pedestrian,Male,31-50,3,Self-employed,Normal,Not a Pedestrian,Changing lane to the right,Fatal injury
8:15:00,Tuesday,31-50,Male,,,5-10yr,Other,Owner,Above 10yr,, Industrial areas,,Tangent road with flat terrain,No junction,Earth roads,Dry,Daylight,Normal,Vehicle with vehicle collision,2,3,Other,na,na,na,na,Self-employed,Normal,Not a Pedestrian,No priority to pedestrian,Slight Injury
20:15:00,Sunday,18-30,Male,Junior high school,Owner,Above 10yr,,Owner,Unknown,No defect,Other,Undivided Two way,Tangent road with flat terrain,No junction,Asphalt roads,Dry,Darkness - lights lit,Normal,Vehicle with vehicle collision,1,4,Other,Driver or rider,Female,31-50,3,Driver,Normal,Not a Pedestrian,Changing lane to the left,Fatal injury
17:10:00,Thursday,18-30,Male,Junior high school,Employee,5-10yr,Lorry (11?40Q),Owner,2-5yrs,,Other,Undivided Two way,Tangent road with mountainous terrain and,No junction,Asphalt roads,Dry,Daylight,Normal,Vehicle with vehicle collision,3,1,Moving Backward,na,na,na,na,Self-employed,Normal,Not a Pedestrian,Improper parking,Fatal injury
21:30:00,Sunday,18-30,Male,,,,Pick up upto 10Q,Owner,,No defect, Church areas,Two-way (divided with broken lines road marking),Tangent road with flat terrain,Crossing,Asphalt roads,Dry,Darkness - lights lit,Normal,Vehicle with vehicle collision,2,4,Going straight,Driver or rider,Female,18-30,3,,,Not a Pedestrian,Driving carelessly,Fatal injury
13:07:00,Sunday,31-50,Male,Junior high school,Employee,2-5yr,Lorry (41?100Q),Organization,2-5yrs,,Other,Undivided Two way,Tangent road with flat terrain,Crossing,Asphalt roads,Wet or damp,Daylight,Raining,Vehicle with vehicle collision,2,2,Turnover,Passenger,Female,18-30,3,Driver,Normal,Not a Pedestrian,Moving Backward,Slight Injury
15:25:00,Sunday,18-30,Male,Junior high school,Employee,Above 10yr,Automobile,Governmental,Unknown,No defect,Other,One way,Tangent road with flat terrain,No junction,Asphalt roads,Wet or damp,Daylight,Raining,Vehicle with vehicle collision,2,3,,Driver or rider,Male,Under 18,3,Self-employed,Normal,Not a Pedestrian,No priority to vehicle,Fatal injury
18:00:00,Friday,Unknown,Male,Junior high school,Employee,5-10yr,Automobile,Owner,2-5yrs,No defect,Residential areas,Undivided Two way,Tangent road with flat terrain,,Asphalt roads,Dry,Darkness - lights lit,Normal,Vehicle with vehicle collision,1,1,Stopping,na,na,na,na,Other,Normal,Not a Pedestrian,No distancing,Fatal injury
17:00:00,Saturday,18-30,Male,Junior high school,Employee,Above 10yr,,Owner,Unknown,No defect,Office areas,,Steep grade downward with mountainous terrain,Crossing,Asphalt roads,Dry,Daylight,Normal,Collision with roadside objects,3,2,Other,Driver or rider,Male,18-30,3,Self-employed,Normal,Not a Pedestrian,Other,Slight Injury
7:00:00,Thursday,31-50,Male,Junior high school,Employee,Above 10yr,Taxi,Governmental,,No defect,Other,Two-way (divided with broken lines road marking),Tangent road with flat terrain,,Asphalt roads,Dry,Daylight,Normal,Vehicle with vehicle collision,3,2,Going straight,Pedestrian,Female,18-30,3,Driver,Normal,Not a Pedestrian,Moving Backward,Slight Injury
9:27:00,Friday,18-30,Male,Junior high school,Employee,,Lorry (41?100Q),Owner,Above 10yr,,Other,Two-way (divided with broken lines road marking),Tangent road with flat terrain,Y Shape,Asphalt roads,Dry,Daylight,Normal,Vehicle with vehicle collision,2,1,Going straight,Driver or rider,Male,31-50,3,Driver,Normal,Not a Pedestrian,No distancing,Slight Injury
15:17:00,Sunday,31-50,Male,Junior high school,Employee,5-10yr,Automobile,Owner,2-5yrs,No defect,Office areas,Double carriageway (median),Tangent road with flat terrain,No junction,Asphalt roads,Dry,Daylight,Normal,Vehicle with vehicle collision,3,1,Reversing,Driver or rider,Male,18-30,3,Self-employed,Normal,Not a Pedestrian,Moving Backward,Fatal injury
22:00:00,Monday,18-30,Male,Junior high school,Employee,,Lorry (11?40Q),Owner,,No defect,Office areas,One way,Tangent road with flat terrain,No junction,Asphalt roads,Wet or damp,Darkness - lights lit,Normal,Collision with roadside objects,2,1,Going straight,na,na,na,na,Self-employed,Normal,Not a Pedestrian,No priority to vehicle,Slight Injury
15:30:00,Tuesday,31-50,Male,Junior high school,Employee,Above 10yr,Lorry (41?100Q),Owner,Unknown,No defect, Industrial areas,Undivided Two way,Tangent road with mild grade and flat terrain,Y Shape,Asphalt roads,Dry,Darkness - lights lit,Normal,Rollover,1,1,Going straight,Driver or rider,Male,31-50,3,,Other,Not a Pedestrian,Driving carelessly,Fatal injury
19:08:00,Tuesday,18-30,Male,Elementary school,Employee,5-10yr,Pick up upto 10Q,Owner,,No defect,Office areas,Double carriageway (median),Tangent road with flat terrain,,Asphalt roads,Dry,Darkness - lights lit,Normal,Vehicle with vehicle collision,3,3,Going straight,na,na,na,na,Driver,Normal,Not a Pedestrian,Other,Slight Injury
11:20:00,Wednesday,31-50,Male,Junior high school,Employee,5-10yr,Public (13?45 seats),Owner,,,Office areas,other,Tangent road with flat terrain,Crossing,Asphalt roads,Dry,Daylight,Normal,Vehicle with vehicle collision,2,1,Going straight,na,na,na,na,Other,Normal,Not a Pedestrian,Other,Slight Injury
9:05:00,Friday,18-30,Female,Junior high school,Employee,Below 1yr,Automobile,Owner,2-5yrs,,Other,One way,Tangent road with flat terrain,Crossing,Asphalt roads,Wet or damp,Darkness - lights lit,Normal,Vehicle with vehicle collision,2,2,,na,na,na,na,,Normal,Not a Pedestrian,Getting off the vehicle improperly,Slight Injury
21:00:00,Saturday,18-30,Male,,,,,,,,,Two-way (divided with broken lines road marking),Tangent road with flat terrain,Y Shape,Asphalt roads,Wet or damp,Darkness - lights lit,Raining,Collision with pedestrians,1,1,Going straight,na,na,na,na,Driver,Normal,Not a Pedestrian,Driving under the influence of drugs,Fatal injury
17:08:00,Saturday,18-30,Male,Junior high school,Employee,2-5yr,Automobile,Owner,1-2yr,No defect,Rural village areas,Undivided Two way,Gentle horizontal curve,Y Shape,Asphalt roads,Dry,Darkness - no lighting,Normal,Vehicle with vehicle collision,1,5,Going straight,Passenger,Female,18-30,3,,,Not a Pedestrian,Driving carelessly,Fatal injury
17:08:00,Saturday,18-30,Male,Junior high school,Employee,2-5yr,Automobile,Owner,1-2yr,No defect,Rural village areas,Undivided Two way,Gentle horizontal curve,Y Shape,Asphalt roads,Dry,Darkness - no lighting,Normal,Vehicle with vehicle collision,2,4,Going straight,Passenger,Female,18-30,3,,,Not a Pedestrian,Driving carelessly,Fatal injury