Time,Day_of_week,Age_band_of_driver,Sex_of_driver,Educational_level,Vehicle_driver_relation,Driving_experience,Type_of_vehicle,Owner_of_vehicle,Service_year_of_vehicle,Defect_of_vehicle,Area_accident_occured,Lanes_or_Medians,Road_allignment,Types_of_Junction,Road_surface_type,Road_surface_conditions,Light_conditions,Weather_conditions,Type_of_collision,Number_of_vehicles_involved,Number_of_casualties,Vehicle_movement,Casualty_class,Sex_of_casualty,Age_band_of_casualty,Casualty_severity,Work_of_casuality,Fitness_of_casuality,Pedestrian_movement,Cause_of_accident,Accident_severity
13:38:00,Sunday,18-30,Male,Junior high school,Employee,2-5yr,Automobile,Owner,5-10yrs,No defect,Residential areas,Undivided Two way,Tangent road with flat terrain,Y Shape,Asphalt roads,Dry,Daylight,Normal,Vehicle with vehicle collision,3,2,Going straight,Passenger,Female,Over 51,3,,Normal,Not a Pedestrian,Changing lane to the right,Slight Injury
11:00:00,Wednesday,Unknown,Male,High school,Employee,1-2yr,Pick up upto 10Q,Owner,Above 10yr,,Other,other,Steep grade downward with mountainous terrain,No junction,Asphalt roads,Dry,Daylight,Normal,Vehicle with vehicle collision,1,1,Going straight,Driver or rider,Male,18-30,2,Driver,Normal,Not a Pedestrian,Driving carelessly,Serious Injury
11:38:00,Saturday,Over 51,Male,Elementary school,Owner,2-5yr,Other,Governmental,2-5yrs,,Office areas,Undivided Two way,Tangent road with flat terrain,No junction,Asphalt roads,Dry,Daylight,Normal,Vehicle with vehicle collision,3,3,Going straight,na,na,na,na,Driver,Normal,Not a Pedestrian,No distancing,Slight Injury
15:33:00,Tuesday,31-50,Male,Junior high school,Employee,2-5yr,Automobile,Governmental,2-5yrs,No defect,Other,Two-way (divided with broken lines road marking),Tangent road with flat terrain,Crossing,Asphalt roads,Dry,Darkness - lights lit,Normal,Vehicle with vehicle collision,3,3,Going straight,na,na,na,na,Driver,Normal,Not a Pedestrian,Other,Slight Injury
08:59:00,Monday,31-50,Male,,Owner,,Motorcycle,Owner,Unknown,,Office areas,One way,Tangent road with flat terrain,Unknown,Asphalt roads,Dry,Daylight,Normal,Vehicle with vehicle collision,2,1,Going straight,Passenger,Female,Under 18,3,,,Not a Pedestrian,Other,Fatal injury
0:01:00,Saturday,18-30,Male,Junior high school,Employee,5-10yr,Lorry (41?100Q),Owner,Above 10yr,No defect, Church areas,Undivided Two way,Sharp reverse curve,Crossing,Asphalt roads,Dry,Darkness - lights lit,Normal,Vehicle with vehicle collision,3,3,Going straight,na,na,na,na,,,Not a Pedestrian,Moving Backward,Slight Injury
16:55:00,Tuesday,18-30,Male,Junior high school,Employee,2-5yr,Stationwagen,Owner,Unknown,No defect,Office areas,,Tangent road with flat terrain,No junction,Asphalt roads,Dry,Darkness - lights lit,Normal,Vehicle with vehicle collision,1,1,Going straight,Pedestrian,Female,Over 51,3,Driver,Normal,Unknown or other,Moving Backward,Fatal injury
10:45:00,Friday,Over 51,Male,Elementary school,Owner,Above 10yr,Other,Owner,,No defect,Office areas,Double carriageway (median),Tangent road with flat terrain,No junction,Asphalt roads,Dry,Daylight,Normal,Vehicle with vehicle collision,2,1,Going straight,Driver or rider,Male,18-30,3,,Normal,Not a Pedestrian,Changing lane to the left,Slight Injury
16:56:00,Friday,Over 51,Male,,Owner,Below 1yr,Automobile,Owner,2-5yrs,No defect,Other,Two-way (divided with broken lines road marking),Tangent road with flat terrain,,Asphalt roads,Wet or damp,Daylight,Normal,Vehicle with vehicle collision,1,1,Going straight,na,na,na,na,,,Not a Pedestrian,No distancing,Serious Injury
14:57:00,Friday,31-50,Male,Junior high school,Employee,Above 10yr,Automobile,Organization,5-10yrs,No defect,Office areas,Two-way (divided with broken lines road marking),Gentle horizontal curve,,,Dry,Daylight,Normal,Collision with pedestrians,3,1,Moving Backward,na,na,na,na,Driver,Normal,Not a Pedestrian,Other,Serious Injury
19:35:00,Saturday,31-50,Male,Elementary school,Employee,5-10yr,Pick up upto 10Q,Owner,5-10yrs,,Office areas,Undivided Two way,Tangent road with flat terrain,Y Shape,Asphalt roads,Wet or damp,Daylight,Raining,Vehicle with vehicle collision,1,4,Going straight,Driver or rider,Male,Over 51,3,Driver,Normal,Not a Pedestrian,Driving carelessly,Fatal injury
19:00:00,Tuesday,31-50,Male,Junior high school,Employee,5-10yr,Automobile,Owner,,, Church areas,Undivided Two way,Tangent road with flat terrain,No junction,Asphalt roads,Dry,Daylight,Normal,Rollover,2,5,Going straight,na,na,na,na,Self-employed,Normal,Not a Pedestrian,Driving carelessly,Slight Injury
21:15:00,Monday,Over 51,Male,Junior high school,Employee,1-2yr,,,,,Office areas,Two-way (divided with broken lines road marking),Tangent road with flat terrain,Y Shape,Asphalt roads,Dry,Darkness - lights lit,Normal,Vehicle with vehicle collision,1,1,Going straight,Driver or rider,Male,18-30,3,Self-employed,Normal,Not a Pedestrian,No priority to vehicle,Slight Injury
23:48:00,Monday,31-50,Male,Junior high school,Employee,Above 10yr,Public (13?45 seats),Owner,Unknown,,Other,Two-way (divided with broken lines road marking),Tangent road with flat terrain,Y Shape,Asphalt roads,Wet or damp,Darkness - lights lit,Raining,Vehicle with vehicle collision,1,1,Moving Backward,Driver or rider,Male,18-30,3,,,Not a Pedestrian,Driving carelessly,Fatal injury
17:52:00,Saturday,18-30,Male,,,,Automobile,Owner,,No defect,Office areas,Two-way (divided with broken lines road marking),Tangent road with flat terrain,Unknown,Earth roads,Dry,Darkness - lights lit,Normal,Vehicle with vehicle collision,3,2,Going straight,Passenger,Female,Over 51,3,Driver,Normal,Not a Pedestrian,Overloading,Slight Injury
17:00:00,Wednesday,18-30,Male,Junior high school,Employee,Above 10yr,Other,Owner,Unknown,,Residential areas,Two-way (divided with broken lines road marking),Tangent road with flat terrain,,Asphalt roads,Dry,Daylight,Normal,Vehicle with vehicle collision,3,3,Other,Pedestrian,Male,18-30,3,Self-employed,Normal,Unknown or other,No priority to pedestrian,Fatal injury
09:15:00,Saturday,Under 18,Male,Elementary school,Employee,1-2yr,Pick up upto 10Q,Owner,,No defect,Other,Undivided Two way,Tangent road with flat terrain,No junction,Asphalt roads,Dry,Daylight,Normal,Vehicle with vehicle collision,1,2,Going straight,Driver or rider,Male,31-50,3,Driver,Normal,Not a Pedestrian,Driving to the left,Fatal injury
17:39:00,Wednesday,18-30,Male,Junior high school,Employee,2-5yr,Automobile,Owner,2-5yrs,,Residential areas,other,Tangent road with flat terrain,No junction,Asphalt roads,Dry,Daylight,Normal,Vehicle with vehicle collision,2,2,Going straight,Passenger,Female,18-30,3,Self-employed,Normal,Not a Pedestrian,Driving to the left,Slight Injury
15:00:00,Wednesday,Over 51,Male,Junior high school,Owner,2-5yr,,Owner,5-10yrs,,Other,Two-way (divided with broken lines road marking),Tangent road with flat terrain,,Asphalt roads,Dry,Daylight,Normal,Vehicle with vehicle collision,4,3,Turnover,Driver or rider,Male,18-30,3,,,Not a Pedestrian,No distancing,Fatal injury
19:50:00,Monday,31-50,Male,Junior high school,Owner,2-5yr,Lorry (41?100Q),Owner,Unknown,No defect, Industrial areas,Two-way (divided with broken lines road marking),,Y Shape,Asphalt roads,Dry,Darkness - lights lit,Normal,Vehicle with vehicle collision,1,1,Going straight,Passenger,Male,18-30,3,,,Not a Pedestrian,Changing lane to the left,Fatal injury
4:00:00,Saturday,18-30,Male,Junior high school,Owner,Below 1yr,Taxi,Owner,,7, Outside rural areas,other,Tangent road with flat terrain,No junction,Asphalt roads,Wet or damp,Darkness - lights lit,Other,Vehicle with vehicle collision,2,1,Moving Backward,na,na,na,na,Driver,Normal,Not a Pedestrian,No distancing,Slight Injury
8:43:00,Wednesday,31-50,Male,High school,Employee,Above 10yr,Pick up upto 10Q,Owner,1-2yr,No defect, Outside rural areas,Two-way (divided with broken lines road marking),Tangent road with flat terrain,Y Shape,Asphalt roads,Wet or damp,Daylight,Raining,Vehicle with vehicle collision,2,2,Reversing,Passenger,Female,Over 51,3,Driver,Normal,Not a Pedestrian,Moving Backward,Slight Injury
10:16:00,Sunday,18-30,Male,Elementary school,Employee,2-5yr,Other,Owner,,No defect,  Recreational areas,Two-way (divided with broken lines road marking),Tangent road with flat terrain,No junction,Asphalt roads,Dry,Daylight,Normal,Collision with roadside objects,1,6,Moving Backward,Pedestrian,Male,31-50,3,Driver,Normal,Unknown or other,Changing lane to the right,Fatal injury
15:20:00,Saturday,Unknown,Female,Junior high school,Employee,Above 10yr,Taxi,,,,Office areas,Two-way (divided with broken lines road marking),Tangent road with flat terrain,Y Shape,Asphalt roads,Dry,Daylight,Cloudy,Vehicle with vehicle collision,2,2,Going straight,na,na,na,na,Driver,Normal,Not a Pedestrian,No priority to vehicle,Slight Injury
06:53:00,Wednesday,18-30,Male,Junior high school,Employee,2-5yr,Lorry (41?100Q),Owner,2-5yrs,,Residential areas,One way,Steep grade downward with mountainous terrain,Other,Asphalt roads,Wet or damp,Darkness - lights lit,Normal,Rollover,3,2,Going straight,na,na,na,na,Driver,Normal,Not a Pedestrian,No distancing,Fatal injury
10:35:00,Thursday,18-30,Male,Junior high school,Owner,5-10yr,Lorry (11?40Q),Owner,,,Office areas,,Tangent road with mild grade and flat terrain,Y Shape,Asphalt roads,Dry,Daylight,Normal,Vehicle with vehicle collision,2,1,Going straight,Driver or rider,Male,5,3,Driver,Normal,Not a Pedestrian,Driving at high speed,Slight Injury
20:39:00,Thursday,18-30,Male,Junior high school,Owner,5-10yr,Pick up upto 10Q,Owner,5-10yrs,No defect,Other,One way,Tangent road with flat terrain,Y Shape,Asphalt roads,Wet or damp,Darkness - lights lit,Normal,Vehicle with vehicle collision,3,1,Going straight,Passenger,Female,18-30,3,Self-employed,Normal,Not a Pedestrian,No distancing,Fatal injury
17:40:00,Tuesday,Over 51,Male,Junior high school,Employee,5-10yr,Taxi,Owner,Unknown,No defect,Other,Undivided Two way,Tangent road with flat terrain,Y Shape,Asphalt roads,Dry,Daylight,Normal,Vehicle with vehicle collision,1,1,Going straight,na,na,na,na,Driver,Normal,Not a Pedestrian,Driving to the left,Fatal injury
21:48:00,Monday,31-50,Unknown,High school,Employee,Above 10yr,Automobile,Owner,Unknown,No defect, Industrial areas,Two-way (divided with broken lines road marking),,Y Shape,Asphalt roads,Wet or damp,Darkness - lights lit,Raining,Vehicle with vehicle collision,1,1,Moving Backward,Driver or rider,Male,18-30,3,Self-employed,Normal,Not a Pedestrian,Changing lane to the right,Fatal injury
15:40:00,Thursday,Over 51,Male,Junior high school,Employee,Above 10yr,Lorry (41?100Q),Owner,,No defect,,Undivided Two way,Tangent road with flat terrain,Y Shape,Asphalt roads,Dry,Daylight,Normal,Vehicle with vehicle collision,2,1,Going straight,Driver or rider,Male,18-30,3,Self-employed,Normal,Not a Pedestrian,No priority to vehicle,Slight Injury
02:18:00,Saturday,18-30,Male,Junior high school,Employee,,Other,Owner,5-10yrs,,Other,Undivided Two way,Tangent road with flat terrain,No junction,Asphalt roads,Dry,Darkness - lights lit,Normal,Vehicle with vehicle collision,2,4,Other,Driver or rider,Male,31-50,3,Driver,Normal,Not a Pedestrian,Changing lane to the right,Fatal injury
5:49:00,Tuesday,18-30,Male,Elementary school,Employee,5-10yr,Other,Owner,5-10yrs,No defect,Residential areas,Undivided Two way,Tangent road with flat terrain,Crossing,Asphalt roads,Dry,Daylight,Normal,Vehicle with vehicle collision,2,1,Moving Backward,Driver or rider,Male,18-30,2,Self-employed,Normal,Not a Pedestrian,No priority to pedestrian,Slight Injury
18:50:00,Thursday,Over 51,Male,Elementary school,Owner,5-10yr,Pick up upto 10Q,Owner,,No defect,Other,Undivided Two way,Tangent road with flat terrain,Y Shape,Asphalt roads,Wet or damp,Darkness - lights lit,Normal,Vehicle with vehicle collision,4,3,Reversing,Driver or rider,Male,Over 51,3,Driver,Normal,Not a Pedestrian,Changing lane to the left,Slight Injury
15:30:00,Friday,31-50,Male,Junior high school,Owner,5-10yr,Other,Owner,Unknown,No defect,Other,Two-way (divided with broken lines road marking),Tangent road with flat terrain,Y Shape,Asphalt roads,Dry,Daylight,Normal,Collision with pedestrians,3,1,Getting off,na,na,na,na,Student,Normal,Not a Pedestrian,No distancing,Serious Injury
12:30:00,Thursday,18-30,Unknown,Junior high school,Employee,2-5yr,Pick up upto 10Q,Owner,Unknown,,Residential areas,Two-way (divided with broken lines road marking),Tangent road with flat terrain,No junction,Earth roads,Wet or damp,Daylight,Normal,Rollover,1,1,Going straight,na,na,na,na,,,Not a Pedestrian,No priority to vehicle,Slight Injury
12:16:00,Sunday,18-30,Male,Elementary school,Employee,2-5yr,Other,Owner,,No defect,  Recreational areas,Two-way (divided with broken lines road marking),Tangent road with flat terrain,No junction,Asphalt roads,Dry,Daylight,Normal,Collision with roadside objects,2,4,Moving Backward,Pedestrian,Male,31-50,3,Driver,Normal,Unknown or other,Changing lane to the right,Fatal injury
16:20:00,Monday,18-30,Male,Junior high school,Employee,5-10yr,Automobile,Owner,Unknown,,Other,Two-way (divided with broken lines road marking),Tangent road with flat terrain,No junction,Asphalt roads,Wet or damp,Daylight,Normal,Vehicle with vehicle collision,2,3,U-Turn,na,na,na,na,Student,Normal,Not a Pedestrian,No distancing,Serious Injury
17:25:00,Friday,31-50,Male,High school,Employee,2-5yr,Long lorry,Owner,Unknown,No defect,Office areas,Two-way (divided with broken lines road marking),Tangent road with flat terrain,,Earth roads,Dry,Darkness - lights lit,Normal,Vehicle with vehicle collision,2,5,,na,na,na,na,Driver,Normal,Not a Pedestrian,Overtaking,Fatal injury
18:25:00,Friday,31-50,Male,Junior high school,Employee,5-10yr,Lorry (41?100Q),Owner,,No defect,Office areas,Two-way (divided with broken lines road marking),Tangent road with flat terrain,,Asphalt roads,Dry,Darkness - lights lit,Normal,Collision with roadside objects,1,4,Reversing,Pedestrian,Male,Over 51,3,Driver,Normal,Crossing from nearside - masked by parked or statioNot a Pedestrianry vehicle,Getting off the vehicle improperly,Fatal injury
15:50:00,Saturday,Unknown,Male,Junior high school,Employee,1-2yr,Automobile,,2-5yrs,, Hospital areas,One way,,Y Shape,Gravel roads,Dry,Daylight,Normal,Vehicle with vehicle collision,2,3,Going straight,na,na,na,na,Driver,Normal,Not a Pedestrian,Getting off the vehicle improperly,Slight Injury
22:48:00,Monday,31-50,Unknown,High school,Employee,Above 10yr,Automobile,Owner,Unknown,No defect, Industrial areas,Two-way (divided with broken lines road marking),,Y Shape,Asphalt roads,Wet or damp,Darkness - lights lit,Raining,Vehicle with vehicle collision,2,1,Moving Backward,Driver or rider,Male,18-30,3,Self-employed,Normal,Not a Pedestrian,Changing lane to the right,Fatal injury
16:40:00,Monday,31-50,Male,Junior high school,Employee,5-10yr,Automobile,Owner,2-5yrs,, Church areas,Undivided Two way,Tangent road with flat terrain,Y Shape,,Dry,Daylight,Normal,Vehicle with vehicle collision,2,1,Other,Passenger,Female,Under 18,3,Driver,Normal,Not a Pedestrian,Changing lane to the left,Slight Injury
14:37:00,Monday,18-30,Male,High school,Employee,Above 10yr,Automobile,Owner,1-2yr,,Other,,Tangent road with flat terrain,O Shape,,Dry,Daylight,Normal,Vehicle with vehicle collision,2,1,Going straight,Passenger,Female,Under 18,2,,,Not a Pedestrian,No distancing,Slight Injury
6:46:00,Wednesday,31-50,Male,Writing & reading,Employee,5-10yr,Pick up upto 10Q,Owner,Unknown,No defect,School areas,Undivided Two way,Tangent road with flat terrain,No junction,Asphalt roads,Dry,Darkness - lights lit,Normal,Vehicle with vehicle collision,2,1,Going straight,Driver or rider,Female,18-30,3,Employee,Normal,Not a Pedestrian,No distancing,Serious Injury
22:30:00,Sunday,Over 51,Male,High school,Owner,Below 1yr,Automobile,Owner,,No defect, Church areas,Undivided Two way,Tangent road with flat terrain,Crossing,Asphalt roads,Dry,Darkness - lights lit,Normal,Rollover,2,5,Going straight,Driver or rider,Male,Under 18,3,Self-employed,Normal,Not a Pedestrian,No priority to vehicle,Slight Injury
19:00:00,Friday,Unknown,Male,Junior high school,Employee,5-10yr,Automobile,Owner,2-5yrs,No defect,Residential areas,Undivided Two way,Tangent road with flat terrain,,Asphalt roads,Dry,Darkness - lights lit,Normal,Vehicle with vehicle collision,1,1,Stopping,na,na,na,na,Other,Normal,Not a Pedestrian,No distancing,Fatal injury
8:45:00,Sunday,31-50,Male,Junior high school,Employee,Above 10yr,Lorry (11?40Q),Owner,,No defect,Office areas,One way,Tangent road with flat terrain,Crossing,Asphalt roads,Dry,Daylight,Normal,Collision with animals,2,1,Moving Backward,Passenger,Male,Under 18,3,,,Not a Pedestrian,No distancing,Serious Injury
18:43:00,Wednesday,18-30,Male,Junior high school,Owner,Above 10yr,Automobile,Owner,Below 1yr,,Other,Undivided Two way,Tangent road with mild grade and flat terrain,No junction,Asphalt roads,Dry,Daylight,Normal,Vehicle with vehicle collision,2,1,Getting off,na,na,na,na,Driver,Normal,Not a Pedestrian,Driving carelessly,Slight Injury
1:00:00,Saturday,Under 18,Male,Elementary school,Employee,Above 10yr,Stationwagen,Owner,Above 10yr,,Other,Undivided Two way,Tangent road with flat terrain,No junction,Asphalt roads,Wet or damp,Darkness - lights lit,Other,Vehicle with vehicle collision,2,1,Moving Backward,na,na,na,na,Employee,Normal,Not a Pedestrian,Driving carelessly,Slight Injury
15:31:00,Monday,31-50,Male,Junior high school,Employee,5-10yr,Other,Owner,2-5yrs,No defect,Other,Two-way (divided with broken lines road marking),Tangent road with mild grade and flat terrain,Y Shape,Asphalt roads,Dry,Daylight,Cloudy,Vehicle with vehicle collision,2,1,Reversing,Driver or rider,Female,31-50,3,Driver,Normal,Not a Pedestrian,No distancing,Slight Injury
12:46:00,Friday,31-50,Female,Junior high school,Employee,2-5yr,Automobile,Owner,5-10yrs,7,,Two-way (divided with broken lines road marking),Tangent road with flat terrain,Other,Asphalt roads,Dry,Daylight,Normal,,1,2,Moving Backward,na,na,na,na,Driver,Normal,Not a Pedestrian,Driving under the influence of drugs,Serious Injury
20:30:00,Friday,Over 51,Male,Junior high school,Employee,Above 10yr,Other,Owner,Above 10yr,No defect,Office areas,Two-way (divided with broken lines road marking),Tangent road with flat terrain,Crossing,Asphalt roads,Dry,Darkness - lights lit,Normal,Rollover,2,2,Going straight,Driver or rider,Female,18-30,3,,,Not a Pedestrian,Driving carelessly,Slight Injury
19:00:00,Thursday,18-30,Male,Junior high school,Owner,1-2yr,Automobile,Owner,1-2yr,,School areas,Undivided Two way,Tangent road with flat terrain,No junction,Asphalt roads,Dry,Daylight,Normal,Collision with roadside objects,1,1,Going straight,Driver or rider,Female,31-50,3,,,Not a Pedestrian,Driving to the left,Slight Injury
12:29:00,Tuesday,31-50,Male,Junior high school,,5-10yr,,Owner,5-10yrs,No defect,Other,Two-way (divided with broken lines road marking),Tangent road with flat terrain,No junction,Asphalt roads,Wet or damp,Darkness - lights lit,Raining,Vehicle with vehicle collision,1,1,Moving Backward,Driver or rider,Male,18-30,2,Self-employed,Normal,Not a Pedestrian,Driving at high speed,Fatal injury
15:25:00,Sunday,18-30,Male,Junior high school,Employee,2-5yr,Automobile,Owner,Unknown,No defect,Office areas,Undivided Two way,Tangent road with flat terrain,No junction,Asphalt roads,Wet or damp,Daylight,Raining,Collision with pedestrians,3,4,Overtaking,Driver or rider,Male,18-30,3,Driver,Normal,Not a Pedestrian,Driving carelessly,Fatal injury
17:21:00,Thursday,18-30,Male,Junior high school,Employee,2-5yr,,Owner,2-5yrs,No defect,Residential areas,Double carriageway (median),Tangent road with flat terrain,Y Shape,Asphalt roads,Wet or damp,Daylight,Normal,Vehicle with vehicle collision,2,1,Going straight,na,na,na,na,,,Not a Pedestrian,Getting off the vehicle improperly,Slight Injury
13:00:00,Thursday,Over 51,Male,Junior high school,Owner,5-10yr,Automobile,Owner,1-2yr,No defect,Office areas,Undivided Two way,Tangent road with mild grade and flat terrain,No junction,Asphalt roads,Dry,Daylight,Normal,Vehicle with vehicle collision,2,1,Going straight,Passenger,Male,31-50,3,Self-employed,Normal,Not a Pedestrian,Changing lane to the right,Slight Injury
20:55:00,Sunday,31-50,Male,,Owner,5-10yr,Other,Owner,,No defect,Residential areas,Undivided Two way,Tangent road with flat terrain,,Asphalt roads,Wet or damp,Daylight,Raining,Vehicle with vehicle collision,2,4,Getting off,na,na,na,na,Driver,Normal,Not a Pedestrian,Driving to the left,Fatal injury
15:40:00,Tuesday,Over 51,Male,Junior high school,Employee,5-10yr,Taxi,Owner,Unknown,No defect,Other,Undivided Two way,Tangent road with flat terrain,Y Shape,Asphalt roads,Dry,Daylight,Normal,Vehicle with vehicle collision,2,1,Going straight,na,na,na,na,Driver,Normal,Not a Pedestrian,Driving to the left,Fatal injury
16:10:00,Tuesday,18-30,Male,Junior high school,Employee,5-10yr,Lorry (41?100Q),Owner,,,Other,Two-way (divided with broken lines road marking),Tangent road with flat terrain,,Asphalt roads,Dry,Daylight,Normal,Vehicle with vehicle collision,2,1,Going straight,Driver or rider,Female,18-30,3,,,Not a Pedestrian,Moving Backward,Slight Injury
20:15:00,Sunday,18-30,Male,Junior high school,Employee,2-5yr,Other,Owner,Unknown,,Office areas,Undivided Two way,Tangent road with flat terrain,No junction,Asphalt roads,Dry,Darkness - lights lit,Normal,Vehicle with vehicle collision,1,4,Other,Driver or rider,Female,18-30,3,Driver,Normal,Not a Pedestrian,Driving carelessly,Fatal injury
16:10:00,Thursday,18-30,Male,Junior high school,Employee,1-2yr,Stationwagen,Owner,2-5yrs,,Other,Undivided Two way,Tangent road with flat terrain,No junction,Asphalt roads,Dry,Daylight,Normal,Vehicle with vehicle collision,3,1,Going straight,Driver or rider,Female,Over 51,2,,,Not a Pedestrian,Other,Fatal injury
21:00:00,Saturday,18-30,Male,,,,,,,,,Two-way (divided with broken lines road marking),Tangent road with flat terrain,Y Shape,Asphalt roads,Wet or damp,Darkness - lights lit,Raining,Collision with pedestrians,1,2,Going straight,na,na,na,na,Driver,Normal,Not a Pedestrian,Driving under the influence of drugs,Fatal injury
12:48:00,Sunday,18-30,Male,Junior high school,Employee,5-10yr,Public (13?45 seats),Owner,,No defect,Office areas,Two-way (divided with broken lines road marking),Tangent road with flat terrain,Y Shape,Asphalt roads,Dry,Daylight,Normal,Vehicle with vehicle collision,1,2,Reversing,Driver or rider,Male,18-30,3,Driver,Normal,Not a Pedestrian,Moving Backward,Serious Injury
19:44:00,Thursday,31-50,Male,Elementary school,Employee,2-5yr,Pick up upto 10Q,Owner,Unknown,,Office areas,Two-way (divided with broken lines road marking),Tangent road with flat terrain,Crossing,,Dry,Darkness - no lighting,Normal,Vehicle with vehicle collision,2,1,Going straight,Driver or rider,Male,18-30,3,,,Not a Pedestrian,Driving carelessly,Slight Injury
12:44:00,Tuesday,18-30,Male,Elementary school,Owner,5-10yr,Lorry (41?100Q),Owner,5-10yrs,No defect,Office areas,Two-way (divided with broken lines road marking),Tangent road with flat terrain,Crossing,Asphalt roads,Wet or damp,Daylight,Other,Vehicle with vehicle collision,2,1,Going straight,Passenger,Female,Under 18,3,Driver,Normal,Not a Pedestrian,Driving to the left,Slight Injury
3:07:00,Sunday,31-50,Male,Junior high school,,5-10yr,Automobile,Owner,,No defect,Other,Double carriageway (median),Steep grade downward with mountainous terrain,No junction,Asphalt roads,Dry,Darkness - lights lit,Normal,Collision with roadside objects,1,1,Going straight,Passenger,Male,Under 18,3,,,Not a Pedestrian,Getting off the vehicle improperly,Serious Injury
12:25:00,Wednesday,18-30,Male,Elementary school,Employee,2-5yr,Lorry (41?100Q),Owner,5-10yrs,,Other,One way,Tangent road with flat terrain,Crossing,Asphalt roads,Dry,Daylight,Normal,Vehicle with vehicle collision,3,1,Going straight,Driver or rider,Male,18-30,3,Driver,Normal,Not a Pedestrian,Changing lane to the right,Serious Injury
17:35:00,Saturday,31-50,Male,Elementary school,Employee,5-10yr,Pick up upto 10Q,Owner,5-10yrs,,Office areas,Undivided Two way,Tangent road with flat terrain,Y Shape,Asphalt roads,Wet or damp,Daylight,Raining,Vehicle with vehicle collision,2,3,Going straight,Driver or rider,Male,Over 51,3,Driver,Normal,Not a Pedestrian,Driving carelessly,Fatal injury
17:25:00,Friday,Under 18,Male,Junior high school,Employee,Above 10yr,Lorry (41?100Q),Owner,Unknown,No defect,School areas,Undivided Two way,Tangent road with flat terrain,,Asphalt roads,Dry,Darkness - lights lit,Normal,Vehicle with vehicle collision,2,3,Going straight,Driver or rider,Male,31-50,3,,Normal,Not a Pedestrian,Moving Backward,Fatal injury
16:56:00,Wednesday,31-50,Male,Junior high school,Employee,Below 1yr,Long lorry,Owner,Unknown,,Other,other,Tangent road with flat terrain,Y Shape,Asphalt roads,Dry,Daylight,Normal,Vehicle with vehicle collision,2,1,,na,na,na,na,,,Not a Pedestrian,Changing lane to the left,Serious Injury
14:45:00,Thursday,Unknown,Male,Junior high school,Employee,5-10yr,Lorry (41?100Q),Owner,,,Other,Undivided Two way,Tangent road with flat terrain,Y Shape,Asphalt roads,Dry,Daylight,Normal,Vehicle with vehicle collision,2,1,Going straight,Driver or rider,Male,31-50,3,Self-employed,Normal,Not a Pedestrian,Moving Backward,Slight Injury
15:30:00,Sunday,Over 51,Male,Junior high school,Employee,2-5yr,Lorry (41?100Q),Owner,,,Residential areas,other,Steep grade downward with mountainous terrain,No junction,Asphalt roads,Dry,Daylight,Normal,Vehicle with vehicle collision,2,1,Going straight,Pedestrian,Male,Over 51,3,Driver,Normal,Not a Pedestrian,No distancing,Slight Injury
11:30:00,Thursday,Under 18,Male,Junior high school,Employee,Above 10yr,,Governmental,,No defect,Office areas,Undivided Two way,Tangent road with flat terrain,Crossing,Asphalt roads,Dry,Daylight,Normal,Vehicle with vehicle collision,2,1,Going straight,Driver or rider,Male,Over 51,3,Driver,Normal,Not a Pedestrian,Driving carelessly,Slight Injury
18:45:00,Tuesday,18-30,Unknown,Elementary school,Employee,2-5yr,Automobile,,,,,Two-way (divided with broken lines road marking),Tangent road with flat terrain,,Asphalt roads,Dry,Daylight,Normal,Vehicle with vehicle collision,1,1,Going straight,Pedestrian,Male,31-50,3,,,Unknown or other,Overtaking,Slight Injury
16:00:00,Tuesday,Under 18,Male,Elementary school,Employee,2-5yr,Public (> 45 seats),Governmental,Unknown,No defect,Other,Two-way (divided with broken lines road marking),Tangent road with flat terrain,No junction,Asphalt roads,Dry,Daylight,Normal,Vehicle with vehicle collision,2,1,Going straight,Driver or rider,Male,31-50,3,Driver,Normal,Not a Pedestrian,Turnover,Slight Injury
6:40:00,Thursday,31-50,Male,Junior high school,Employee,2-5yr,Public (> 45 seats),Owner,Unknown,No defect,Office areas,Undivided Two way,Tangent road with flat terrain,Y Shape,Asphalt roads,Dry,Daylight,Normal,Vehicle with vehicle collision,2,1,Turnover,na,na,na,na,Driver,Normal,Not a Pedestrian,Driving under the influence of drugs,Slight Injury
15:36:00,Monday,Unknown,Female,Junior high school,Employee,Above 10yr,Stationwagen,Owner,Unknown,No defect,Residential areas,Two-way (divided with broken lines road marking),Tangent road with flat terrain,No junction,Asphalt roads,Wet or damp,Daylight,Unknown,Vehicle with vehicle collision,2,2,Going straight,Passenger,Female,Over 51,3,,,Not a Pedestrian,No priority to vehicle,Slight Injury
21:20:00,Thursday,Over 51,Unknown,Writing & reading,Employee,Below 1yr,Special vehicle,Owner,Unknown,No defect,Office areas,Two-way (divided with broken lines road marking),Tangent road with flat terrain,Y Shape,Asphalt roads,Dry,Darkness - lights lit,Normal,Vehicle with vehicle collision,1,1,Going straight,na,na,na,na,Driver,Normal,Not a Pedestrian,Moving Backward,Serious Injury
17:55:00,Wednesday,31-50,Male,Junior high school,Employee,1-2yr,Public (13?45 seats),Owner,Below 1yr,, Church areas,other,Tangent road with flat terrain,No junction,Asphalt roads,Dry,Daylight,Normal,Vehicle with vehicle collision,2,1,Other,na,na,na,na,Employee,Normal,Not a Pedestrian,No distancing,Slight Injury