Time,Day_of_week,Age_band_of_driver,Sex_of_driver,Educational_level,Vehicle_driver_relation,Driving_experience,Type_of_vehicle,Owner_of_vehicle,Service_year_of_vehicle,Defect_of_vehicle,Area_accident_occured,Lanes_or_Medians,Road_allignment,Types_of_Junction,Road_surface_type,Road_surface_conditions,Light_conditions,Weather_conditions,Type_of_collision,Number_of_vehicles_involved,Number_of_casualties,Vehicle_movement,Casualty_class,Sex_of_casualty,Age_band_of_casualty,Casualty_severity,Work_of_casuality,Fitness_of_casuality,Pedestrian_movement,Cause_of_accident,Accident_severity
15:17:00,Sunday,31-50,Male,Junior high school,Owner,5-10yr,Automobile,Owner,,,Other,other,Tangent road with flat terrain,No junction,Earth roads,Dry,Daylight,Normal,Collision with animals,2,1,Going straight,Pedestrian,Male,18-30,3,,Normal,Not a Pedestrian,Moving Backward,Fatal injury
23:51:00,Friday,Unknown,Female,Junior high school,Employee,1-2yr,,Governmental,Below 1yr,No defect,Residential areas,other,Steep grade downward with mountainous terrain,Y Shape,Asphalt roads,Wet or damp,Darkness - lights lit,Normal,Vehicle with vehicle collision,1,1,Going straight,Pedestrian,Female,31-50,3,Self-employed,Normal,Crossing from nearside - masked by parked or statioNot a Pedestrianry vehicle,Driving carelessly,Fatal injury
16:00:00,Saturday,Unknown,Female,High school,Owner,5-10yr,,,,,,Two-way (divided with broken lines road marking),Tangent road with flat terrain,No junction,Asphalt roads,Dry,Daylight,Normal,Vehicle with vehicle collision,2,1,Going straight,na,na,na,na,,,Not a Pedestrian,Changing lane to the left,Slight Injury
16:35:00,Saturday,18-30,Male,Elementary school,Employee,1-2yr,Automobile,Owner,Unknown,No defect,Office areas,Undivided Two way,Tangent road with flat terrain,No junction,Asphalt roads,Dry,Daylight,Normal,Collision with pedestrians,2,1,Going straight,Pedestrian,Male,5,2,Self-employed,Normal,Not a Pedestrian,No priority to pedestrian,Slight Injury
17:36:00,Thursday,18-30,Male,High school,Owner,2-5yr,Automobile,Owner,Unknown,No defect,Other,Undivided Two way,Tangent road with flat terrain,Y Shape,Asphalt roads,Dry,Daylight,Normal,Collision with roadside objects,3,1,Going straight,Driver or rider,Male,31-50,2,,,Not a Pedestrian,Changing lane to the right,Fatal injury
3:55:00,Monday,18-30,Male,Junior high school,Employee,2-5yr,Lorry (41?100Q),Owner,5-10yrs,,Office areas,Undivided Two way,Tangent road with flat terrain,,Asphalt roads,Dry,Daylight,Normal,Collision with roadside objects,3,1,Going straight,na,na,na,na,Driver,Normal,Not a Pedestrian,Overturning,Slight Injury
17:55:00,Monday,18-30,Male,Junior high school,Employee,1-2yr,Lorry (41?100Q),Owner,,No defect,Other,Two-way (divided with broken lines road marking),Tangent road with flat terrain,Crossing,Asphalt roads,Wet or damp,Daylight,Raining,Vehicle with vehicle collision,2,1,Going straight,Driver or rider,Female,Over 51,3,Other,Normal,Not a Pedestrian,Moving Backward,Slight Injury
12:40:00,Friday,18-30,Male,Junior high school,Employee,Above 10yr,Automobile,Governmental,Below 1yr,No defect, Outside rural areas,Undivided Two way,Tangent road with flat terrain,Other,Asphalt roads,Dry,Daylight,Normal,Collision with roadside objects,2,1,Going straight,Pedestrian,Male,Under 18,2,Driver,Normal,Crossing from nearside - masked by parked or statioNot a Pedestrianry vehicle,Driving carelessly,Serious Injury
15:30:00,Tuesday,31-50,Male,Junior high school,Owner,5-10yr,Lorry (41?100Q),Owner,2-5yrs,No defect,Office areas,Double carriageway (median),Escarpments,Crossing,Asphalt roads,Dry,Daylight,Normal,Vehicle with vehicle collision,2,2,Moving Backward,na,na,na,na,Self-employed,Normal,Not a Pedestrian,No distancing,Slight Injury
15:15:00,Sunday,18-30,Male,Junior high school,Employee,2-5yr,Automobile,Organization,2-5yrs,,Residential areas,Undivided Two way,Tangent road with flat terrain,No junction,Asphalt roads,Wet or damp,Daylight,Windy,Vehicle with vehicle collision,2,3,Going straight,na,na,na,na,Employee,Normal,Not a Pedestrian,No distancing,Serious Injury
16:56:00,Sunday,31-50,Male,Junior high school,Employee,2-5yr,Automobile,Organization,1-2yr,, Church areas,,Tangent road with flat terrain,Crossing,Asphalt roads,Dry,Daylight,Normal,Vehicle with vehicle collision,3,1,Going straight,na,na,na,na,Driver,Normal,Not a Pedestrian,Changing lane to the right,Slight Injury
21:40:00,Wednesday,31-50,Male,Junior high school,Owner,,Lorry (41?100Q),Governmental,,No defect,Residential areas,Two-way (divided with broken lines road marking),Tangent road with flat terrain,Crossing,Asphalt roads,Dry,Daylight,Normal,Vehicle with vehicle collision,3,5,Going straight,Driver or rider,Female,31-50,3,,,Not a Pedestrian,No priority to vehicle,Fatal injury
16:54:00,Monday,18-30,Male,Junior high school,Owner,5-10yr,Public (13?45 seats),Owner,,No defect,Other,Two-way (divided with broken lines road marking),Tangent road with flat terrain,Y Shape,Asphalt roads,Wet or damp,Darkness - lights lit,Normal,Vehicle with vehicle collision,2,1,Going straight,Pedestrian,Male,31-50,3,Driver,Normal,Not a Pedestrian,Driving carelessly,Slight Injury
19:57:00,Tuesday,31-50,Male,High school,Employee,Above 10yr,Long lorry,Owner,,No defect,  Recreational areas,Two-way (divided with broken lines road marking),Tangent road with flat terrain,Y Shape,Asphalt roads,Dry,Daylight,Normal,Vehicle with vehicle collision,2,2,Going straight,Pedestrian,Male,18-30,3,,,Unknown or other,Turnover,Fatal injury
4:10:00,Sunday,18-30,Male,Junior high school,Employee,Above 10yr,Public (13?45 seats),Owner,,,Office areas,One way,Tangent road with flat terrain,Y Shape,Asphalt roads,Dry,Daylight,Normal,Collision with pedestrians,1,4,Going straight,Pedestrian,Male,18-30,2,,,Not a Pedestrian,Moving Backward,Slight Injury
16:17:00,Sunday,31-50,Male,Junior high school,Owner,5-10yr,Automobile,Owner,,,Other,other,Tangent road with flat terrain,No junction,Earth roads,Dry,Daylight,Normal,Collision with animals,2,2,Going straight,Pedestrian,Male,18-30,3,,Normal,Not a Pedestrian,Moving Backward,Fatal injury
10:47:00,Thursday,31-50,Male,Elementary school,Employee,Above 10yr,Automobile,Owner,Unknown,No defect,Office areas,Undivided Two way,Tangent road with flat terrain,Y Shape,Asphalt roads,Wet or damp,Daylight,Normal,Vehicle with vehicle collision,2,2,Going straight,Driver or rider,Male,31-50,3,Driver,Normal,Not a Pedestrian,Changing lane to the right,Slight Injury
23:36:00,Thursday,Under 18,Male,Elementary school,Employee,Below 1yr,Lorry (41?100Q),Owner,Unknown,No defect,Residential areas,Two-way (divided with broken lines road marking),Tangent road with flat terrain,No junction,Asphalt roads,Dry,Darkness - no lighting,Normal,Vehicle with vehicle collision,1,4,Going straight,na,na,na,na,,Normal,Not a Pedestrian,No priority to pedestrian,Serious Injury
11:30:00,Saturday,31-50,Male,Above high school,Employee,1-2yr,Automobile,Owner,2-5yrs,No defect,Other,Undivided Two way,Tangent road with flat terrain,No junction,Earth roads,Dry,Daylight,Normal,Collision with pedestrians,1,2,Going straight,Driver or rider,Male,18-30,3,Employee,Normal,Not a Pedestrian,Moving Backward,Fatal injury
16:32:00,Monday,18-30,Male,High school,Employee,Above 10yr,Stationwagen,Owner,Unknown,No defect,Other,Undivided Two way,Tangent road with flat terrain,,Earth roads,Wet or damp,Daylight,Raining,Collision with roadside objects,2,1,Moving Backward,Driver or rider,Male,31-50,3,Driver,Normal,Not a Pedestrian,Changing lane to the left,Slight Injury
14:00:00,Friday,18-30,Male,Elementary school,Employee,5-10yr,Other,Owner,,No defect, Industrial areas,other,Tangent road with flat terrain,No junction,Asphalt roads,Dry,Daylight,Normal,Vehicle with vehicle collision,3,3,Entering a junction,Driver or rider,Female,18-30,3,Self-employed,Normal,Not a Pedestrian,Overspeed,Fatal injury
17:50:00,Saturday,Under 18,Male,Junior high school,Owner,Above 10yr,Automobile,Owner,5-10yrs,, Industrial areas,Undivided Two way,Tangent road with flat terrain,Crossing,Asphalt roads,Dry,Daylight,Normal,Collision with roadside objects,2,1,Going straight,Passenger,Female,Under 18,3,Driver,Normal,Not a Pedestrian,Moving Backward,Slight Injury
15:55:00,Friday,31-50,Male,Junior high school,Employee,Below 1yr,Pick up upto 10Q,Governmental,2-5yrs,,Office areas,Undivided Two way,Tangent road with flat terrain,Y Shape,Asphalt roads,Wet or damp,Daylight,Normal,Vehicle with vehicle collision,1,1,Going straight,na,na,na,na,Driver,Normal,Not a Pedestrian,Other,Slight Injury
8:20:00,Thursday,18-30,Male,Above high school,Employee,Above 10yr,Automobile,Owner,,No defect, Outside rural areas,Undivided Two way,Tangent road with flat terrain,Y Shape,Asphalt roads,Dry,Daylight,Normal,Vehicle with vehicle collision,2,1,Waiting to go,Driver or rider,Male,31-50,3,Self-employed,Normal,Not a Pedestrian,No priority to pedestrian,Slight Injury
15:00:00,Friday,18-30,Male,Junior high school,Employee,5-10yr,Public (> 45 seats),Owner,,No defect,Other,Undivided Two way,Tangent road with flat terrain,Y Shape,Asphalt roads,Dry,Daylight,Normal,,1,1,Moving Backward,Pedestrian,Female,5,3,Driver,Normal,Crossing from nearside - masked by parked or statioNot a Pedestrianry vehicle,Moving Backward,Serious Injury
19:00:00,Friday,Unknown,Male,Junior high school,Employee,5-10yr,Automobile,Owner,2-5yrs,No defect,Residential areas,Undivided Two way,Tangent road with flat terrain,,Asphalt roads,Dry,Darkness - lights lit,Normal,Vehicle with vehicle collision,1,1,Stopping,na,na,na,na,Other,Normal,Not a Pedestrian,No distancing,Fatal injury
06:53:00,Wednesday,18-30,Male,Junior high school,Employee,2-5yr,Lorry (41?100Q),Owner,2-5yrs,,Residential areas,One way,Steep grade downward with mountainous terrain,Other,Asphalt roads,Wet or damp,Darkness - lights lit,Normal,Rollover,2,1,Going straight,na,na,na,na,Driver,Normal,Not a Pedestrian,No distancing,Fatal injury
22:38:00,Wednesday,Unknown,Male,Junior high school,Employee,Above 10yr,Lorry (41?100Q),Owner,,No defect, Church areas,Two-way (divided with broken lines road marking),Tangent road with flat terrain,Crossing,Asphalt roads,Dry,Darkness - lights lit,Normal,Vehicle with vehicle collision,2,2,Going straight,na,na,na,na,Other,Normal,Not a Pedestrian,Driving carelessly,Slight Injury
19:08:00,Saturday,18-30,Male,Above high school,Owner,5-10yr,Automobile,Governmental,Below 1yr,No defect,Residential areas,Undivided Two way,Tangent road with flat terrain,Y Shape,Asphalt roads,Dry,Darkness - no lighting,Normal,Vehicle with vehicle collision,2,5,Going straight,Passenger,Female,31-50,3,Driver,Normal,Not a Pedestrian,No priority to pedestrian,Fatal injury
13:56:00,Thursday,31-50,Male,Junior high school,Employee,5-10yr,Public (12 seats),Owner,Unknown,No defect,Residential areas,Two-way (divided with broken lines road marking),Tangent road with flat terrain,No junction,Asphalt roads,Dry,Daylight,Normal,Vehicle with vehicle collision,3,1,Going straight,na,na,na,na,Driver,Normal,Not a Pedestrian,Changing lane to the right,Slight Injury
04:32:00,Saturday,18-30,Male,Junior high school,Owner,2-5yr,Taxi,Owner,5-10yrs,, Church areas,Two-way (divided with broken lines road marking),Tangent road with flat terrain,No junction,Asphalt roads,Dry,Darkness - lights lit,Normal,Collision with pedestrians,2,2,Going straight,na,na,na,na,Other,Normal,Not a Pedestrian,Driving carelessly,Fatal injury
14:40:00,Tuesday,18-30,Male,Elementary school,Employee,1-2yr,Lorry (11?40Q),Governmental,Unknown,,Other,Double carriageway (median),Tangent road with flat terrain,No junction,Asphalt roads,Dry,Daylight,Normal,Vehicle with vehicle collision,2,1,Going straight,Driver or rider,Female,18-30,3,,,Not a Pedestrian,Driving carelessly,Slight Injury
16:30:00,Thursday,31-50,Male,Junior high school,Employee,5-10yr,Public (13?45 seats),Owner,,No defect,Other,Undivided Two way,Tangent road with flat terrain,No junction,Asphalt roads,Wet or damp,Daylight,Raining,Vehicle with vehicle collision,2,2,Going straight,Pedestrian,Female,18-30,3,Driver,Normal,Crossing from nearside - masked by parked or statioNot a Pedestrianry vehicle,Changing lane to the left,Fatal injury
23:22:00,Tuesday,18-30,Male,Junior high school,Employee,5-10yr,Public (13?45 seats),Owner,Above 10yr,No defect,Residential areas,other,Tangent road with flat terrain,No junction,Asphalt roads,Dry,Darkness - lights lit,Normal,Vehicle with vehicle collision,1,3,Going straight,na,na,na,na,Driver,Normal,Not a Pedestrian,No priority to vehicle,Fatal injury
18:25:00,Friday,31-50,Male,High school,Employee,2-5yr,Long lorry,Owner,Unknown,No defect,Office areas,Two-way (divided with broken lines road marking),Tangent road with flat terrain,,Earth roads,Dry,Darkness - lights lit,Normal,Vehicle with vehicle collision,1,4,,na,na,na,na,Driver,Normal,Not a Pedestrian,Overtaking,Fatal injury
13:43:00,Tuesday,18-30,Male,Junior high school,Employee,Below 1yr,Pick up upto 10Q,Owner,1-2yr,,Office areas,Two-way (divided with broken lines road marking),Tangent road with flat terrain,No junction,Asphalt roads,Dry,Daylight,Normal,Vehicle with vehicle collision,2,1,Unknown,na,na,na,na,,,Not a Pedestrian,No distancing,Slight Injury
1:50:00,Sunday,Unknown,Female,Junior high school,Employee,5-10yr,Other,Owner,Unknown,No defect,Office areas,Undivided Two way,Tangent road with flat terrain,No junction,Asphalt roads,Dry,Darkness - lights lit,Normal,Vehicle with vehicle collision,1,1,Going straight,Pedestrian,Male,Over 51,2,,Normal,Not a Pedestrian,Moving Backward,Serious Injury
5:49:00,Tuesday,Under 18,Male,Junior high school,Employee,5-10yr,Lorry (41?100Q),Owner,Unknown,No defect,Office areas,Two-way (divided with broken lines road marking),Tangent road with flat terrain,,Earth roads,Dry,Darkness - lights lit,Unknown,Collision with pedestrians,1,2,Going straight,Driver or rider,Male,18-30,2,,,Not a Pedestrian,No distancing,Serious Injury
15:20:00,Monday,18-30,Male,Junior high school,Employee,1-2yr,Automobile,Owner,,No defect,  Recreational areas,One way,Tangent road with mild grade and flat terrain,Y Shape,Asphalt roads,Dry,Daylight,Normal,Vehicle with vehicle collision,1,1,Going straight,Driver or rider,Female,18-30,3,Self-employed,Normal,Not a Pedestrian,No distancing,Slight Injury
15:30:00,Thursday,31-50,Male,Junior high school,Employee,5-10yr,Public (13?45 seats),Owner,,No defect,Other,Undivided Two way,Tangent road with flat terrain,No junction,Asphalt roads,Wet or damp,Daylight,Raining,Vehicle with vehicle collision,2,2,Going straight,Pedestrian,Female,18-30,3,Driver,Normal,Crossing from nearside - masked by parked or statioNot a Pedestrianry vehicle,Changing lane to the left,Fatal injury
11:15:00,Tuesday,Over 51,Male,Junior high school,Employee,Above 10yr,Automobile,Owner,5-10yrs,,Residential areas,Undivided Two way,Tangent road with flat terrain,Y Shape,Asphalt roads,Wet or damp,Daylight,Normal,Collision with roadside objects,2,2,Going straight,Driver or rider,Male,18-30,2,Self-employed,Normal,Not a Pedestrian,Changing lane to the right,Fatal injury
17:34:00,Monday,31-50,Male,High school,Employee,Below 1yr,Special vehicle,Owner,Unknown,,Other,Two-way (divided with broken lines road marking),Tangent road with flat terrain,Y Shape,Asphalt roads,Dry,Darkness - lights lit,Normal,Vehicle with vehicle collision,2,1,Other,na,na,na,na,Self-employed,Normal,Not a Pedestrian,No priority to vehicle,Slight Injury
8:30:00,Wednesday,31-50,Male,Junior high school,Employee,5-10yr,Public (13?45 seats),Owner,1-2yr,No defect,Other,Two-way (divided with broken lines road marking),Tangent road with flat terrain,Other,Asphalt roads,Wet or damp,Daylight,Raining,Vehicle with vehicle collision,2,1,Going straight,Driver or rider,Male,18-30,3,Driver,Normal,Not a Pedestrian,Changing lane to the right,Slight Injury
11:29:00,Tuesday,31-50,Male,Junior high school,,5-10yr,,Owner,5-10yrs,No defect,Other,Two-way (divided with broken lines road marking),Tangent road with flat terrain,No junction,Asphalt roads,Wet or damp,Darkness - lights lit,Raining,Vehicle with vehicle collision,1,1,Moving Backward,Driver or rider,Male,18-30,2,Self-employed,Normal,Not a Pedestrian,Driving at high speed,Fatal injury
17:30:00,Thursday,Over 51,Male,High school,Employee,2-5yr,Automobile,Owner,,No defect,  Recreational areas,Undivided Two way,Tangent road with flat terrain,No junction,Asphalt roads,Wet or damp,Daylight,Raining,Collision with pedestrians,1,2,Going straight,Pedestrian,Male,Under 18,3,Driver,Normal,Not a Pedestrian,Changing lane to the right,Fatal injury
17:41:00,Monday,31-50,Male,Junior high school,Employee,5-10yr,Lorry (41?100Q),Owner,Unknown,No defect,Other,Undivided Two way,Tangent road with flat terrain,Y Shape,Asphalt roads,Dry,Daylight,Normal,Collision with roadside objects,1,1,Other,na,na,na,na,Driver,Normal,Not a Pedestrian,No priority to vehicle,Slight Injury
14:27:00,Friday,Over 51,Male,Junior high school,Employee,2-5yr,Automobile,Owner,,,Office areas,Undivided Two way,Tangent road with flat terrain,No junction,Asphalt roads,Dry,Daylight,Normal,Vehicle with vehicle collision,2,2,Going straight,Driver or rider,Female,31-50,3,,Normal,Not a Pedestrian,No priority to pedestrian,Slight Injury
17:57:00,Tuesday,Over 51,Male,Junior high school,Employee,2-5yr,Public (13?45 seats),Owner,,No defect,Other,Two-way (divided with broken lines road marking),Tangent road with flat terrain,Y Shape,Asphalt roads,Dry,Daylight,Normal,Vehicle with vehicle collision,3,2,Going straight,na,na,na,na,,,Not a Pedestrian,Moving Backward,Fatal injury
11:52:00,Sunday,31-50,Male,Junior high school,Employee,5-10yr,Pick up upto 10Q,Owner,Unknown,,Residential areas,Two-way (divided with broken lines road marking),Tangent road with flat terrain,Other,Asphalt roads,Wet or damp,Daylight,Normal,Vehicle with vehicle collision,2,1,Going straight,na,na,na,na,Self-employed,Normal,Not a Pedestrian,Changing lane to the right,Serious Injury
19:50:00,Monday,Unknown,Male,Junior high school,Employee,Above 10yr,Lorry (11?40Q),Owner,2-5yrs,No defect,Residential areas,Undivided Two way,Tangent road with flat terrain,No junction,Asphalt roads,Dry,Daylight,Normal,Vehicle with vehicle collision,2,1,Reversing,Driver or rider,Male,18-30,3,Driver,Normal,Not a Pedestrian,Getting off the vehicle improperly,Slight Injury
14:20:00,Friday,18-30,Male,High school,Owner,2-5yr,Automobile,Owner,Above 10yr,No defect,School areas,other,Tangent road with flat terrain,Y Shape,,Dry,Daylight,Normal,Vehicle with vehicle collision,2,1,Going straight,na,na,na,na,Driver,Normal,Not a Pedestrian,No priority to vehicle,Slight Injury
22:55:00,Saturday,Unknown,Female,Junior high school,Employee,1-2yr,,Owner,,No defect,Office areas,Double carriageway (median),Tangent road with flat terrain,No junction,Asphalt roads,Dry,Darkness - lights lit,Normal,Vehicle with vehicle collision,4,1,Going straight,na,na,na,na,,,Not a Pedestrian,No distancing,Slight Injury
13:00:00,Friday,31-50,Male,Elementary school,Employee,2-5yr,Public (13?45 seats),,,,Unknown,other,Tangent road with flat terrain,No junction,Asphalt roads,Dry,Daylight,Normal,Vehicle with vehicle collision,3,2,Entering a junction,Driver or rider,Male,18-30,3,Driver,Normal,Not a Pedestrian,No distancing,Fatal injury
16:00:00,Wednesday,18-30,Male,Junior high school,Employee,Above 10yr,Other,Owner,Unknown,,Residential areas,Two-way (divided with broken lines road marking),Tangent road with flat terrain,,Asphalt roads,Dry,Daylight,Normal,Vehicle with vehicle collision,3,2,Other,Pedestrian,Male,18-30,3,Self-employed,Normal,Unknown or other,No priority to pedestrian,Fatal injury
8:10:00,Wednesday,Unknown,Male,,,,Stationwagen,Owner,Unknown,,Office areas,Two-way (divided with broken lines road marking),Tangent road with flat terrain,,Asphalt roads,Wet or damp,Darkness - lights lit,Normal,Vehicle with vehicle collision,2,1,Going straight,Pedestrian,Female,18-30,3,Driver,Normal,Crossing from driver's nearside,Drunk driving,Slight Injury
18:32:00,Tuesday,31-50,Male,Junior high school,Employee,2-5yr,Automobile,Owner,,No defect,Other,One way,Tangent road with flat terrain,O Shape,Asphalt roads,Wet or damp,Daylight,Raining,Collision with pedestrians,2,4,Going straight,Driver or rider,Male,Under 18,3,Driver,Normal,Not a Pedestrian,Driving under the influence of drugs,Fatal injury
12:10:00,Tuesday,31-50,Male,High school,Employee,2-5yr,Lorry (41?100Q),Owner,Unknown,,,Two-way (divided with broken lines road marking),Tangent road with flat terrain,Y Shape,Asphalt roads,Dry,Daylight,Normal,Collision with roadside objects,2,1,Going straight,Pedestrian,Female,Under 18,2,Driver,Normal,Crossing from nearside - masked by parked or statioNot a Pedestrianry vehicle,Changing lane to the left,Serious Injury
14:00:00,Friday,18-30,Male,Elementary school,Employee,5-10yr,Other,Owner,,No defect, Industrial areas,other,Tangent road with flat terrain,No junction,Asphalt roads,Dry,Daylight,Normal,Vehicle with vehicle collision,4,1,Entering a junction,Driver or rider,Female,18-30,3,Self-employed,Normal,Not a Pedestrian,Overspeed,Fatal injury
03:32:00,Saturday,Under 18,Male,Junior high school,Owner,Below 1yr,Taxi,Owner,2-5yrs,No defect,Residential areas,Two-way (divided with broken lines road marking),Gentle horizontal curve,No junction,Asphalt roads,Dry,Darkness - lights lit,Normal,Collision with roadside objects,2,3,Going straight,na,na,na,na,,,Not a Pedestrian,Overturning,Fatal injury
9:39:00,Saturday,31-50,Male,Junior high school,Employee,2-5yr,Automobile,Owner,Above 10yr,No defect,Other,other,Tangent road with flat terrain,No junction,Asphalt roads,Dry,Daylight,Normal,Collision with roadside objects,2,1,Going straight,Driver or rider,Female,31-50,3,Driver,Normal,Not a Pedestrian,Overturning,Slight Injury
0:56:00,Monday,18-30,Male,Junior high school,Employee,2-5yr,Lorry (11?40Q),Governmental,Unknown,No defect, Church areas,Double carriageway (median),Tangent road with flat terrain,Crossing,Earth roads,Dry,Darkness - lights lit,Normal,Collision with pedestrians,2,1,Going straight,Driver or rider,Female,31-50,3,,,Not a Pedestrian,Changing lane to the right,Serious Injury
23:53:00,Thursday,Unknown,Female,Junior high school,Employee,2-5yr,Lorry (41?100Q),Owner,5-10yrs,,Office areas,Undivided Two way,Tangent road with mountainous terrain and,No junction,Asphalt roads,Dry,Darkness - lights lit,Normal,Vehicle with vehicle collision,1,1,Going straight,Pedestrian,Male,31-50,3,Driver,Normal,Unknown or other,Moving Backward,Fatal injury
17:25:00,Friday,31-50,Male,High school,Owner,2-5yr,Public (> 45 seats),Owner,5-10yrs,No defect,Office areas,Two-way (divided with broken lines road marking),Tangent road with flat terrain,,Asphalt roads,Dry,Darkness - lights lit,Normal,Collision with pedestrians,2,4,Going straight,Driver or rider,Female,18-30,3,Driver,Normal,Not a Pedestrian,Overloading,Fatal injury
12:48:00,Sunday,18-30,Male,Junior high school,Employee,,Pick up upto 10Q,,,,School areas,Two-way (divided with broken lines road marking),Tangent road with flat terrain,,Asphalt roads,Wet or damp,Daylight,Raining,Vehicle with vehicle collision,2,1,Going straight,Driver or rider,Male,18-30,3,Self-employed,Normal,Not a Pedestrian,Driving at high speed,Serious Injury
01:10:00,Sunday,18-30,Female,Writing & reading,Employee,5-10yr,Lorry (11?40Q),Owner,2-5yrs,No defect,Other,other,Tangent road with flat terrain,,Asphalt roads,Dry,Daylight,Normal,Collision with pedestrians,3,1,Other,Driver or rider,Male,Under 18,3,Driver,Normal,Not a Pedestrian,Getting off the vehicle improperly,Fatal injury
02:32:00,Saturday,Under 18,Male,Junior high school,Owner,Below 1yr,Taxi,Owner,2-5yrs,No defect,Residential areas,Two-way (divided with broken lines road marking),Gentle horizontal curve,No junction,Asphalt roads,Dry,Darkness - lights lit,Normal,Collision with roadside objects,1,3,Going straight,na,na,na,na,,,Not a Pedestrian,Overturning,Fatal injury
9:28:00,Friday,18-30,Male,Junior high school,Employee,Above 10yr,Lorry (41?100Q),Owner,Unknown,,Residential areas,other,Tangent road with flat terrain,No junction,Asphalt roads,Dry,Daylight,Normal,Vehicle with vehicle collision,4,1,Going straight,na,na,na,na,Self-employed,Normal,Not a Pedestrian,Moving Backward,Slight Injury
22:30:00,Sunday,18-30,Male,Junior high school,Employee,1-2yr,Automobile,Organization,2-5yrs,,Residential areas,Undivided Two way,Tangent road with flat terrain,Crossing,Asphalt roads,Dry,Darkness - lights lit,Normal,Vehicle with vehicle collision,2,4,Going straight,na,na,na,na,Driver,Normal,Not a Pedestrian,Overtaking,Fatal injury
15:45:00,Saturday,Over 51,Male,Elementary school,Employee,Above 10yr,Long lorry,Owner,Above 10yr,No defect,Residential areas,other,Tangent road with flat terrain,No junction,Asphalt roads,Dry,Daylight,Normal,Vehicle with vehicle collision,1,1,Going straight,Driver or rider,Male,31-50,3,Driver,Normal,Not a Pedestrian,No distancing,Fatal injury
11:25:00,Friday,Unknown,Male,Junior high school,Employee,1-2yr,Public (> 45 seats),Owner,Above 10yr,, Church areas,Two-way (divided with broken lines road marking),Steep grade downward with mountainous terrain,Y Shape,Asphalt roads,Dry,Daylight,Normal,Vehicle with vehicle collision,2,1,Going straight,na,na,na,na,Self-employed,Normal,Not a Pedestrian,Changing lane to the right,Slight Injury
21:40:00,Wednesday,31-50,Male,Junior high school,Owner,,Lorry (41?100Q),Governmental,,No defect,Residential areas,Two-way (divided with broken lines road marking),Tangent road with flat terrain,Crossing,Asphalt roads,Dry,Daylight,Normal,Vehicle with vehicle collision,2,5,Going straight,Driver or rider,Female,31-50,3,,,Not a Pedestrian,No priority to vehicle,Fatal injury
17:57:00,Tuesday,31-50,Male,High school,Employee,Above 10yr,Long lorry,Owner,,No defect,  Recreational areas,Two-way (divided with broken lines road marking),Tangent road with flat terrain,Y Shape,Asphalt roads,Dry,Daylight,Normal,Vehicle with vehicle collision,3,1,Going straight,Pedestrian,Male,18-30,3,,,Unknown or other,Turnover,Fatal injury
8:30:00,Wednesday,31-50,Male,Writing & reading,Employee,5-10yr,Long lorry,Owner,1-2yr,No defect, Industrial areas,Double carriageway (median),Tangent road with flat terrain,Crossing,Asphalt roads,Dry,Daylight,Normal,Vehicle with vehicle collision,3,1,Going straight,na,na,na,na,,Normal,Not a Pedestrian,No priority to vehicle,Slight Injury
15:51:00,Monday,18-30,Male,High school,Employee,2-5yr,Pick up upto 10Q,Owner,Unknown,No defect,Residential areas,Two-way (divided with broken lines road marking),Tangent road with flat terrain,Y Shape,Asphalt roads,Dry,Daylight,Normal,Vehicle with vehicle collision,1,2,Getting off,na,na,na,na,Driver,Normal,Not a Pedestrian,No distancing,Slight Injury
13:37:00,Friday,31-50,Male,Junior high school,Employee,1-2yr,,Governmental,Unknown,No defect,Other,Two-way (divided with broken lines road marking),Tangent road with flat terrain,Y Shape,Asphalt roads,Dry,Daylight,Unknown,Vehicle with vehicle collision,2,1,Moving Backward,Driver or rider,Male,31-50,3,Self-employed,Normal,Not a Pedestrian,No priority to vehicle,Slight Injury
17:08:00,Saturday,18-30,Male,Junior high school,Employee,2-5yr,Automobile,Owner,1-2yr,No defect,Rural village areas,Undivided Two way,Gentle horizontal curve,Y Shape,Asphalt roads,Dry,Darkness - no lighting,Normal,Vehicle with vehicle collision,3,4,Going straight,Passenger,Female,18-30,3,,,Not a Pedestrian,Driving carelessly,Fatal injury
20:30:00,Thursday,31-50,Male,Junior high school,Employee,5-10yr,Pick up upto 10Q,Owner,Unknown,No defect, Church areas,Two-way (divided with broken lines road marking),Tangent road with flat terrain,Crossing,Asphalt roads,Dry,Darkness - lights lit,Normal,Vehicle with vehicle collision,2,2,,Driver or rider,Male,31-50,3,Driver,Normal,Not a Pedestrian,Getting off the vehicle improperly,Slight Injury
18:45:00,Thursday,31-50,Male,Junior high school,Employee,2-5yr,Lorry (41?100Q),Owner,,,Office areas,,Tangent road with mild grade and flat terrain,Y Shape,Other,Wet or damp,Darkness - lights lit,Raining,Collision with roadside objects,2,1,Unknown,na,na,na,na,,,Not a Pedestrian,Other,Slight Injury