Time,Day_of_week,Age_band_of_driver,Sex_of_driver,Educational_level,Vehicle_driver_relation,Driving_experience,Type_of_vehicle,Owner_of_vehicle,Service_year_of_vehicle,Defect_of_vehicle,Area_accident_occured,Lanes_or_Medians,Road_allignment,Types_of_Junction,Road_surface_type,Road_surface_conditions,Light_conditions,Weather_conditions,Type_of_collision,Number_of_vehicles_involved,Number_of_casualties,Vehicle_movement,Casualty_class,Sex_of_casualty,Age_band_of_casualty,Casualty_severity,Work_of_casuality,Fitness_of_casuality,Pedestrian_movement,Cause_of_accident,Accident_severity
20:00:00,Friday,31-50,Male,Junior high school,Owner,5-10yr,Public (13?45 seats),Owner,1-2yr,,School areas,other,Steep grade downward with mountainous terrain,Y Shape,Asphalt roads,Dry,Daylight,Normal,Collision with roadside objects,2,1,Going straight,Driver or rider,Male,31-50,3,Driver,Normal,Not a Pedestrian,No distancing,Slight Injury
18:35:00,Wednesday,31-50,Male,Elementary school,Employee,1-2yr,Lorry (41?100Q),,,,Residential areas,other,,Crossing,Asphalt roads,Wet or damp,Darkness - lights lit,Raining,Collision with roadside objects,2,1,Going straight,Passenger,Male,18-30,3,,,Not a Pedestrian,Driving carelessly,Slight Injury
15:30:00,Friday,Over 51,Male,Junior high school,Employee,Above 10yr,Lorry (41?100Q),Owner,,No defect, Outside rural areas,other,Steep grade downward with mountainous terrain,No junction,Asphalt roads with some distress,Dry,Daylight,Normal,Collision with roadside objects,4,5,Going straight,Passenger,Female,18-30,3,,,Not a Pedestrian,Moving Backward,Slight Injury
20:15:00,Sunday,18-30,Male,Junior high school,Employee,2-5yr,Automobile,Owner,Above 10yr,No defect,Residential areas,other,Tangent road with flat terrain,No junction,Asphalt roads,Dry,Darkness - lights lit,Normal,Vehicle with vehicle collision,1,3,Turnover,na,na,na,na,Self-employed,Normal,Not a Pedestrian,Changing lane to the left,Fatal injury
22:00:00,Sunday,Under 18,Male,,,,Public (13?45 seats),Owner,1-2yr,5,Office areas,Undivided Two way,Tangent road with flat terrain,Other,Asphalt roads,Dry,Darkness - lights lit,Normal,Vehicle with vehicle collision,2,1,Entering a junction,Driver or rider,Male,18-30,3,Self-employed,Normal,Not a Pedestrian,No priority to pedestrian,Slight Injury
12:30:00,Tuesday,31-50,Male,Elementary school,Employee,5-10yr,Automobile,Owner,,No defect, Outside rural areas,Undivided Two way,Tangent road with mountainous terrain and,Y Shape,Asphalt roads,Dry,Daylight,Normal,Vehicle with vehicle collision,3,2,Other,Driver or rider,Male,31-50,3,Driver,Normal,Not a Pedestrian,No priority to vehicle,Slight Injury
10:40:00,Monday,31-50,Male,Junior high school,Employee,1-2yr,Pick up upto 10Q,Owner,Unknown,No defect,School areas,Undivided Two way,Tangent road with flat terrain,Y Shape,Asphalt roads,Wet or damp,Daylight,Raining,Vehicle with vehicle collision,2,1,Going straight,Driver or rider,Male,18-30,3,Driver,Normal,Not a Pedestrian,Getting off the vehicle improperly,Slight Injury
17:45:00,Sunday,31-50,Male,Junior high school,Employee,1-2yr,Other,Governmental,,No defect,Office areas,Two-way (divided with broken lines road marking),Tangent road with flat terrain,Crossing,Asphalt roads,Dry,Darkness - lights lit,Normal,Vehicle with vehicle collision,2,3,Going straight,na,na,na,na,Driver,Normal,Not a Pedestrian,Driving carelessly,Slight Injury
22:15:00,Sunday,31-50,Male,Junior high school,Employee,Above 10yr,Automobile,Owner,Unknown,,Office areas,One way,Tangent road with flat terrain,No junction,Asphalt roads,Dry,Darkness - lights lit,Normal,Collision with roadside objects,3,3,Going straight,na,na,na,na,,,Not a Pedestrian,Changing lane to the left,Fatal injury
11:16:00,Sunday,18-30,Male,Junior high school,Owner,2-5yr,Public (12 seats),Owner,,No defect,Other,Two-way (divided with broken lines road marking),Tangent road with flat terrain,No junction,Asphalt roads,Dry,Daylight,Normal,Vehicle with vehicle collision,2,4,Going straight,Driver or rider,Male,31-50,3,Driver,,Not a Pedestrian,Changing lane to the right,Fatal injury
14:17:00,Sunday,31-50,Male,Junior high school,Employee,5-10yr,Automobile,Owner,2-5yrs,No defect,Office areas,Double carriageway (median),Tangent road with flat terrain,No junction,Asphalt roads,Dry,Daylight,Normal,Vehicle with vehicle collision,3,1,Reversing,Driver or rider,Male,18-30,3,Self-employed,Normal,Not a Pedestrian,Moving Backward,Fatal injury
8:49:00,Monday,Unknown,Male,Junior high school,Employee,2-5yr,,Owner,,,Other,Undivided Two way,Tangent road with flat terrain,No junction,Asphalt roads,Dry,Daylight,Unknown,Vehicle with vehicle collision,2,1,Getting off,Driver or rider,Male,31-50,3,,Normal,Not a Pedestrian,Changing lane to the left,Slight Injury
12:48:00,Sunday,18-30,Male,Junior high school,Owner,1-2yr,Lorry (11?40Q),Owner,Unknown,No defect,Residential areas,Two-way (divided with broken lines road marking),Tangent road with flat terrain,Y Shape,Asphalt roads,Wet or damp,Daylight,Raining,Collision with roadside objects,2,4,Going straight,na,na,na,na,Driver,Normal,Not a Pedestrian,Changing lane to the right,Slight Injury
09:35:00,Monday,31-50,Male,Elementary school,Employee,2-5yr,,Owner,Unknown,No defect,Office areas,other,Tangent road with flat terrain,No junction,Asphalt roads,Dry,Daylight,Normal,Vehicle with vehicle collision,1,2,Reversing,Driver or rider,Male,31-50,3,Driver,Normal,Not a Pedestrian,Changing lane to the right,Fatal injury
17:00:00,Thursday,Under 18,Male,Illiterate,Employee,unknown,Pick up upto 10Q,,,,Residential areas,Undivided Two way,Tangent road with flat terrain,Y Shape,Asphalt roads,Dry,Darkness - lights lit,Normal,Vehicle with vehicle collision,2,1,Going straight,Driver or rider,Female,5,3,Driver,Normal,Not a Pedestrian,No priority to pedestrian,Serious Injury
20:33:00,Saturday,Under 18,Male,Elementary school,Employee,Above 10yr,Automobile,Owner,,No defect,Office areas,Two-way (divided with broken lines road marking),Tangent road with mild grade and flat terrain,Y Shape,Asphalt roads,Dry,Daylight,Normal,Collision with pedestrians,1,1,Going straight,na,na,na,na,Driver,Normal,Not a Pedestrian,No distancing,Fatal injury
19:00:00,Monday,Unknown,Female,Junior high school,Employee,2-5yr,Automobile,Owner,Unknown,, Church areas,Two-way (divided with broken lines road marking),Tangent road with flat terrain,No junction,Asphalt roads,Dry,Daylight,Normal,Vehicle with vehicle collision,2,1,Going straight,Passenger,Male,Over 51,3,Driver,Normal,Not a Pedestrian,Getting off the vehicle improperly,Slight Injury
16:25:00,Sunday,18-30,Male,Junior high school,Owner,Above 10yr,Public (13?45 seats),Owner,1-2yr,,Office areas,Two-way (divided with broken lines road marking),Tangent road with flat terrain,No junction,Asphalt roads,Wet or damp,Daylight,Raining,Collision with roadside objects,3,3,Reversing,na,na,na,na,Self-employed,Normal,Not a Pedestrian,Moving Backward,Fatal injury
10:16:00,Sunday,18-30,Male,Junior high school,Owner,2-5yr,Public (12 seats),Owner,,No defect,Other,Two-way (divided with broken lines road marking),Tangent road with flat terrain,No junction,Asphalt roads,Dry,Daylight,Normal,Vehicle with vehicle collision,3,6,Going straight,Driver or rider,Male,31-50,3,Driver,,Not a Pedestrian,Changing lane to the right,Fatal injury
16:25:00,Tuesday,18-30,Male,Junior high school,Employee,Below 1yr,Automobile,Owner,Unknown,No defect,Other,Two-way (divided with broken lines road marking),Tangent road with flat terrain,Crossing,Asphalt roads,Dry,Daylight,Normal,Vehicle with vehicle collision,2,1,Going straight,na,na,na,na,,,Not a Pedestrian,Other,Serious Injury
8:30:00,Tuesday,31-50,Male,High school,Employee,No Licence,Lorry (41?100Q),Owner,Unknown,No defect,Residential areas,Double carriageway (median),Tangent road with flat terrain,No junction,Asphalt roads,Dry,Daylight,Unknown,Vehicle with vehicle collision,2,1,Going straight,Driver or rider,Male,31-50,3,Driver,Normal,Not a Pedestrian,Driving to the left,Slight Injury
19:36:00,Thursday,18-30,Male,Junior high school,Employee,Above 10yr,Motorcycle,Owner,Unknown,No defect,Office areas,Undivided Two way,Tangent road with flat terrain,No junction,Asphalt roads,Dry,Darkness - lights lit,Normal,Collision with pedestrians,1,1,Entering a junction,Driver or rider,Male,18-30,2,,Normal,Not a Pedestrian,Driving under the influence of drugs,Fatal injury
16:30:00,Thursday,31-50,Male,Junior high school,Employee,5-10yr,Public (13?45 seats),Owner,,No defect,Other,Undivided Two way,Tangent road with flat terrain,No junction,Asphalt roads,Wet or damp,Daylight,Raining,Vehicle with vehicle collision,2,3,Going straight,Pedestrian,Female,18-30,3,Driver,Normal,Crossing from nearside - masked by parked or statioNot a Pedestrianry vehicle,Changing lane to the left,Fatal injury
15:40:00,Thursday,31-50,Male,Elementary school,Owner,2-5yr,Other,Owner,,,Office areas,,Tangent road with flat terrain,No junction,Asphalt roads,Wet or damp,Daylight,Raining,Vehicle with vehicle collision,2,2,Other,na,na,na,na,Self-employed,Normal,Not a Pedestrian,No priority to pedestrian,Slight Injury
22:05:00,Tuesday,Over 51,Male,Junior high school,Employee,5-10yr,Public (12 seats),Owner,,No defect,Other,Two-way (divided with broken lines road marking),Tangent road with flat terrain,,Asphalt roads,Dry,Daylight,Normal,,2,1,Going straight,Pedestrian,Female,31-50,3,,,Crossing from nearside - masked by parked or statioNot a Pedestrianry vehicle,No priority to vehicle,Slight Injury
14:17:00,Sunday,31-50,Male,Junior high school,Employee,5-10yr,Automobile,Owner,2-5yrs,No defect,Office areas,Double carriageway (median),Tangent road with flat terrain,No junction,Asphalt roads,Dry,Daylight,Normal,Vehicle with vehicle collision,3,1,Reversing,Driver or rider,Male,18-30,3,Self-employed,Normal,Not a Pedestrian,Moving Backward,Fatal injury
18:16:00,Wednesday,31-50,Male,,Owner,Below 1yr,,Owner,,, Church areas,other,Tangent road with flat terrain,Crossing,Asphalt roads,Dry,Darkness - lights lit,Normal,Vehicle with vehicle collision,2,1,Going straight,Driver or rider,Male,18-30,3,Self-employed,Normal,Not a Pedestrian,Changing lane to the left,Serious Injury
8:27:00,Wednesday,Over 51,Male,Junior high school,Employee,2-5yr,Lorry (41?100Q),Owner,2-5yrs,,Office areas,One way,Steep grade downward with mountainous terrain,Y Shape,Asphalt roads,Dry,Daylight,Normal,Collision with roadside objects,3,1,Going straight,na,na,na,na,,Normal,Not a Pedestrian,Moving Backward,Serious Injury
19:47:00,Saturday,31-50,Male,Junior high school,Employee,2-5yr,Automobile,Governmental,Unknown,,Other,Double carriageway (median),Tangent road with flat terrain,No junction,Asphalt roads,Wet or damp,Daylight,Normal,Vehicle with vehicle collision,2,1,Going straight,na,na,na,na,Driver,Normal,Not a Pedestrian,Driving carelessly,Slight Injury
09:35:00,Monday,31-50,Male,Junior high school,Employee,2-5yr,Automobile,Owner,Unknown,,Residential areas,Two-way (divided with broken lines road marking),Tangent road with flat terrain,No junction,Asphalt roads,Dry,Daylight,Normal,Vehicle with vehicle collision,3,2,Going straight,Passenger,Female,Over 51,3,Driver,Normal,Not a Pedestrian,Moving Backward,Fatal injury
17:32:00,Tuesday,Over 51,Male,Junior high school,Employee,1-2yr,Lorry (41?100Q),Governmental,2-5yrs,,  Recreational areas,Two-way (divided with broken lines road marking),Tangent road with flat terrain,No junction,,Wet or damp,Daylight,Raining,Vehicle with vehicle collision,3,4,Reversing,Driver or rider,Male,18-30,3,Driver,Normal,Not a Pedestrian,Driving carelessly,Fatal injury
22:48:00,Monday,31-50,Unknown,High school,Employee,Above 10yr,Automobile,Owner,Unknown,No defect, Industrial areas,Two-way (divided with broken lines road marking),,Y Shape,Asphalt roads,Wet or damp,Darkness - lights lit,Raining,Vehicle with vehicle collision,2,1,Moving Backward,Driver or rider,Male,18-30,3,Self-employed,Normal,Not a Pedestrian,Changing lane to the right,Fatal injury
17:45:00,Sunday,31-50,Male,Junior high school,Employee,5-10yr,Automobile,,,,Other,Undivided Two way,Tangent road with flat terrain,Y Shape,Asphalt roads,Dry,Daylight,Other,Vehicle with vehicle collision,2,1,U-Turn,Driver or rider,Male,18-30,3,Self-employed,Normal,Not a Pedestrian,No priority to vehicle,Slight Injury
17:10:00,Thursday,31-50,Male,High school,Owner,2-5yr,Lorry (41?100Q),Owner,1-2yr,No defect,School areas,Two-way (divided with broken lines road marking),Tangent road with flat terrain,Y Shape,Asphalt roads,Dry,Darkness - lights lit,Normal,Vehicle with vehicle collision,2,1,Other,Pedestrian,Male,Over 51,3,Driver,Normal,Crossing from nearside - masked by parked or statioNot a Pedestrianry vehicle,Overtaking,Fatal injury
0:25:00,Monday,Under 18,Male,Junior high school,Owner,2-5yr,Motorcycle,Owner,Above 10yr,No defect,Residential areas,other,Tangent road with rolling terrain,Y Shape,Asphalt roads,Wet or damp,Darkness - lights lit,Other,Collision with roadside objects,1,2,Other,Driver or rider,Male,31-50,3,Driver,Normal,Not a Pedestrian,Changing lane to the left,Slight Injury
14:00:00,Saturday,18-30,Male,Junior high school,Employee,Above 10yr,Stationwagen,Owner,Unknown,No defect,Office areas,,Tangent road with flat terrain,Y Shape,Asphalt roads,Dry,Daylight,Normal,Vehicle with vehicle collision,2,1,Moving Backward,na,na,na,na,Driver,Normal,Not a Pedestrian,Changing lane to the left,Slight Injury
17:08:00,Saturday,18-30,Male,Junior high school,Employee,2-5yr,Automobile,Governmental,,No defect,Residential areas,other,Tangent road with flat terrain,Y Shape,Asphalt roads,Dry,Darkness - no lighting,Normal,Vehicle with vehicle collision,2,3,Going straight,na,na,na,na,Driver,Normal,Not a Pedestrian,Driving carelessly,Fatal injury
17:31:00,Thursday,Unknown,Male,Junior high school,Employee,5-10yr,Ridden horse,Governmental,Unknown,,Residential areas,Two-way (divided with broken lines road marking),Tangent road with flat terrain,Y Shape,Asphalt roads,Dry,Daylight,Normal,Vehicle with vehicle collision,2,1,Going straight,Passenger,Male,Under 18,3,Driver,Normal,Not a Pedestrian,Changing lane to the right,Slight Injury
14:04:00,Saturday,31-50,Male,,Employee,5-10yr,Pick up upto 10Q,,,,Unknown,other,Tangent road with flat terrain,Y Shape,Asphalt roads,Wet or damp,Daylight,Normal,Vehicle with vehicle collision,1,4,Going straight,na,na,na,na,,,Not a Pedestrian,Other,Fatal injury
17:30:00,Thursday,31-50,Male,Junior high school,Employee,1-2yr,Other,Owner,2-5yrs,,Residential areas,Two-way (divided with broken lines road marking),Tangent road with flat terrain,No junction,Asphalt roads,Dry,Darkness - lights lit,Normal,Vehicle with vehicle collision,2,1,Other,Pedestrian,Male,18-30,3,,Normal,Not a Pedestrian,Driving carelessly,Slight Injury
12:30:00,Monday,18-30,Male,Junior high school,Employee,Above 10yr,Other,Owner,5-10yrs,,Office areas,Double carriageway (median),Tangent road with flat terrain,Y Shape,Asphalt roads,Dry,Daylight,Normal,Vehicle with vehicle collision,1,2,Going straight,Driver or rider,Male,31-50,3,Driver,Normal,Not a Pedestrian,No distancing,Slight Injury
8:22:00,Saturday,31-50,Male,Junior high school,Employee,1-2yr,Automobile,Owner,5-10yrs,,Residential areas,Undivided Two way,Tangent road with flat terrain,No junction,Asphalt roads,Dry,Daylight,Normal,Vehicle with vehicle collision,2,1,Going straight,na,na,na,na,Driver,Normal,Not a Pedestrian,No priority to pedestrian,Slight Injury
16:30:00,Thursday,31-50,Male,Junior high school,Employee,5-10yr,Public (13?45 seats),Owner,,No defect,Other,Undivided Two way,Tangent road with flat terrain,No junction,Asphalt roads,Wet or damp,Daylight,Raining,Vehicle with vehicle collision,2,2,Going straight,Pedestrian,Female,18-30,3,Driver,Normal,Crossing from nearside - masked by parked or statioNot a Pedestrianry vehicle,Changing lane to the left,Fatal injury
17:35:00,Saturday,18-30,Male,Junior high school,Employee,Above 10yr,Automobile,Owner,Above 10yr,No defect,Residential areas,Undivided Two way,Tangent road with flat terrain,Crossing,Asphalt roads,Wet or damp,Darkness - lights lit,Raining,Collision with roadside objects,2,2,Going straight,Driver or rider,Male,Under 18,3,Driver,Normal,Not a Pedestrian,Overturning,Slight Injury
09:15:00,Saturday,Under 18,Male,Elementary school,Employee,1-2yr,Pick up upto 10Q,Owner,,No defect,Other,Undivided Two way,Tangent road with flat terrain,No junction,Asphalt roads,Dry,Daylight,Normal,Vehicle with vehicle collision,1,1,Going straight,Driver or rider,Male,31-50,3,Driver,Normal,Not a Pedestrian,Driving to the left,Fatal injury
16:52:00,Sunday,31-50,Male,Junior high school,Employee,Above 10yr,Automobile,Owner,Below 1yr,, Church areas,Undivided Two way,Tangent road with flat terrain,Y Shape,Asphalt roads,Dry,Daylight,Normal,Vehicle with vehicle collision,2,1,Going straight,na,na,na,na,Driver,Normal,Not a Pedestrian,Driving carelessly,Slight Injury
04:32:00,Saturday,Under 18,Male,Junior high school,Employee,5-10yr,Public (13?45 seats),Owner,2-5yrs,No defect, Outside rural areas,Two-way (divided with broken lines road marking),Tangent road with mountainous terrain and,No junction,Asphalt roads,Dry,Darkness - lights lit,Normal,Vehicle with vehicle collision,1,2,Moving Backward,na,na,na,na,Self-employed,Normal,Not a Pedestrian,Moving Backward,Fatal injury
2:00:00,Friday,31-50,Male,High school,Owner,5-10yr,Public (13?45 seats),Owner,1-2yr,No defect,Office areas,Undivided Two way,Tangent road with flat terrain,No junction,Asphalt roads,Wet or damp,Darkness - lights lit,Raining,Vehicle with vehicle collision,1,1,Going straight,Driver or rider,Male,Under 18,3,Driver,Normal,Not a Pedestrian,Other,Slight Injury
20:33:00,Saturday,Under 18,Male,Elementary school,Employee,Above 10yr,Automobile,Owner,,No defect,Office areas,Two-way (divided with broken lines road marking),Tangent road with mild grade and flat terrain,Y Shape,Asphalt roads,Dry,Daylight,Normal,Collision with pedestrians,1,1,Going straight,na,na,na,na,Driver,Normal,Not a Pedestrian,No distancing,Fatal injury
8:39:00,Monday,18-30,Male,Unknown,Employee,Below 1yr,Stationwagen,Owner,,,Other,Two-way (divided with broken lines road marking),Tangent road with flat terrain,Y Shape,Asphalt roads,Dry,Daylight,Normal,Vehicle with vehicle collision,1,1,Other,Driver or rider,Male,Under 18,3,,,Not a Pedestrian,Other,Slight Injury
17:40:00,Tuesday,31-50,Male,Junior high school,Employee,5-10yr,Pick up upto 10Q,Owner,Unknown,,Office areas,Undivided Two way,Tangent road with flat terrain,Y Shape,Asphalt roads,Dry,Daylight,Normal,Rollover,3,1,Reversing,Driver or rider,Male,18-30,3,,,Not a Pedestrian,Turnover,Fatal injury
20:46:00,Saturday,18-30,Male,,,,Pick up upto 10Q,Owner,,No defect,Residential areas,Undivided Two way,Tangent road with flat terrain,No junction,Asphalt roads,Wet or damp,Daylight,Raining,Vehicle with vehicle collision,2,1,Going straight,Driver or rider,Female,18-30,3,Driver,Normal,Not a Pedestrian,No distancing,Slight Injury
16:00:00,Wednesday,Over 51,Male,Junior high school,Owner,2-5yr,,Owner,5-10yrs,,Other,Two-way (divided with broken lines road marking),Tangent road with flat terrain,,Asphalt roads,Dry,Daylight,Normal,Vehicle with vehicle collision,2,3,Turnover,Driver or rider,Male,18-30,3,,,Not a Pedestrian,No distancing,Fatal injury
18:57:00,Tuesday,31-50,Male,High school,Employee,Above 10yr,Long lorry,Owner,,No defect,  Recreational areas,Two-way (divided with broken lines road marking),Tangent road with flat terrain,Y Shape,Asphalt roads,Dry,Daylight,Normal,Vehicle with vehicle collision,3,1,Going straight,Pedestrian,Male,18-30,3,,,Unknown or other,Turnover,Fatal injury
16:55:00,Friday,Unknown,Female,,,,,,,,Other,Undivided Two way,Tangent road with flat terrain,No junction,Asphalt roads,Dry,Daylight,Normal,Vehicle with vehicle collision,3,3,Going straight,Driver or rider,Male,31-50,3,Driver,Normal,Not a Pedestrian,No distancing,Slight Injury
19:21:00,Thursday,Under 18,Male,Junior high school,Employee,2-5yr,Lorry (41?100Q),Owner,Unknown,No defect,Office areas,Undivided Two way,Tangent road with flat terrain,No junction,Asphalt roads,Dry,Daylight,Normal,Vehicle with vehicle collision,2,1,Going straight,Pedestrian,Female,31-50,3,Driver,Normal,Not a Pedestrian,Changing lane to the right,Slight Injury
23:40:00,Friday,18-30,Male,,,,Automobile,Owner,2-5yrs,No defect, Church areas,One way,Tangent road with flat terrain,Crossing,Asphalt roads,Wet or damp,Darkness - lights lit,Raining,Vehicle with vehicle collision,2,1,Other,na,na,na,na,,,Not a Pedestrian,No distancing,Slight Injury
10:07:00,Monday,Over 51,Male,Junior high school,Employee,1-2yr,Automobile,,,,Office areas,other,Tangent road with mountainous terrain and,Y Shape,Asphalt roads,Wet or damp,Darkness - lights lit,Normal,Vehicle with vehicle collision,2,2,Going straight,Pedestrian,Male,Over 51,2,Self-employed,Normal,Unknown or other,Driving carelessly,Slight Injury
16:04:00,Saturday,31-50,Male,Junior high school,Employee,5-10yr,Automobile,Owner,,No defect,Residential areas,Two-way (divided with solid lines road marking),Tangent road with flat terrain,Y Shape,Asphalt roads with some distress,Wet or damp,Daylight,Normal,Collision with pedestrians,1,4,Other,na,na,na,na,Driver,Normal,Not a Pedestrian,Moving Backward,Fatal injury
13:15:00,Monday,Over 51,Male,Junior high school,Employee,Above 10yr,Stationwagen,Owner,Above 10yr,No defect,Other,Two-way (divided with broken lines road marking),Tangent road with flat terrain,Other,Asphalt roads,Dry,Daylight,Normal,Collision with roadside objects,3,1,Moving Backward,na,na,na,na,Driver,Normal,Not a Pedestrian,Changing lane to the right,Slight Injury
17:40:00,Tuesday,31-50,Male,Junior high school,Employee,5-10yr,Pick up upto 10Q,Owner,Unknown,,Office areas,Undivided Two way,Tangent road with flat terrain,Y Shape,Asphalt roads,Dry,Daylight,Normal,Rollover,2,1,Reversing,Driver or rider,Male,18-30,3,,,Not a Pedestrian,Turnover,Fatal injury
19:45:00,Tuesday,Over 51,Male,Junior high school,Employee,2-5yr,Automobile,Owner,2-5yrs,,Other,Undivided Two way,Tangent road with mountainous terrain and,No junction,Asphalt roads,Dry,Daylight,Unknown,Vehicle with vehicle collision,2,1,Going straight,Pedestrian,Male,31-50,3,,,Not a Pedestrian,No distancing,Slight Injury
16:22:00,Thursday,18-30,Male,Junior high school,Employee,2-5yr,Automobile,Owner,Above 10yr,No defect, Church areas,Undivided Two way,Sharp reverse curve,Unknown,,Dry,Daylight,Normal,Collision with roadside objects,2,1,Reversing,Driver or rider,Male,Over 51,3,,,Not a Pedestrian,Driving at high speed,Serious Injury
16:49:00,Wednesday,18-30,Male,Elementary school,Owner,Above 10yr,Lorry (11?40Q),Owner,Unknown,,Office areas,One way,Tangent road with flat terrain,Crossing,Asphalt roads,Wet or damp,Daylight,Raining,Vehicle with vehicle collision,2,1,Going straight,na,na,na,na,Driver,Normal,Not a Pedestrian,No priority to vehicle,Slight Injury
01:10:00,Sunday,18-30,Male,Writing & reading,Employee,5-10yr,Pick up upto 10Q,Owner,Above 10yr,, Church areas,Two-way (divided with broken lines road marking),Steep grade upward with mountainous terrain,,Asphalt roads,Dry,Daylight,Normal,Vehicle with vehicle collision,1,2,Going straight,Pedestrian,Male,18-30,3,Self-employed,Normal,Not a Pedestrian,Overtaking,Fatal injury
20:30:00,Friday,Unknown,Male,Junior high school,Employee,2-5yr,Other,Owner,2-5yrs,,Residential areas,Two-way (divided with broken lines road marking),Tangent road with flat terrain,,Asphalt roads,Dry,Daylight,Normal,Collision with roadside objects,1,1,Other,na,na,na,na,,,Not a Pedestrian,Driving carelessly,Slight Injury
13:55:00,Sunday,18-30,Male,Junior high school,Employee,2-5yr,Automobile,Owner,Unknown,No defect,Residential areas,Two-way (divided with broken lines road marking),Tangent road with flat terrain,,Asphalt roads,Dry,Daylight,Normal,Vehicle with vehicle collision,2,1,Going straight,na,na,na,na,Driver,Normal,Not a Pedestrian,No distancing,Slight Injury
12:16:00,Sunday,18-30,Male,Junior high school,Owner,2-5yr,Public (12 seats),Owner,,No defect,Other,Two-way (divided with broken lines road marking),Tangent road with flat terrain,No junction,Asphalt roads,Dry,Daylight,Normal,Vehicle with vehicle collision,1,5,Going straight,Driver or rider,Male,31-50,3,Driver,,Not a Pedestrian,Changing lane to the right,Fatal injury
11:15:00,Friday,31-50,Male,,,,Other,Owner,2-5yrs,No defect,Residential areas,Undivided Two way,Steep grade downward with mountainous terrain,Y Shape,Asphalt roads,Dry,Daylight,Normal,Vehicle with vehicle collision,2,2,Going straight,Driver or rider,Male,18-30,3,Self-employed,Normal,Not a Pedestrian,Getting off the vehicle improperly,Slight Injury
14:10:00,Wednesday,18-30,Male,High school,Employee,Below 1yr,Public (12 seats),Owner,1-2yr,No defect, Industrial areas,other,Tangent road with flat terrain,Crossing,Asphalt roads,Dry,Daylight,Normal,Vehicle with vehicle collision,2,1,Going straight,Pedestrian,Female,18-30,3,Driver,Normal,Crossing from nearside - masked by parked or statioNot a Pedestrianry vehicle,Overturning,Serious Injury
11:45:00,Saturday,31-50,Male,Junior high school,Employee,5-10yr,Public (13?45 seats),Governmental,Unknown,No defect,Other,Two-way (divided with broken lines road marking),Steep grade downward with mountainous terrain,,Earth roads,Dry,Darkness - lights lit,Normal,Vehicle with vehicle collision,1,1,Going straight,Driver or rider,Male,31-50,3,Driver,Normal,Not a Pedestrian,No priority to vehicle,Fatal injury
18:35:00,Saturday,31-50,Male,Elementary school,Employee,5-10yr,Pick up upto 10Q,Owner,5-10yrs,,Office areas,Undivided Two way,Tangent road with flat terrain,Y Shape,Asphalt roads,Wet or damp,Daylight,Raining,Vehicle with vehicle collision,2,4,Going straight,Driver or rider,Male,Over 51,3,Driver,Normal,Not a Pedestrian,Driving carelessly,Fatal injury
23:45:00,Tuesday,18-30,Male,Elementary school,Employee,2-5yr,Turbo,,,,Residential areas,other,,Y Shape,Asphalt roads,Dry,Darkness - lights lit,Normal,Vehicle with vehicle collision,3,3,Moving Backward,Driver or rider,Male,31-50,3,,,Not a Pedestrian,No priority to pedestrian,Slight Injury
18:10:00,Thursday,18-30,Male,Junior high school,Employee,1-2yr,Stationwagen,Owner,2-5yrs,,Other,Undivided Two way,Tangent road with flat terrain,No junction,Asphalt roads,Dry,Daylight,Normal,Vehicle with vehicle collision,3,1,Going straight,Driver or rider,Female,Over 51,2,,,Not a Pedestrian,Other,Fatal injury
09:59:00,Monday,18-30,Male,Junior high school,Employee,1-2yr,,Owner,2-5yrs,No defect, Church areas,Undivided Two way,Tangent road with flat terrain,Unknown,Asphalt roads,Dry,Daylight,Normal,Collision with pedestrians,1,1,Going straight,Driver or rider,Female,18-30,3,Driver,Normal,Not a Pedestrian,Driving to the left,Fatal injury
12:14:00,Saturday,31-50,Male,Junior high school,Employee,1-2yr,Automobile,Owner,,No defect, Industrial areas,Unknown,Tangent road with flat terrain,No junction,Asphalt roads,Dry,Daylight,Normal,Vehicle with vehicle collision,2,3,Going straight,na,na,na,na,,,Not a Pedestrian,Moving Backward,Serious Injury
7:20:00,Wednesday,18-30,Male,Elementary school,Employee,1-2yr,,Owner,Above 10yr,No defect,Residential areas,Two-way (divided with broken lines road marking),Tangent road with flat terrain,No junction,Asphalt roads,Dry,Daylight,Normal,Vehicle with vehicle collision,3,1,Going straight,Pedestrian,Female,18-30,3,,,Not a Pedestrian,No distancing,Slight Injury
10:10:00,Saturday,Over 51,Male,Junior high school,Employee,5-10yr,Automobile,Owner,2-5yrs,,Residential areas,One way,Tangent road with flat terrain,Y Shape,Asphalt roads,Dry,Daylight,Normal,Vehicle with vehicle collision,2,1,Going straight,Passenger,Male,Under 18,3,Driver,Normal,Not a Pedestrian,No priority to pedestrian,Slight Injury
22:05:00,Monday,18-30,Male,Junior high school,Employee,Below 1yr,Automobile,Owner,2-5yrs,No defect,Office areas,Two-way (divided with broken lines road marking),Tangent road with flat terrain,,Asphalt roads,Dry,Daylight,Normal,Collision with roadside objects,2,2,Going straight,Passenger,Female,18-30,3,,,Not a Pedestrian,Overtaking,Serious Injury
9:35:00,Thursday,31-50,Male,Junior high school,Employee,Below 1yr,Automobile,Owner,5-10yrs,,Residential areas,Undivided Two way,Tangent road with flat terrain,Y Shape,,Snow,Daylight,Normal,Vehicle with vehicle collision,2,2,Reversing,Driver or rider,Male,31-50,3,Other,Normal,Not a Pedestrian,Overtaking,Slight Injury