Time,Day_of_week,Age_band_of_driver,Sex_of_driver,Educational_level,Vehicle_driver_relation,Driving_experience,Type_of_vehicle,Owner_of_vehicle,Service_year_of_vehicle,Defect_of_vehicle,Area_accident_occured,Lanes_or_Medians,Road_allignment,Types_of_Junction,Road_surface_type,Road_surface_conditions,Light_conditions,Weather_conditions,Type_of_collision,Number_of_vehicles_involved,Number_of_casualties,Vehicle_movement,Casualty_class,Sex_of_casualty,Age_band_of_casualty,Casualty_severity,Work_of_casuality,Fitness_of_casuality,Pedestrian_movement,Cause_of_accident,Accident_severity
19:08:00,Saturday,18-30,Male,Junior high school,Employee,2-5yr,Other,Owner,5-10yrs,No defect,Other,Undivided Two way,Tangent road with flat terrain,Y Shape,Asphalt roads,Dry,Darkness - no lighting,Normal,Vehicle with vehicle collision,1,5,Going straight,Pedestrian,Male,18-30,3,Driver,Normal,Not a Pedestrian,Changing lane to the left,Fatal injury
14:30:00,Monday,Unknown,Male,Junior high school,Employee,Above 10yr,Lorry (41?100Q),Owner,Above 10yr,,Office areas,Undivided Two way,Tangent road with flat terrain,Crossing,Asphalt roads,Dry,Daylight,Normal,Vehicle with vehicle collision,2,1,Other,Pedestrian,Female,18-30,2,Driver,Normal,Crossing from driver's nearside,Changing lane to the right,Slight Injury
21:50:00,Monday,Under 18,Male,Elementary school,Employee,5-10yr,Automobile,Owner,Above 10yr,No defect,Residential areas,Two-way (divided with broken lines road marking),Tangent road with flat terrain,Unknown,Asphalt roads,Wet or damp,Daylight,Other,Vehicle with vehicle collision,2,1,Going straight,Driver or rider,Male,31-50,3,Driver,Normal,Not a Pedestrian,Changing lane to the left,Slight Injury
17:20:00,Tuesday,18-30,Male,Junior high school,Employee,Above 10yr,Long lorry,Owner,Unknown,,Other,Two-way (divided with solid lines road marking),Tangent road with flat terrain,Y Shape,Asphalt roads,Wet or damp,Daylight,Normal,Vehicle with vehicle collision,2,1,Going straight,Driver or rider,Female,31-50,3,Driver,Normal,Not a Pedestrian,No priority to vehicle,Slight Injury
8:00:00,Tuesday,18-30,Male,Junior high school,Employee,2-5yr,,Owner,1-2yr,No defect,Residential areas,Two-way (divided with broken lines road marking),Tangent road with flat terrain,No junction,Asphalt roads,Dry,Darkness - lights lit,Normal,Vehicle with vehicle collision,2,1,Going straight,Driver or rider,Male,18-30,3,Driver,Normal,Not a Pedestrian,Changing lane to the left,Slight Injury
19:57:00,Saturday,31-50,Male,Elementary school,Employee,5-10yr,Pick up upto 10Q,Owner,Unknown,,Residential areas,other,Tangent road with flat terrain,Y Shape,Asphalt roads,Wet or damp,Darkness - lights lit,Raining,Vehicle with vehicle collision,1,2,Going straight,na,na,na,na,Driver,Normal,Not a Pedestrian,No distancing,Serious Injury
16:00:00,Wednesday,Over 51,Male,Junior high school,Employee,5-10yr,Lorry (41?100Q),Owner,2-5yrs,,Residential areas,One way,Tangent road with flat terrain,Y Shape,Asphalt roads,Dry,Daylight,Normal,Vehicle with vehicle collision,2,2,Other,na,na,na,na,,,Not a Pedestrian,Changing lane to the left,Slight Injury
9:09:00,Thursday,31-50,Male,Junior high school,Employee,1-2yr,Lorry (41?100Q),Owner,Unknown,No defect,Other,Two-way (divided with broken lines road marking),Tangent road with flat terrain,Crossing,Earth roads,Wet or damp,Daylight,Other,Collision with roadside objects,2,1,Going straight,Passenger,Female,18-30,3,,,Not a Pedestrian,Driving to the left,Slight Injury
14:17:00,Sunday,31-50,Male,Junior high school,Owner,5-10yr,Automobile,Owner,,,Other,other,Tangent road with flat terrain,No junction,Earth roads,Dry,Daylight,Normal,Collision with animals,2,1,Going straight,Pedestrian,Male,18-30,3,,Normal,Not a Pedestrian,Moving Backward,Fatal injury
18:30:00,Monday,31-50,Male,Junior high school,Owner,Above 10yr,Automobile,Owner,,No defect,Office areas,Two-way (divided with broken lines road marking),Tangent road with flat terrain,No junction,Asphalt roads,Dry,Darkness - lights lit,Normal,Collision with pedestrians,2,2,Going straight,Pedestrian,Male,31-50,3,Self-employed,Normal,Unknown or other,Driving carelessly,Serious Injury
15:25:00,Sunday,18-30,Male,Junior high school,Employee,Above 10yr,Automobile,Governmental,Unknown,No defect,Other,One way,Tangent road with flat terrain,No junction,Asphalt roads,Wet or damp,Daylight,Raining,Vehicle with vehicle collision,3,5,,Driver or rider,Male,Under 18,3,Self-employed,Normal,Not a Pedestrian,No priority to vehicle,Fatal injury
18:30:00,Thursday,18-30,Male,Junior high school,Employee,5-10yr,Lorry (41?100Q),Owner,Unknown,No defect,Other,Undivided Two way,Tangent road with flat terrain,No junction,Asphalt roads,Dry,Daylight,Normal,Vehicle with vehicle collision,2,1,Going straight,na,na,na,na,Driver,Normal,Not a Pedestrian,Moving Backward,Slight Injury
9:30:00,Tuesday,Over 51,Male,Junior high school,Employee,5-10yr,Lorry (41?100Q),Owner,1-2yr,,School areas,other,Steep grade downward with mountainous terrain,Y Shape,Asphalt roads,Wet or damp,Daylight,Other,Vehicle with vehicle collision,2,2,Turnover,Driver or rider,Male,Over 51,2,,,Not a Pedestrian,Moving Backward,Slight Injury
15:40:00,Monday,18-30,Male,Junior high school,Employee,Above 10yr,Other,Owner,Above 10yr,,Other,Undivided Two way,Tangent road with flat terrain,,,Dry,Darkness - lights lit,Normal,Vehicle with vehicle collision,1,2,Overtaking,Driver or rider,Male,18-30,3,Other,Normal,Not a Pedestrian,No priority to vehicle,Serious Injury
9:50:00,Friday,Over 51,Male,Junior high school,Employee,Below 1yr,Motorcycle,Owner,Unknown,No defect,Office areas,Two-way (divided with solid lines road marking),Tangent road with flat terrain,Y Shape,Asphalt roads,Wet or damp,Daylight,Raining,Vehicle with vehicle collision,2,2,Going straight,Passenger,Female,5,3,Self-employed,Normal,Not a Pedestrian,Changing lane to the left,Slight Injury
23:26:00,Monday,18-30,Male,Junior high school,,1-2yr,Other,Owner,2-5yrs,No defect,Residential areas,Two-way (divided with broken lines road marking),Tangent road with flat terrain,Y Shape,Asphalt roads,Dry,Darkness - lights lit,Normal,Vehicle with vehicle collision,1,1,Going straight,Driver or rider,Male,31-50,3,Driver,Normal,Not a Pedestrian,No priority to vehicle,Fatal injury
16:30:00,Tuesday,18-30,Male,Junior high school,Owner,2-5yr,Taxi,Owner,5-10yrs,, Church areas,Two-way (divided with broken lines road marking),Tangent road with flat terrain,No junction,Asphalt roads,Wet or damp,Daylight,Raining,Collision with pedestrians,2,1,Going straight,Passenger,Male,18-30,3,Other,Normal,Not a Pedestrian,Driving carelessly,Slight Injury
17:50:00,Friday,Under 18,Male,,,,Lorry (41?100Q),Owner,Unknown,No defect,Other,Two-way (divided with broken lines road marking),Tangent road with flat terrain,Crossing,Asphalt roads,Dry,Daylight,Normal,Vehicle with vehicle collision,3,1,Going straight,na,na,na,na,Driver,Normal,Not a Pedestrian,Changing lane to the right,Serious Injury
15:00:00,Sunday,Unknown,Female,Junior high school,Employee,Above 10yr,Automobile,Governmental,,No defect,Residential areas,Undivided Two way,Tangent road with flat terrain,No junction,Asphalt roads,Dry,Daylight,Normal,Vehicle with vehicle collision,2,1,Going straight,Pedestrian,Male,18-30,3,Driver,Normal,Crossing from offside - masked by  parked or statioNot a Pedestrianry vehicle,Other,Slight Injury
17:30:00,Friday,18-30,Male,Elementary school,Employee,2-5yr,Other,Owner,Unknown,No defect,Other,Two-way (divided with broken lines road marking),Tangent road with flat terrain,No junction,Asphalt roads,Dry,Daylight,Normal,Vehicle with vehicle collision,2,1,Moving Backward,Pedestrian,Male,Over 51,3,Driver,Normal,Not a Pedestrian,Changing lane to the left,Serious Injury
22:48:00,Monday,31-50,Unknown,High school,Employee,Above 10yr,Automobile,Owner,Unknown,No defect, Industrial areas,Two-way (divided with broken lines road marking),,Y Shape,Asphalt roads,Wet or damp,Darkness - lights lit,Raining,Vehicle with vehicle collision,1,1,Moving Backward,Driver or rider,Male,18-30,3,Self-employed,Normal,Not a Pedestrian,Changing lane to the right,Fatal injury
13:55:00,Sunday,18-30,Male,Junior high school,Employee,Above 10yr,Automobile,Owner,Unknown,No defect, Church areas,Double carriageway (median),Tangent road with flat terrain,Y Shape,Asphalt roads,Dry,Daylight,Normal,Vehicle with vehicle collision,3,3,Going straight,Pedestrian,Female,Under 18,3,Driver,Normal,Not a Pedestrian,Driving carelessly,Slight Injury
0:10:00,Saturday,Unknown,Male,Junior high school,Owner,2-5yr,Automobile,Owner,,No defect,  Recreational areas,Undivided Two way,Tangent road with flat terrain,No junction,Asphalt roads,Dry,Darkness - lights lit,Normal,Collision with roadside objects,3,3,Going straight,Driver or rider,Male,18-30,3,Driver,Normal,Not a Pedestrian,Changing lane to the left,Serious Injury
15:30:00,Tuesday,Over 51,Male,Junior high school,Employee,Above 10yr,Lorry (41?100Q),Owner,Above 10yr,, Church areas,Two-way (divided with broken lines road marking),Steep grade downward with mountainous terrain,No junction,Asphalt roads,Wet or damp,Daylight,Raining,Collision with roadside objects,2,4,Going straight,Passenger,Male,5,2,Driver,Normal,Not a Pedestrian,Changing lane to the right,Slight Injury
16:05:00,Tuesday,Over 51,Male,Junior high school,Employee,2-5yr,Automobile,Owner,,No defect,Other,Undivided Two way,Tangent road with flat terrain,,Asphalt roads,Dry,Daylight,Normal,,2,1,Other,Passenger,Male,Over 51,3,Student,Normal,Not a Pedestrian,No priority to vehicle,Serious Injury
12:11:00,Thursday,31-50,Male,Junior high school,Employee,Above 10yr,Public (12 seats),Owner,,, Industrial areas,Undivided Two way,Tangent road with flat terrain,Y Shape,Asphalt roads,Dry,Daylight,Normal,Rollover,2,1,Reversing,Passenger,Male,18-30,3,Employee,Normal,Not a Pedestrian,Changing lane to the right,Serious Injury
11:05:00,Thursday,18-30,Male,Elementary school,Employee,5-10yr,Lorry (41?100Q),Owner,,No defect,Office areas,Undivided Two way,Tangent road with flat terrain,Y Shape,Asphalt roads,Wet or damp,Daylight,Normal,Collision with roadside objects,2,1,Going straight,Driver or rider,Male,Over 51,2,Driver,Normal,Not a Pedestrian,Driving carelessly,Serious Injury
20:15:00,Monday,18-30,Male,Junior high school,Owner,Above 10yr,Other,Owner,,No defect,Office areas,,Tangent road with flat terrain,No junction,Asphalt roads,Dry,Darkness - no lighting,Normal,Collision with roadside objects,2,2,Going straight,Passenger,Male,Under 18,3,,,Not a Pedestrian,Driving under the influence of drugs,Slight Injury
22:04:00,Saturday,31-50,Male,Junior high school,Owner,2-5yr,Automobile,Owner,,No defect, Church areas,Undivided Two way,Tangent road with flat terrain,No junction,Asphalt roads,Dry,Darkness - lights lit,Normal,Collision with roadside objects,2,3,Going straight,Driver or rider,Male,31-50,3,,Normal,Not a Pedestrian,No priority to pedestrian,Serious Injury
17:08:00,Saturday,18-30,Male,Junior high school,Employee,2-5yr,Automobile,Owner,1-2yr,No defect,Rural village areas,Undivided Two way,Gentle horizontal curve,Y Shape,Asphalt roads,Dry,Darkness - no lighting,Normal,Vehicle with vehicle collision,2,3,Going straight,Passenger,Female,18-30,3,,,Not a Pedestrian,Driving carelessly,Fatal injury
16:10:00,Friday,Under 18,Male,Junior high school,Employee,Above 10yr,Lorry (11?40Q),Owner,1-2yr,No defect,Other,other,Tangent road with flat terrain,No junction,Earth roads,Dry,Daylight,Normal,Vehicle with vehicle collision,2,1,Overtaking,na,na,na,na,Driver,Normal,Not a Pedestrian,Overturning,Fatal injury
18:15:00,Monday,18-30,Male,Unknown,Employee,Below 1yr,Lorry (41?100Q),Owner,Above 10yr,No defect, Church areas,Two-way (divided with broken lines road marking),Tangent road with flat terrain,Y Shape,Asphalt roads,Wet or damp,Darkness - lights unlit,Raining,Collision with pedestrians,2,1,Moving Backward,Pedestrian,Female,Under 18,3,,Normal,Crossing from driver's nearside,No distancing,Slight Injury
12:16:00,Sunday,18-30,Male,Junior high school,Employee,2-5yr,Public (12 seats),Owner,5-10yrs,, Church areas,One way,Tangent road with flat terrain,No junction,Asphalt roads,Dry,Daylight,Normal,Collision with roadside objects,1,5,,Driver or rider,Male,Under 18,3,Driver,Normal,Not a Pedestrian,Changing lane to the left,Fatal injury
18:30:00,Wednesday,31-50,Male,,Owner,5-10yr,Automobile,Owner,Unknown,,Office areas,Undivided Two way,Tangent road with flat terrain,Other,Asphalt roads,Dry,Daylight,Unknown,Vehicle with vehicle collision,2,1,Moving Backward,na,na,na,na,Driver,Normal,Not a Pedestrian,Changing lane to the left,Serious Injury
23:10:00,Sunday,18-30,Male,Junior high school,Employee,2-5yr,,Owner,Unknown,No defect,Office areas,Undivided Two way,Tangent road with flat terrain,Y Shape,Asphalt roads,Dry,Darkness - lights lit,Normal,Vehicle with vehicle collision,2,2,Turnover,Driver or rider,Male,31-50,3,Driver,Normal,Not a Pedestrian,No priority to vehicle,Fatal injury
16:30:00,Friday,Unknown,Female,Elementary school,Employee,2-5yr,Automobile,Owner,Above 10yr,, Industrial areas,Undivided Two way,Tangent road with flat terrain,Y Shape,Asphalt roads,Dry,Daylight,Normal,Vehicle with vehicle collision,2,1,Entering a junction,na,na,na,na,Driver,Normal,Not a Pedestrian,Changing lane to the right,Serious Injury
21:44:00,Sunday,18-30,Male,Junior high school,Employee,5-10yr,,Owner,,No defect,Residential areas,Double carriageway (median),Tangent road with flat terrain,No junction,Asphalt roads,Dry,Darkness - lights lit,Normal,Vehicle with vehicle collision,2,1,Going straight,Pedestrian,Male,Under 18,2,Employee,Normal,Not a Pedestrian,No priority to vehicle,Slight Injury
22:00:00,Saturday,18-30,Male,Junior high school,Employee,Below 1yr,Pick up upto 10Q,Owner,2-5yrs,, Church areas,Two-way (divided with broken lines road marking),Tangent road with flat terrain,Y Shape,Asphalt roads,Wet or damp,Darkness - lights lit,Raining,Vehicle with vehicle collision,1,1,Going straight,Driver or rider,Male,18-30,2,Self-employed,Normal,Not a Pedestrian,No distancing,Fatal injury
17:33:00,Wednesday,Over 51,Female,Junior high school,Employee,5-10yr,Lorry (41?100Q),Owner,,, Church areas,other,Tangent road with flat terrain,No junction,Asphalt roads,Dry,Daylight,Normal,Collision with roadside objects,2,1,Moving Backward,Pedestrian,Female,31-50,3,,,Unknown or other,No distancing,Slight Injury
09:59:00,Monday,18-30,Male,Junior high school,Employee,1-2yr,,Owner,2-5yrs,No defect, Church areas,Undivided Two way,Tangent road with flat terrain,Unknown,Asphalt roads,Dry,Daylight,Normal,Collision with pedestrians,2,2,Going straight,Driver or rider,Female,18-30,3,Driver,Normal,Not a Pedestrian,Driving to the left,Fatal injury
16:20:00,Monday,18-30,Male,Junior high school,Employee,Above 10yr,Public (12 seats),Owner,5-10yrs,No defect,Other,Two-way (divided with broken lines road marking),Tangent road with flat terrain,Y Shape,Asphalt roads,Wet or damp,Darkness - lights lit,Normal,Vehicle with vehicle collision,2,1,Going straight,Driver or rider,Female,31-50,3,Self-employed,Normal,Not a Pedestrian,No priority to pedestrian,Slight Injury
20:41:00,Thursday,18-30,Male,Elementary school,Employee,5-10yr,Lorry (41?100Q),Owner,Unknown,No defect,Office areas,One way,Tangent road with flat terrain,Crossing,Asphalt roads,Dry,Daylight,Normal,Vehicle with vehicle collision,4,2,Going straight,Driver or rider,Female,Over 51,3,Driver,Normal,Not a Pedestrian,Driving carelessly,Slight Injury
10:30:00,Monday,Over 51,Male,Junior high school,Employee,2-5yr,Special vehicle,Owner,Unknown,, Church areas,Two-way (divided with broken lines road marking),Tangent road with flat terrain,No junction,Asphalt roads,Wet or damp,Daylight,Normal,Vehicle with vehicle collision,1,1,Going straight,na,na,na,na,Driver,Normal,Not a Pedestrian,Driving carelessly,Serious Injury
08:50:00,Friday,31-50,Male,Junior high school,Employee,5-10yr,Lorry (41?100Q),Owner,,,Office areas,other,Tangent road with flat terrain,,Asphalt roads,Wet or damp,Daylight,Raining,Collision with roadside objects,3,4,Going straight,Driver or rider,Male,Under 18,3,,Normal,Not a Pedestrian,No priority to vehicle,Fatal injury
21:00:00,Wednesday,Over 51,Male,Junior high school,Employee,1-2yr,Lorry (41?100Q),Owner,,No defect,Office areas,other,Tangent road with mountainous terrain and,No junction,Asphalt roads,Wet or damp,Darkness - lights lit,Raining,Vehicle with vehicle collision,2,2,Going straight,Driver or rider,Male,18-30,2,Driver,Normal,Not a Pedestrian,Changing lane to the left,Fatal injury
11:16:00,Sunday,18-30,Male,Junior high school,Owner,5-10yr,Public (12 seats),Owner,Unknown,,Residential areas,Undivided Two way,Tangent road with flat terrain,No junction,Asphalt roads,Dry,Daylight,Normal,Collision with roadside objects,2,5,Going straight,na,na,na,na,,Normal,Not a Pedestrian,No priority to vehicle,Fatal injury
13:15:00,Wednesday,Over 51,Male,Junior high school,Employee,5-10yr,Taxi,Governmental,5-10yrs,No defect,Other,Undivided Two way,Tangent road with flat terrain,Y Shape,Asphalt roads,Wet or damp,Daylight,Normal,Vehicle with vehicle collision,2,1,Going straight,Driver or rider,Female,Under 18,3,Driver,Normal,Not a Pedestrian,No distancing,Slight Injury
15:00:00,Saturday,Unknown,Male,Junior high school,Employee,5-10yr,Lorry (41?100Q),,Above 10yr,No defect,Other,Two-way (divided with broken lines road marking),Tangent road with flat terrain,Y Shape,Asphalt roads,Dry,Daylight,Normal,Vehicle with vehicle collision,2,2,Going straight,na,na,na,na,,,Not a Pedestrian,Driving under the influence of drugs,Serious Injury
10:10:00,Monday,Over 51,Male,Junior high school,Employee,Above 10yr,Lorry (41?100Q),Owner,Unknown,No defect,Office areas,Two-way (divided with broken lines road marking),Tangent road with flat terrain,Y Shape,Asphalt roads,Wet or damp,Daylight,Normal,Collision with pedestrians,1,1,Unknown,Driver or rider,Male,31-50,3,Driver,Normal,Not a Pedestrian,Other,Fatal injury
15:15:00,Tuesday,Under 18,Male,Junior high school,Employee,2-5yr,Public (12 seats),Governmental,Below 1yr,No defect,Residential areas,Undivided Two way,Tangent road with flat terrain,Y Shape,Asphalt roads,Dry,Daylight,Normal,Collision with roadside objects,1,1,Going straight,Driver or rider,Male,5,3,,Normal,Not a Pedestrian,No distancing,Serious Injury
17:36:00,Thursday,31-50,Male,High school,Employee,Below 1yr,Automobile,,,,,Two-way (divided with broken lines road marking),Tangent road with flat terrain,Y Shape,Asphalt roads,Dry,Daylight,Normal,Vehicle with vehicle collision,2,1,Going straight,Driver or rider,Female,18-30,3,Driver,Normal,Not a Pedestrian,No distancing,Fatal injury
17:21:00,Tuesday,Over 51,Male,High school,Other,Above 10yr,Automobile,Owner,,No defect,Other,Undivided Two way,Tangent road with flat terrain,No junction,Asphalt roads,Dry,Daylight,Normal,Vehicle with vehicle collision,2,1,Going straight,Driver or rider,Male,18-30,3,Driver,Normal,Not a Pedestrian,Moving Backward,Slight Injury
18:58:00,Sunday,31-50,Male,Elementary school,Employee,1-2yr,Stationwagen,Organization,2-5yrs,,Residential areas,Undivided Two way,Tangent road with flat terrain,Crossing,Asphalt roads,Dry,Daylight,Normal,Vehicle with vehicle collision,1,1,Going straight,na,na,na,na,Driver,Normal,Not a Pedestrian,Driving to the left,Serious Injury
23:30:00,Sunday,18-30,Male,Junior high school,Employee,1-2yr,Automobile,Organization,2-5yrs,,Residential areas,Undivided Two way,Tangent road with flat terrain,Crossing,Asphalt roads,Dry,Darkness - lights lit,Normal,Vehicle with vehicle collision,1,5,Going straight,na,na,na,na,Driver,Normal,Not a Pedestrian,Overtaking,Fatal injury
14:04:00,Saturday,31-50,Male,Elementary school,Owner,1-2yr,,Owner,,No defect, Industrial areas,other,Tangent road with flat terrain,Y Shape,Asphalt roads,Wet or damp,Daylight,Normal,Vehicle with vehicle collision,1,4,,Driver or rider,Male,Over 51,3,,,Not a Pedestrian,Other,Fatal injury
15:08:00,Saturday,18-30,Male,High school,Employee,Below 1yr,Automobile,Owner,Above 10yr,,Other,Undivided Two way,Tangent road with flat terrain,No junction,Asphalt roads,Dry,Daylight,Normal,Collision with pedestrians,1,1,Going straight,na,na,na,na,,Normal,Not a Pedestrian,Driving carelessly,Serious Injury
8:54:00,Thursday,18-30,Male,High school,Employee,2-5yr,Automobile,Owner,,,Office areas,Two-way (divided with broken lines road marking),Tangent road with flat terrain,No junction,Asphalt roads,Snow,Daylight,Normal,Collision with roadside objects,4,2,Going straight,na,na,na,na,,,Not a Pedestrian,No priority to vehicle,Slight Injury
13:00:00,Friday,Over 51,Male,Elementary school,Employee,5-10yr,Lorry (41?100Q),Owner,2-5yrs,No defect,Office areas,Double carriageway (median),Tangent road with flat terrain,No junction,Asphalt roads,Dry,Daylight,Normal,Vehicle with vehicle collision,4,1,Turnover,Driver or rider,Male,18-30,3,Employee,Normal,Not a Pedestrian,Changing lane to the right,Fatal injury
18:57:00,Tuesday,31-50,Male,High school,Employee,Above 10yr,Long lorry,Owner,,No defect,  Recreational areas,Two-way (divided with broken lines road marking),Tangent road with flat terrain,Y Shape,Asphalt roads,Dry,Daylight,Normal,Vehicle with vehicle collision,2,1,Going straight,Pedestrian,Male,18-30,3,,,Unknown or other,Turnover,Fatal injury
16:04:00,Saturday,18-30,Male,Junior high school,Employee,1-2yr,Automobile,Owner,2-5yrs,No defect,  Market areas,Undivided Two way,Tangent road with flat terrain,Y Shape,Asphalt roads,Wet or damp,Daylight,Normal,Vehicle with vehicle collision,2,5,Going straight,Driver or rider,Male,Under 18,3,,,Not a Pedestrian,No priority to vehicle,Fatal injury
13:00:00,Tuesday,31-50,Male,Writing & reading,Employee,5-10yr,Automobile,Owner,Unknown,No defect,Office areas,Undivided Two way,Tangent road with flat terrain,No junction,Asphalt roads,Dry,Daylight,Normal,Vehicle with vehicle collision,2,2,Going straight,Pedestrian,Male,31-50,3,,,Not a Pedestrian,Changing lane to the left,Slight Injury
7:25:00,Wednesday,18-30,Male,Junior high school,Employee,2-5yr,Special vehicle,Owner,,,Office areas,,Tangent road with flat terrain,Y Shape,Asphalt roads,Dry,Daylight,Normal,Vehicle with vehicle collision,3,2,Moving Backward,Driver or rider,Male,31-50,3,Self-employed,Normal,Not a Pedestrian,Overtaking,Serious Injury
9:00:00,Thursday,18-30,Male,Junior high school,Employee,1-2yr,Other,Owner,,No defect,Office areas,Two-way (divided with broken lines road marking),Tangent road with flat terrain,,Asphalt roads,Dry,Daylight,Normal,Vehicle with vehicle collision,3,1,Going straight,Pedestrian,Male,31-50,3,Driver,Normal,Not a Pedestrian,Changing lane to the right,Slight Injury
08:10:00,Monday,Over 51,Male,Junior high school,Employee,Above 10yr,Lorry (41?100Q),Owner,Unknown,No defect,Office areas,Two-way (divided with broken lines road marking),Tangent road with flat terrain,Y Shape,Asphalt roads,Wet or damp,Daylight,Normal,Collision with pedestrians,1,2,Unknown,Driver or rider,Male,31-50,3,Driver,Normal,Not a Pedestrian,Other,Fatal injury
11:10:00,Saturday,18-30,Male,Junior high school,Owner,2-5yr,Stationwagen,Owner,Above 10yr,No defect,Other,Two-way (divided with broken lines road marking),Tangent road with flat terrain,No junction,Asphalt roads,Dry,Daylight,Normal,Collision with roadside objects,1,2,Moving Backward,Pedestrian,Female,Over 51,2,Driver,Normal,Unknown or other,Driving carelessly,Fatal injury
9:25:00,Tuesday,Unknown,Female,Junior high school,Employee,Below 1yr,Automobile,,2-5yrs,, Hospital areas,One way,,Crossing,Asphalt roads,Dry,Daylight,Normal,Vehicle with vehicle collision,6,1,Going straight,na,na,na,na,Other,Normal,Not a Pedestrian,Changing lane to the right,Slight Injury
22:15:00,Sunday,31-50,Male,Junior high school,Employee,Above 10yr,Lorry (11?40Q),Owner,Unknown,,Residential areas,other,Tangent road with flat terrain,No junction,Asphalt roads,Dry,Darkness - lights lit,Normal,Collision with roadside objects,2,4,Going straight,na,na,na,na,,Normal,Not a Pedestrian,Moving Backward,Fatal injury
22:15:00,Thursday,18-30,Male,,,,Public (12 seats),Owner,Unknown,No defect,School areas,,Tangent road with flat terrain,Crossing,Asphalt roads,Dry,Darkness - lights lit,Normal,Vehicle with vehicle collision,2,2,Going straight,Pedestrian,Male,Over 51,3,Driver,Normal,Crossing from nearside - masked by parked or statioNot a Pedestrianry vehicle,No distancing,Fatal injury
16:00:00,Sunday,Unknown,Female,Elementary school,Employee,5-10yr,Lorry (41?100Q),Owner,Unknown,No defect,Office areas,Undivided Two way,Tangent road with flat terrain,Y Shape,Asphalt roads,Dry,Daylight,Normal,Collision with roadside objects,3,1,Entering a junction,Driver or rider,Male,Under 18,3,Driver,Normal,Not a Pedestrian,Driving under the influence of drugs,Slight Injury
21:00:00,Wednesday,Over 51,Male,Junior high school,Employee,Above 10yr,Lorry (41?100Q),Owner,5-10yrs,, Church areas,Undivided Two way,Tangent road with flat terrain,No junction,Asphalt roads,Wet or damp,Darkness - lights lit,Raining,Vehicle with vehicle collision,1,1,Going straight,na,na,na,na,Self-employed,Normal,Not a Pedestrian,Moving Backward,Fatal injury
03:00:00,Friday,18-30,Male,Junior high school,Employee,5-10yr,Lorry (41?100Q),Owner,1-2yr,No defect,Other,Undivided Two way,Tangent road with flat terrain,Y Shape,Asphalt roads,Dry,Daylight,Normal,Collision with roadside objects,1,1,Turnover,na,na,na,na,Other,Normal,Not a Pedestrian,Changing lane to the left,Fatal injury
23:53:00,Thursday,Unknown,Female,Junior high school,Employee,2-5yr,Lorry (41?100Q),Owner,5-10yrs,,Office areas,Undivided Two way,Tangent road with mountainous terrain and,No junction,Asphalt roads,Dry,Darkness - lights lit,Normal,Vehicle with vehicle collision,1,1,Going straight,Pedestrian,Male,31-50,3,Driver,Normal,Unknown or other,Moving Backward,Fatal injury
22:39:00,Friday,Unknown,Female,Junior high school,Employee,Above 10yr,Public (12 seats),Owner,5-10yrs,,Other,Undivided Two way,Tangent road with flat terrain,O Shape,Asphalt roads,Wet or damp,Darkness - lights lit,Raining,Collision with roadside objects,2,1,Going straight,Driver or rider,Female,31-50,3,Self-employed,Normal,Not a Pedestrian,Changing lane to the right,Slight Injury
15:36:00,Thursday,31-50,Male,High school,Employee,2-5yr,Automobile,Owner,Unknown,No defect,Residential areas,One way,Tangent road with flat terrain,Y Shape,Asphalt roads,Dry,Daylight,Normal,Vehicle with vehicle collision,3,1,Going straight,Pedestrian,Male,Under 18,3,Employee,Normal,Crossing from driver's nearside,No distancing,Fatal injury
15:43:00,Monday,Over 51,Male,Elementary school,Owner,Above 10yr,Automobile,Owner,1-2yr,No defect,Other,other,Tangent road with flat terrain,No junction,Asphalt roads,Dry,Daylight,Normal,Vehicle with vehicle collision,2,3,Going straight,Driver or rider,Male,31-50,3,Unemployed,Normal,Not a Pedestrian,Changing lane to the left,Serious Injury
19:00:00,Saturday,Over 51,Male,Elementary school,Owner,5-10yr,Lorry (11?40Q),Owner,,No defect, Church areas,Two-way (divided with broken lines road marking),Tangent road with flat terrain,Y Shape,Asphalt roads,Dry,Daylight,Normal,Vehicle with vehicle collision,3,3,Going straight,na,na,na,na,Driver,Normal,Not a Pedestrian,Changing lane to the right,Fatal injury
18:44:00,Sunday,Unknown,Male,Junior high school,Employee,Above 10yr,Pick up upto 10Q,Owner,,No defect, Church areas,Undivided Two way,Tangent road with flat terrain,Y Shape,Asphalt roads,Dry,Darkness - lights lit,Normal,Vehicle with vehicle collision,2,1,Going straight,na,na,na,na,Driver,Normal,Not a Pedestrian,Changing lane to the right,Slight Injury
20:21:00,Friday,Over 51,Male,Junior high school,Owner,2-5yr,Automobile,Owner,Above 10yr,No defect,Residential areas,other,Tangent road with rolling terrain,Y Shape,Asphalt roads,Dry,Daylight,Normal,Vehicle with vehicle collision,2,1,Going straight,Driver or rider,Female,18-30,3,Self-employed,Normal,Not a Pedestrian,No distancing,Serious Injury