Time,Day_of_week,Age_band_of_driver,Sex_of_driver,Educational_level,Vehicle_driver_relation,Driving_experience,Type_of_vehicle,Owner_of_vehicle,Service_year_of_vehicle,Defect_of_vehicle,Area_accident_occured,Lanes_or_Medians,Road_allignment,Types_of_Junction,Road_surface_type,Road_surface_conditions,Light_conditions,Weather_conditions,Type_of_collision,Number_of_vehicles_involved,Number_of_casualties,Vehicle_movement,Casualty_class,Sex_of_casualty,Age_band_of_casualty,Casualty_severity,Work_of_casuality,Fitness_of_casuality,Pedestrian_movement,Cause_of_accident,Accident_severity
13:35:00,Monday,18-30,Male,Junior high school,Employee,2-5yr,,Owner,1-2yr,No defect,Residential areas,other,Steep grade downward with mountainous terrain,Y Shape,Asphalt roads,Dry,Daylight,Normal,Fall from vehicles,2,1,Going straight,Driver or rider,Male,18-30,3,Self-employed,Normal,Not a Pedestrian,Moving Backward,Serious Injury
06:53:00,Wednesday,18-30,Male,Junior high school,Employee,2-5yr,Lorry (41?100Q),Owner,2-5yrs,,Residential areas,One way,Steep grade downward with mountainous terrain,Other,Asphalt roads,Wet or damp,Darkness - lights lit,Normal,Rollover,3,1,Going straight,na,na,na,na,Driver,Normal,Not a Pedestrian,No distancing,Fatal injury
20:30:00,Sunday,Over 51,Male,High school,Employee,2-5yr,Ridden horse,Owner,,No defect, Church areas,Undivided Two way,Tangent road with flat terrain,,Asphalt roads,Dry,Daylight,Normal,Vehicle with vehicle collision,1,1,Moving Backward,na,na,na,na,Self-employed,Normal,Not a Pedestrian,No priority to vehicle,Slight Injury
9:51:00,Thursday,Over 51,Male,Writing & reading,Employee,5-10yr,Automobile,Owner,Above 10yr,, Industrial areas,Undivided Two way,Tangent road with flat terrain,Y Shape,Asphalt roads,Dry,Daylight,Normal,Vehicle with vehicle collision,1,1,Going straight,Driver or rider,Female,18-30,3,Driver,Normal,Not a Pedestrian,No priority to vehicle,Slight Injury
17:10:00,Wednesday,18-30,Male,,,,Automobile,Owner,Above 10yr,,Office areas,Undivided Two way,Tangent road with flat terrain,No junction,Asphalt roads,Dry,Daylight,Normal,Collision with roadside objects,2,1,Going straight,Driver or rider,Male,18-30,3,Driver,Normal,Not a Pedestrian,Changing lane to the left,Slight Injury
02:32:00,Saturday,Under 18,Male,Junior high school,Owner,Below 1yr,Taxi,Owner,2-5yrs,No defect,Residential areas,Two-way (divided with broken lines road marking),Gentle horizontal curve,No junction,Asphalt roads,Dry,Darkness - lights lit,Normal,Collision with roadside objects,1,4,Going straight,na,na,na,na,,,Not a Pedestrian,Overturning,Fatal injury
7:23:00,Wednesday,18-30,Male,Junior high school,Employee,5-10yr,Lorry (41?100Q),Owner,Unknown,No defect,Office areas,,Steep grade downward with mountainous terrain,Y Shape,Asphalt roads,Dry,Daylight,Normal,Vehicle with vehicle collision,2,1,Other,Driver or rider,Male,18-30,3,Self-employed,Normal,Not a Pedestrian,Driving carelessly,Slight Injury
15:30:00,Wednesday,31-50,Male,Junior high school,Employee,Below 1yr,Taxi,Owner,,No defect,Other,Undivided Two way,Tangent road with flat terrain,No junction,Asphalt roads,Dry,Daylight,Normal,Collision with roadside objects,3,1,Getting off,na,na,na,na,,,Not a Pedestrian,Changing lane to the right,Slight Injury
12:10:00,Saturday,18-30,Male,Junior high school,Owner,2-5yr,Stationwagen,Owner,Above 10yr,No defect,Other,Two-way (divided with broken lines road marking),Tangent road with flat terrain,No junction,Asphalt roads,Dry,Daylight,Normal,Collision with roadside objects,2,2,Moving Backward,Pedestrian,Female,Over 51,2,Driver,Normal,Unknown or other,Driving carelessly,Fatal injury
13:19:00,Monday,Under 18,Male,Junior high school,Employee,1-2yr,Lorry (11?40Q),Organization,5-10yrs,No defect,Office areas,Two-way (divided with broken lines road marking),Gentle horizontal curve,Y Shape,Asphalt roads,Dry,Daylight,Normal,Vehicle with vehicle collision,2,4,Going straight,na,na,na,na,Self-employed,Normal,Not a Pedestrian,Getting off the vehicle improperly,Serious Injury
14:04:00,Saturday,31-50,Male,,Employee,5-10yr,Pick up upto 10Q,,,,Unknown,other,Tangent road with flat terrain,Y Shape,Asphalt roads,Wet or damp,Daylight,Normal,Vehicle with vehicle collision,1,4,Going straight,na,na,na,na,,,Not a Pedestrian,Other,Fatal injury
21:30:00,Thursday,18-30,Male,Junior high school,Employee,Below 1yr,Automobile,Owner,2-5yrs,,Other,One way,Tangent road with flat terrain,Other,Asphalt roads,Wet or damp,Darkness - lights lit,Normal,Vehicle with vehicle collision,2,1,Going straight,Driver or rider,Male,18-30,3,Student,Normal,Not a Pedestrian,Changing lane to the right,Serious Injury
8:42:00,Thursday,31-50,Male,Junior high school,Employee,Above 10yr,Other,,,,Other,Undivided Two way,Tangent road with flat terrain,Y Shape,Asphalt roads,Dry,Daylight,Normal,Vehicle with vehicle collision,2,2,Going straight,Driver or rider,Male,18-30,2,,,Not a Pedestrian,Changing lane to the right,Serious Injury
21:15:00,Sunday,18-30,Male,Junior high school,Employee,2-5yr,Automobile,Owner,Above 10yr,No defect,Residential areas,other,Tangent road with flat terrain,No junction,Asphalt roads,Dry,Darkness - lights lit,Normal,Vehicle with vehicle collision,1,4,Turnover,na,na,na,na,Self-employed,Normal,Not a Pedestrian,Changing lane to the left,Fatal injury
15:20:00,Wednesday,Unknown,Male,Junior high school,Owner,2-5yr,Automobile,Owner,,,Office areas,Two-way (divided with broken lines road marking),Tangent road with flat terrain,No junction,Asphalt roads,Dry,Daylight,Normal,Collision with animals,1,1,Other,na,na,na,na,Driver,Normal,Not a Pedestrian,Changing lane to the right,Serious Injury
20:39:00,Thursday,Under 18,Male,Junior high school,Owner,1-2yr,Automobile,Owner,1-2yr,No defect,Other,other,Tangent road with flat terrain,Y Shape,Asphalt roads,Wet or damp,Darkness - lights lit,Normal,Vehicle with vehicle collision,2,1,Going straight,Pedestrian,Male,18-30,3,Self-employed,Normal,Not a Pedestrian,Driving carelessly,Fatal injury
20:00:00,Friday,31-50,Male,Junior high school,Employee,2-5yr,Automobile,Owner,,No defect,Office areas,Two-way (divided with broken lines road marking),Tangent road with flat terrain,Y Shape,Asphalt roads,Wet or damp,Darkness - lights lit,Cloudy,Vehicle with vehicle collision,2,2,Going straight,Driver or rider,Male,31-50,3,Driver,Normal,Not a Pedestrian,Overturning,Slight Injury
13:58:00,Thursday,18-30,Male,Junior high school,Employee,5-10yr,Other,Governmental,,No defect,Other,Two-way (divided with broken lines road marking),Tangent road with flat terrain,Crossing,Asphalt roads,Dry,Daylight,Normal,Vehicle with vehicle collision,1,1,Going straight,Driver or rider,Male,18-30,3,Driver,Normal,Not a Pedestrian,Other,Slight Injury
02:18:00,Saturday,18-30,Male,Junior high school,Employee,Below 1yr,,Organization,2-5yrs,, Industrial areas,Two-way (divided with broken lines road marking),Tangent road with flat terrain,No junction,Asphalt roads,Dry,Darkness - lights lit,Normal,Collision with roadside objects,1,4,Going straight,Pedestrian,Male,Over 51,3,Driver,Normal,Crossing from nearside - masked by parked or statioNot a Pedestrianry vehicle,Moving Backward,Fatal injury
18:29:00,Thursday,Over 51,Male,Elementary school,Employee,5-10yr,Public (12 seats),Owner,1-2yr,No defect, Industrial areas,Double carriageway (median),Tangent road with flat terrain,No junction,Asphalt roads,Dry,Daylight,Normal,Collision with roadside objects,2,4,Moving Backward,na,na,na,na,Employee,Normal,Not a Pedestrian,Changing lane to the right,Slight Injury
9:25:00,Friday,18-30,Male,Junior high school,Employee,1-2yr,Automobile,Owner,,, Church areas,Undivided Two way,Tangent road with flat terrain,No junction,Asphalt roads,Wet or damp,Daylight,Normal,Vehicle with vehicle collision,2,1,Unknown,Pedestrian,Female,Under 18,3,Employee,Normal,Crossing from driver's nearside,No distancing,Serious Injury
18:20:00,Thursday,31-50,Male,Junior high school,Employee,5-10yr,Long lorry,Owner,Above 10yr,,Other,Two-way (divided with broken lines road marking),Tangent road with mountainous terrain and,Crossing,Asphalt roads,Dry,Darkness - lights lit,Normal,Vehicle with vehicle collision,4,2,Going straight,Driver or rider,Female,31-50,3,Driver,,Not a Pedestrian,Drunk driving,Slight Injury
20:15:00,Sunday,Under 18,Male,Junior high school,Employee,5-10yr,Automobile,Owner,2-5yrs,No defect,Other,Two-way (divided with broken lines road marking),Escarpments,Y Shape,Asphalt roads,Dry,Daylight,Normal,Vehicle with vehicle collision,2,2,Going straight,Driver or rider,Female,31-50,3,Other,Normal,Not a Pedestrian,Moving Backward,Slight Injury
11:55:00,Friday,31-50,Male,Elementary school,Employee,Below 1yr,Other,Owner,Unknown,No defect, Church areas,Two-way (divided with solid lines road marking),Tangent road with flat terrain,Y Shape,Asphalt roads,Dry,Daylight,Normal,Vehicle with vehicle collision,1,2,Going straight,Pedestrian,Male,18-30,3,Driver,Normal,Unknown or other,Changing lane to the right,Slight Injury
21:15:00,Sunday,31-50,Male,Junior high school,Employee,5-10yr,Pick up upto 10Q,Owner,Unknown,,Office areas,Undivided Two way,Tangent road with flat terrain,No junction,Asphalt roads,Dry,Darkness - lights lit,Normal,Collision with roadside objects,3,4,Going straight,na,na,na,na,,,Not a Pedestrian,Driving carelessly,Fatal injury
08:59:00,Monday,31-50,Male,,Owner,,Motorcycle,Owner,Unknown,,Office areas,One way,Tangent road with flat terrain,Unknown,Asphalt roads,Dry,Daylight,Normal,Vehicle with vehicle collision,2,1,Going straight,Passenger,Female,Under 18,3,,,Not a Pedestrian,Other,Fatal injury
10:45:00,Saturday,31-50,Male,Junior high school,Employee,5-10yr,Public (13?45 seats),Governmental,Unknown,No defect,Other,Two-way (divided with broken lines road marking),Steep grade downward with mountainous terrain,,Earth roads,Dry,Darkness - lights lit,Normal,Vehicle with vehicle collision,1,1,Going straight,Driver or rider,Male,31-50,3,Driver,Normal,Not a Pedestrian,No priority to vehicle,Fatal injury
7:55:00,Monday,18-30,Male,,Owner,5-10yr,Lorry (11?40Q),Owner,1-2yr,5,Office areas,Undivided Two way,Tangent road with flat terrain,No junction,Asphalt roads,Wet or damp,Daylight,Normal,Collision with pedestrians,1,1,Moving Backward,Driver or rider,Male,31-50,2,Self-employed,NormalNormal,Not a Pedestrian,Changing lane to the left,Serious Injury
16:03:00,Friday,31-50,Male,Elementary school,Employee,5-10yr,Other,Owner,,No defect,Office areas,Double carriageway (median),Tangent road with flat terrain,No junction,Asphalt roads,Dry,Darkness - no lighting,Normal,Vehicle with vehicle collision,1,2,Going straight,Driver or rider,Male,18-30,3,Driver,Normal,Not a Pedestrian,Changing lane to the right,Fatal injury
20:15:00,Thursday,18-30,Male,Elementary school,Owner,2-5yr,Automobile,Governmental,,No defect,School areas,Undivided Two way,Tangent road with flat terrain,Crossing,Asphalt roads,Dry,Darkness - lights lit,Normal,Vehicle with vehicle collision,1,1,Going straight,na,na,na,na,Self-employed,Normal,Not a Pedestrian,Changing lane to the right,Fatal injury
10:50:00,Tuesday,Over 51,Male,Junior high school,Employee,2-5yr,Lorry (41?100Q),Owner,Unknown,No defect,Residential areas,other,Tangent road with flat terrain,Y Shape,Asphalt roads,Dry,Daylight,Normal,Vehicle with vehicle collision,1,1,Reversing,na,na,na,na,,,Not a Pedestrian,Overturning,Serious Injury
8:45:00,Wednesday,Unknown,Male,Junior high school,Employee,5-10yr,Lorry (41?100Q),Organization,Above 10yr,, Hospital areas,Two-way (divided with broken lines road marking),Tangent road with flat terrain,No junction,Asphalt roads,Dry,Daylight,Normal,Collision with roadside objects,2,1,Going straight,na,na,na,na,Driver,Normal,Not a Pedestrian,Changing lane to the left,Slight Injury
16:46:00,Wednesday,31-50,Male,Writing & reading,Employee,5-10yr,Stationwagen,Owner,5-10yrs,No defect,School areas,other,Tangent road with flat terrain,O Shape,Asphalt roads,Dry,Daylight,Normal,Vehicle with vehicle collision,2,1,Going straight,Pedestrian,Male,31-50,2,Employee,Normal,Not a Pedestrian,Driving carelessly,Slight Injury
16:20:00,Friday,18-30,Male,Junior high school,Owner,Below 1yr,Lorry (41?100Q),Owner,1-2yr,No defect,Other,Double carriageway (median),Tangent road with flat terrain,Y Shape,Asphalt roads,Dry,Daylight,Normal,Vehicle with vehicle collision,2,1,Going straight,Driver or rider,Male,18-30,3,Driver,Normal,Not a Pedestrian,Changing lane to the right,Slight Injury
1:29:00,Sunday,31-50,Male,Junior high school,Employee,Above 10yr,Public (> 45 seats),Owner,Above 10yr,No defect,Office areas,Two-way (divided with broken lines road marking),Tangent road with flat terrain,No junction,Asphalt roads,Dry,Darkness - lights lit,Normal,Vehicle with vehicle collision,2,2,Going straight,Driver or rider,Male,18-30,3,Driver,Normal,Not a Pedestrian,No priority to vehicle,Slight Injury
21:09:00,Tuesday,31-50,Male,Elementary school,Employee,5-10yr,Automobile,Owner,Above 10yr,No defect,Other,Two-way (divided with broken lines road marking),Tangent road with flat terrain,Unknown,Earth roads,Wet or damp,Darkness - lights lit,Raining,Collision with roadside objects,1,1,Going straight,Driver or rider,Male,18-30,3,Driver,Normal,Not a Pedestrian,No distancing,Serious Injury
12:55:00,Monday,18-30,Female,Junior high school,Employee,5-10yr,Public (13?45 seats),Owner,Unknown,,Office areas,Undivided Two way,Tangent road with flat terrain,Y Shape,Asphalt roads,Dry,Daylight,Normal,Vehicle with vehicle collision,3,1,Going straight,Driver or rider,Male,18-30,3,Self-employed,Normal,Not a Pedestrian,No distancing,Slight Injury
7:40:00,Wednesday,18-30,Male,Above high school,Employee,5-10yr,Other,Owner,,,  Recreational areas,Two-way (divided with broken lines road marking),Tangent road with flat terrain,,Asphalt roads,Dry,Daylight,Normal,Vehicle with vehicle collision,2,1,Stopping,Driver or rider,Female,Over 51,3,Self-employed,Normal,Not a Pedestrian,Changing lane to the left,Slight Injury
00:10:00,Sunday,18-30,Male,Junior high school,Employee,2-5yr,Automobile,Owner,Unknown,No defect,Office areas,Undivided Two way,Tangent road with flat terrain,Y Shape,Asphalt roads,Dry,Darkness - lights lit,Normal,Vehicle with vehicle collision,2,3,Going straight,Passenger,Male,Over 51,3,Driver,Normal,Not a Pedestrian,Changing lane to the right,Fatal injury
8:05:00,Friday,18-30,Male,Junior high school,Employee,5-10yr,Automobile,Owner,,,Office areas,,Tangent road with flat terrain,Y Shape,Asphalt roads,Dry,Daylight,Other,Vehicle with vehicle collision,2,2,Going straight,Driver or rider,Male,Over 51,3,Driver,Normal,Not a Pedestrian,Driving under the influence of drugs,Slight Injury
15:45:00,Saturday,Over 51,Male,Elementary school,Employee,Above 10yr,Long lorry,Owner,Above 10yr,No defect,Residential areas,other,Tangent road with flat terrain,No junction,Asphalt roads,Dry,Daylight,Normal,Vehicle with vehicle collision,1,2,Going straight,Driver or rider,Male,31-50,3,Driver,Normal,Not a Pedestrian,No distancing,Fatal injury
9:25:00,Tuesday,31-50,Male,Junior high school,Employee,5-10yr,Automobile,Organization,2-5yrs,,Residential areas,Undivided Two way,Tangent road with flat terrain,No junction,Asphalt roads,Dry,Daylight,Normal,Collision with pedestrians,2,1,Going straight,na,na,na,na,Driver,Normal,Not a Pedestrian,Overturning,Slight Injury
18:08:00,Saturday,18-30,Male,Junior high school,Employee,2-5yr,Automobile,Owner,1-2yr,No defect,Rural village areas,Undivided Two way,Gentle horizontal curve,Y Shape,Asphalt roads,Dry,Darkness - no lighting,Normal,Vehicle with vehicle collision,3,5,Going straight,Passenger,Female,18-30,3,,,Not a Pedestrian,Driving carelessly,Fatal injury
14:50:00,Thursday,31-50,Male,Junior high school,Employee,2-5yr,Automobile,Owner,1-2yr,No defect, Outside rural areas,Undivided Two way,Tangent road with flat terrain,Crossing,Asphalt roads,Dry,Daylight,Normal,Vehicle with vehicle collision,2,1,Going straight,Passenger,Female,18-30,3,,,Not a Pedestrian,Driving carelessly,Slight Injury
20:03:00,Saturday,31-50,Male,,,,Taxi,Owner,Unknown,No defect,Office areas,other,Tangent road with flat terrain,No junction,Earth roads,Dry,Daylight,Normal,Vehicle with vehicle collision,2,2,Going straight,Pedestrian,Male,31-50,3,Self-employed,Normal,Not a Pedestrian,Changing lane to the right,Fatal injury
10:05:00,Thursday,31-50,Male,Junior high school,Employee,2-5yr,Lorry (41?100Q),Owner,,No defect,Other,Undivided Two way,Tangent road with flat terrain,No junction,Asphalt roads,Dry,Daylight,Normal,Vehicle with vehicle collision,2,1,Moving Backward,Driver or rider,Male,Over 51,3,Driver,Normal,Not a Pedestrian,Other,Slight Injury
12:37:00,Sunday,31-50,Male,Junior high school,Employee,5-10yr,Lorry (41?100Q),Owner,Above 10yr,, Church areas,Two-way (divided with broken lines road marking),Steep grade upward with mountainous terrain,Unknown,Gravel roads,Dry,Daylight,Normal,Collision with roadside objects,2,3,Moving Backward,Driver or rider,Male,Over 51,2,,,Not a Pedestrian,Other,Serious Injury
15:10:00,Tuesday,Over 51,Male,,,,,Owner,,No defect,Other,Undivided Two way,Tangent road with mountainous terrain and,Y Shape,Asphalt roads,Dry,Daylight,Normal,Rollover,2,1,Going straight,Pedestrian,Male,31-50,3,Driver,Normal,Crossing from offside - masked by  parked or statioNot a Pedestrianry vehicle,Changing lane to the right,Slight Injury
16:05:00,Monday,18-30,Male,Junior high school,Employee,2-5yr,Long lorry,Owner,,,Office areas,Two-way (divided with broken lines road marking),Tangent road with flat terrain,,Asphalt roads,Dry,Daylight,Normal,Vehicle with vehicle collision,1,2,Entering a junction,na,na,na,na,Driver,Normal,Not a Pedestrian,Moving Backward,Serious Injury
11:55:00,Saturday,18-30,Male,Junior high school,Employee,Above 10yr,Other,Owner,Unknown,No defect,Residential areas,Undivided Two way,Tangent road with flat terrain,Crossing,Asphalt roads,Dry,Daylight,Normal,Vehicle with vehicle collision,2,1,Going straight,na,na,na,na,Driver,Normal,Not a Pedestrian,Changing lane to the right,Slight Injury
17:00:00,Saturday,Over 51,Male,Elementary school,Owner,5-10yr,Lorry (11?40Q),Owner,,No defect, Church areas,Two-way (divided with broken lines road marking),Tangent road with flat terrain,Y Shape,Asphalt roads,Dry,Daylight,Normal,Vehicle with vehicle collision,3,2,Going straight,na,na,na,na,Driver,Normal,Not a Pedestrian,Changing lane to the right,Fatal injury
20:00:00,Saturday,18-30,Male,Junior high school,Employee,Below 1yr,Pick up upto 10Q,Owner,2-5yrs,, Church areas,Two-way (divided with broken lines road marking),Tangent road with flat terrain,Y Shape,Asphalt roads,Wet or damp,Darkness - lights lit,Raining,Vehicle with vehicle collision,1,1,Going straight,Driver or rider,Male,18-30,2,Self-employed,Normal,Not a Pedestrian,No distancing,Fatal injury
20:10:00,Saturday,18-30,Male,Junior high school,Employee,2-5yr,Lorry (41?100Q),Owner,5-10yrs,,Residential areas,Undivided Two way,Tangent road with flat terrain,No junction,Asphalt roads,Dry,Daylight,Normal,Vehicle with vehicle collision,3,5,Turnover,na,na,na,na,Other,Normal,Not a Pedestrian,Driving carelessly,Serious Injury
12:00:00,Friday,Over 51,Male,Elementary school,Employee,5-10yr,Lorry (41?100Q),Owner,2-5yrs,No defect,Office areas,Double carriageway (median),Tangent road with flat terrain,No junction,Asphalt roads,Dry,Daylight,Normal,Vehicle with vehicle collision,3,3,Turnover,Driver or rider,Male,18-30,3,Employee,Normal,Not a Pedestrian,Changing lane to the right,Fatal injury
15:30:00,Thursday,31-50,Male,Junior high school,Employee,5-10yr,Public (13?45 seats),Owner,,No defect,Other,Undivided Two way,Tangent road with flat terrain,No junction,Asphalt roads,Wet or damp,Daylight,Raining,Vehicle with vehicle collision,2,1,Going straight,Pedestrian,Female,18-30,3,Driver,Normal,Crossing from nearside - masked by parked or statioNot a Pedestrianry vehicle,Changing lane to the left,Fatal injury
07:59:00,Monday,31-50,Male,,Owner,,Motorcycle,Owner,Unknown,,Office areas,One way,Tangent road with flat terrain,Unknown,Asphalt roads,Dry,Daylight,Normal,Vehicle with vehicle collision,2,2,Going straight,Passenger,Female,Under 18,3,,,Not a Pedestrian,Other,Fatal injury
9:55:00,Monday,Over 51,Male,Elementary school,Employee,Above 10yr,Other,Owner,Above 10yr,No defect,Residential areas,other,Tangent road with flat terrain,,Asphalt roads,Wet or damp,Daylight,Raining,Vehicle with vehicle collision,2,1,Going straight,na,na,na,na,Driver,Normal,Not a Pedestrian,No distancing,Slight Injury
17:36:00,Thursday,31-50,Male,High school,Employee,Below 1yr,Automobile,,,,,Two-way (divided with broken lines road marking),Tangent road with flat terrain,Y Shape,Asphalt roads,Dry,Daylight,Normal,Vehicle with vehicle collision,1,1,Going straight,Driver or rider,Female,18-30,3,Driver,Normal,Not a Pedestrian,No distancing,Fatal injury
21:15:00,Thursday,18-30,Male,Junior high school,Employee,2-5yr,Stationwagen,Owner,Below 1yr,No defect,Other,Undivided Two way,Tangent road with flat terrain,Crossing,Asphalt roads,Dry,Darkness - lights lit,Normal,Vehicle with vehicle collision,2,2,Going straight,na,na,na,na,,Normal,Not a Pedestrian,Moving Backward,Fatal injury
1:49:00,Monday,Unknown,Female,Elementary school,Employee,2-5yr,Automobile,Owner,2-5yrs,No defect,Other,Undivided Two way,Tangent road with flat terrain,Y Shape,Asphalt roads,Wet or damp,Darkness - lights lit,Normal,Vehicle with vehicle collision,2,1,Getting off,Pedestrian,Female,Over 51,2,Driver,Normal,Not a Pedestrian,Driving carelessly,Slight Injury
18:10:00,Friday,Unknown,Male,Junior high school,Employee,2-5yr,Long lorry,Owner,,No defect,Office areas,Double carriageway (median),Tangent road with flat terrain,No junction,Asphalt roads,Wet or damp,Daylight,Raining,Vehicle with vehicle collision,1,1,Going straight,Driver or rider,Male,31-50,3,Other,Normal,Not a Pedestrian,Changing lane to the right,Slight Injury
21:33:00,Saturday,Under 18,Male,Elementary school,Employee,Above 10yr,Automobile,Owner,,No defect,Office areas,Two-way (divided with broken lines road marking),Tangent road with mild grade and flat terrain,Y Shape,Asphalt roads,Dry,Daylight,Normal,Collision with pedestrians,2,1,Going straight,na,na,na,na,Driver,Normal,Not a Pedestrian,No distancing,Fatal injury
16:35:00,Tuesday,18-30,Unknown,Junior high school,Employee,5-10yr,Other,,,,Other,Undivided Two way,Tangent road with flat terrain,No junction,Asphalt roads,Dry,Daylight,Normal,Vehicle with vehicle collision,2,1,Going straight,Driver or rider,Female,18-30,3,Driver,Normal,Not a Pedestrian,Moving Backward,Slight Injury
20:15:00,Sunday,31-50,Male,Junior high school,Employee,5-10yr,Pick up upto 10Q,Owner,Unknown,,Office areas,Undivided Two way,Tangent road with flat terrain,No junction,Asphalt roads,Dry,Darkness - lights lit,Normal,Collision with roadside objects,1,3,Going straight,na,na,na,na,,,Not a Pedestrian,Driving carelessly,Fatal injury
12:16:00,Sunday,18-30,Male,,Owner,,Public (> 45 seats),Owner,Unknown,,Office areas,Undivided Two way,Tangent road with flat terrain,No junction,Asphalt roads,Dry,Daylight,Normal,Vehicle with vehicle collision,2,6,Moving Backward,Driver or rider,Male,18-30,3,,Normal,Not a Pedestrian,No priority to vehicle,Fatal injury
14:49:00,Monday,Over 51,Male,High school,Owner,Above 10yr,Automobile,Owner,,No defect, Church areas,Undivided Two way,Tangent road with flat terrain,Y Shape,Asphalt roads,Dry,Daylight,Normal,Vehicle with vehicle collision,2,2,Reversing,Driver or rider,Male,18-30,2,Driver,Normal,Not a Pedestrian,No priority to vehicle,Slight Injury
11:29:00,Saturday,Over 51,Male,High school,Employee,Below 1yr,Automobile,Owner,Unknown,No defect,Residential areas,Two-way (divided with broken lines road marking),Tangent road with flat terrain,Y Shape,Asphalt roads,Dry,Daylight,Normal,Collision with pedestrians,2,1,Moving Backward,Passenger,Male,Over 51,3,Driver,Normal,Not a Pedestrian,Changing lane to the right,Slight Injury
02:32:00,Saturday,Under 18,Male,Junior high school,Owner,5-10yr,Automobile,Owner,Unknown,,Residential areas,,Tangent road with flat terrain,No junction,Asphalt roads,Dry,Darkness - lights lit,Normal,Vehicle with vehicle collision,2,2,Going straight,Driver or rider,Male,Over 51,3,,,Not a Pedestrian,Changing lane to the left,Fatal injury
13:45:00,Wednesday,18-30,Male,Junior high school,Employee,5-10yr,Public (12 seats),Owner,2-5yrs,No defect,Other,Undivided Two way,Tangent road with flat terrain,No junction,Asphalt roads,Dry,Daylight,Normal,Collision with animals,2,1,Going straight,na,na,na,na,Driver,Normal,Not a Pedestrian,Changing lane to the right,Slight Injury
01:18:00,Saturday,18-30,Male,Junior high school,Employee,,Other,Owner,5-10yrs,,Other,Undivided Two way,Tangent road with flat terrain,No junction,Asphalt roads,Dry,Darkness - lights lit,Normal,Vehicle with vehicle collision,1,3,Other,Driver or rider,Male,31-50,3,Driver,Normal,Not a Pedestrian,Changing lane to the right,Fatal injury
20:41:00,Thursday,31-50,Male,Junior high school,Employee,2-5yr,Other,Owner,Unknown,No defect, Church areas,Two-way (divided with solid lines road marking),Tangent road with flat terrain,,Asphalt roads,Wet or damp,Daylight,Raining,Vehicle with vehicle collision,2,2,Going straight,Driver or rider,Male,18-30,3,Driver,Normal,Not a Pedestrian,Driving carelessly,Slight Injury
12:15:00,Tuesday,Over 51,Male,,Employee,unknown,Public (12 seats),Owner,5-10yrs,,Office areas,Two-way (divided with broken lines road marking),Tangent road with flat terrain,Y Shape,Asphalt roads,Wet or damp,Daylight,Normal,Collision with pedestrians,3,3,Going straight,Driver or rider,Male,18-30,3,Driver,Normal,Not a Pedestrian,Driving carelessly,Fatal injury
22:05:00,Friday,18-30,Male,Junior high school,Employee,Above 10yr,Automobile,Governmental,Below 1yr,,Residential areas,Two-way (divided with broken lines road marking),Tangent road with flat terrain,,Asphalt roads,Dry,Daylight,Normal,,2,1,Other,Pedestrian,Female,31-50,3,Driver,Normal,"In carriageway, statioNot a Pedestrianry - not crossing  (standing or playing)",Changing lane to the left,Slight Injury
11:45:00,Saturday,31-50,Male,Junior high school,Employee,5-10yr,Public (13?45 seats),Governmental,Unknown,No defect,Other,Two-way (divided with broken lines road marking),Steep grade downward with mountainous terrain,,Earth roads,Dry,Darkness - lights lit,Normal,Vehicle with vehicle collision,1,1,Going straight,Driver or rider,Male,31-50,3,Driver,Normal,Not a Pedestrian,No priority to vehicle,Fatal injury
19:00:00,Saturday,Over 51,Male,High school,Employee,Above 10yr,Automobile,Organization,2-5yrs,,Residential areas,Undivided Two way,Tangent road with flat terrain,Y Shape,Asphalt roads,Dry,Daylight,Normal,Vehicle with vehicle collision,1,3,Getting off,Driver or rider,Male,18-30,3,Driver,Normal,Not a Pedestrian,No priority to vehicle,Fatal injury
21:40:00,Wednesday,31-50,Male,High school,Owner,5-10yr,Public (12 seats),Owner,,No defect, Church areas,Two-way (divided with broken lines road marking),Tangent road with flat terrain,Crossing,Asphalt roads,Dry,Daylight,Normal,Collision with roadside objects,1,3,Going straight,na,na,na,na,Driver,Normal,Not a Pedestrian,Changing lane to the right,Fatal injury
6:00:00,Sunday,Unknown,Female,Junior high school,Employee,1-2yr,Other,Owner,Unknown,No defect,Other,Two-way (divided with broken lines road marking),Tangent road with flat terrain,Crossing,Asphalt roads,Dry,Darkness - lights lit,Normal,Collision with roadside objects,2,1,Going straight,Driver or rider,Male,18-30,3,,Normal,Not a Pedestrian,Driving carelessly,Serious Injury
7:50:00,Tuesday,18-30,Male,Junior high school,Employee,Below 1yr,Automobile,Owner,,No defect,Office areas,Two-way (divided with broken lines road marking),Tangent road with mild grade and flat terrain,,Asphalt roads,Dry,Daylight,Normal,Rollover,2,1,Going straight,Pedestrian,Female,18-30,3,Other,Normal,Crossing from nearside - masked by parked or statioNot a Pedestrianry vehicle,No distancing,Slight Injury