Time,Day_of_week,Age_band_of_driver,Sex_of_driver,Educational_level,Vehicle_driver_relation,Driving_experience,Type_of_vehicle,Owner_of_vehicle,Service_year_of_vehicle,Defect_of_vehicle,Area_accident_occured,Lanes_or_Medians,Road_allignment,Types_of_Junction,Road_surface_type,Road_surface_conditions,Light_conditions,Weather_conditions,Type_of_collision,Number_of_vehicles_involved,Number_of_casualties,Vehicle_movement,Casualty_class,Sex_of_casualty,Age_band_of_casualty,Casualty_severity,Work_of_casuality,Fitness_of_casuality,Pedestrian_movement,Cause_of_accident,Accident_severity
14:00:00,Friday,31-50,Male,Junior high school,Owner,2-5yr,Public (13?45 seats),,,,Unknown,other,Tangent road with flat terrain,,Asphalt roads,Dry,Daylight,Normal,Vehicle with vehicle collision,2,1,Entering a junction,na,na,na,na,,Normal,Not a Pedestrian,Driving carelessly,Slight Injury
20:11:00,Saturday,31-50,Male,Junior high school,Owner,5-10yr,Pick up upto 10Q,Owner,2-5yrs,,Recreational areas,Undivided Two way,Tangent road with flat terrain,Y Shape,Asphalt roads,Dry,Darkness - lights lit,Normal,Collision with pedestrians,1,1,Going straight,Pedestrian,Female,Under 18,2,,,Not a Pedestrian,Changing lane to the left,Serious Injury
0:15:00,Sunday,Over 51,Male,Elementary school,Owner,Above 10yr,Public (12 seats),Owner,,No defect,Other,Undivided Two way,Tangent road with flat terrain,Y Shape,Asphalt roads,Dry,Darkness - lights lit,Normal,Vehicle with vehicle collision,3,1,Going straight,Driver or rider,Male,18-30,3,,Normal,Not a Pedestrian,Changing lane to the left,Slight Injury
17:10:00,Thursday,18-30,Male,Junior high school,Employee,5-10yr,Lorry (11?40Q),Owner,2-5yrs,,Other,Undivided Two way,Tangent road with mountainous terrain and,No junction,Asphalt roads,Dry,Daylight,Normal,Vehicle with vehicle collision,3,1,Moving Backward,na,na,na,na,Self-employed,Normal,Not a Pedestrian,Improper parking,Fatal injury
19:00:00,Tuesday,Under 18,Male,Junior high school,Employee,1-2yr,Lorry (11?40Q),Owner,2-5yrs,No defect,Other,Two-way (divided with broken lines road marking),Tangent road with flat terrain,No junction,Asphalt roads,Wet or damp,Daylight,Normal,Vehicle with vehicle collision,2,1,Reversing,Driver or rider,Male,18-30,3,Other,Normal,Not a Pedestrian,No distancing,Slight Injury
7:07:00,Wednesday,31-50,Male,,,,Lorry (11?40Q),Owner,,,Office areas,,Tangent road with mild grade and flat terrain,Y Shape,Asphalt roads,Dry,Darkness - lights lit,Normal,Vehicle with vehicle collision,2,1,Going straight,na,na,na,na,Employee,Normal,Not a Pedestrian,No distancing,Slight Injury
11:19:00,Thursday,18-30,Male,Above high school,Employee,5-10yr,,Owner,1-2yr,No defect,Office areas,Undivided Two way,Tangent road with flat terrain,No junction,Asphalt roads,Dry,Daylight,Normal,Collision with roadside objects,2,1,Going straight,Pedestrian,Female,Under 18,3,Driver,Normal,Not a Pedestrian,Changing lane to the right,Slight Injury
22:26:00,Monday,18-30,Male,Junior high school,,1-2yr,Other,Owner,2-5yrs,No defect,Residential areas,Two-way (divided with broken lines road marking),Tangent road with flat terrain,Y Shape,Asphalt roads,Dry,Darkness - lights lit,Normal,Vehicle with vehicle collision,1,1,Going straight,Driver or rider,Male,31-50,3,Driver,Normal,Not a Pedestrian,No priority to vehicle,Fatal injury
16:39:00,Tuesday,Under 18,Male,Junior high school,Employee,5-10yr,Stationwagen,Owner,,No defect,Residential areas,Undivided Two way,Tangent road with flat terrain,Y Shape,Asphalt roads,Dry,Daylight,Normal,Vehicle with vehicle collision,2,2,Going straight,na,na,na,na,Driver,Normal,Not a Pedestrian,No distancing,Slight Injury
7:44:00,Friday,18-30,Male,Elementary school,Employee,5-10yr,Pick up upto 10Q,Owner,,,Residential areas,Undivided Two way,Tangent road with flat terrain,Crossing,Asphalt roads,Wet or damp,Darkness - lights lit,Normal,Vehicle with vehicle collision,2,1,Going straight,Driver or rider,Male,31-50,3,Driver,Normal,Not a Pedestrian,No distancing,Slight Injury
19:40:00,Sunday,18-30,Male,Junior high school,Employee,1-2yr,Lorry (41?100Q),Owner,Unknown,No defect,Office areas,Undivided Two way,Tangent road with flat terrain,Y Shape,Asphalt roads,Wet or damp,Darkness - lights lit,Normal,,2,2,Going straight,Pedestrian,Male,31-50,3,,,"In carriageway, statioNot a Pedestrianry - not crossing  (standing or playing)",Moving Backward,Slight Injury
19:39:00,Thursday,Under 18,Male,Junior high school,Owner,1-2yr,Automobile,Owner,1-2yr,No defect,Other,other,Tangent road with flat terrain,Y Shape,Asphalt roads,Wet or damp,Darkness - lights lit,Normal,Vehicle with vehicle collision,4,1,Going straight,Pedestrian,Male,18-30,3,Self-employed,Normal,Not a Pedestrian,Driving carelessly,Fatal injury
23:01:00,Wednesday,18-30,Male,Junior high school,Owner,5-10yr,Automobile,Owner,,,Office areas,Undivided Two way,Tangent road with flat terrain,Crossing,Asphalt roads,Dry,Darkness - lights lit,Normal,Vehicle with vehicle collision,2,1,Going straight,Driver or rider,Male,31-50,3,Self-employed,Normal,Not a Pedestrian,No priority to vehicle,Slight Injury
20:15:00,Thursday,18-30,Male,Elementary school,Owner,2-5yr,Automobile,Governmental,,No defect,School areas,Undivided Two way,Tangent road with flat terrain,Crossing,Asphalt roads,Dry,Darkness - lights lit,Normal,Vehicle with vehicle collision,1,1,Going straight,na,na,na,na,Self-employed,Normal,Not a Pedestrian,Changing lane to the right,Fatal injury
22:00:00,Saturday,18-30,Male,Junior high school,Employee,Below 1yr,Pick up upto 10Q,Owner,2-5yrs,, Church areas,Two-way (divided with broken lines road marking),Tangent road with flat terrain,Y Shape,Asphalt roads,Wet or damp,Darkness - lights lit,Raining,Vehicle with vehicle collision,1,2,Going straight,Driver or rider,Male,18-30,2,Self-employed,Normal,Not a Pedestrian,No distancing,Fatal injury
07:59:00,Monday,31-50,Male,,Owner,,Motorcycle,Owner,Unknown,,Office areas,One way,Tangent road with flat terrain,Unknown,Asphalt roads,Dry,Daylight,Normal,Vehicle with vehicle collision,2,1,Going straight,Passenger,Female,Under 18,3,,,Not a Pedestrian,Other,Fatal injury
22:25:00,Thursday,31-50,Male,Above high school,Employee,1-2yr,Automobile,Owner,2-5yrs,No defect,Office areas,Two-way (divided with broken lines road marking),Tangent road with flat terrain,No junction,Asphalt roads,Wet or damp,Daylight,Cloudy,Vehicle with vehicle collision,1,1,Going straight,Pedestrian,Male,31-50,3,,,Crossing from driver's nearside,Driving carelessly,Slight Injury
9:20:00,Wednesday,31-50,Male,Junior high school,Employee,2-5yr,Automobile,Owner,,No defect,Office areas,Undivided Two way,Tangent road with flat terrain,Y Shape,Asphalt roads,Dry,Daylight,Normal,Vehicle with vehicle collision,2,1,Turnover,Driver or rider,Male,18-30,2,Driver,Normal,Not a Pedestrian,Moving Backward,Slight Injury
10:24:00,Wednesday,Over 51,Male,Junior high school,Employee,5-10yr,Lorry (41?100Q),Governmental,Unknown,No defect, Church areas,Two-way (divided with broken lines road marking),Tangent road with flat terrain,Crossing,Asphalt roads,Dry,Daylight,Normal,Vehicle with vehicle collision,3,1,Other,Driver or rider,Male,Over 51,2,Driver,Normal,Not a Pedestrian,Changing lane to the right,Slight Injury
17:19:00,Tuesday,Unknown,Male,Elementary school,Employee,5-10yr,Automobile,Owner,Unknown,, Church areas,other,Tangent road with flat terrain,No junction,Asphalt roads,Dry,Daylight,Normal,Vehicle with vehicle collision,1,1,Other,Passenger,Male,18-30,3,Driver,Normal,Not a Pedestrian,No distancing,Slight Injury
17:52:00,Saturday,31-50,Male,Junior high school,Employee,2-5yr,Lorry (41?100Q),Owner,Above 10yr,No defect,Office areas,other,Tangent road with flat terrain,Y Shape,Other,Dry,Daylight,Normal,Vehicle with vehicle collision,2,2,Going straight,Driver or rider,Female,31-50,3,Driver,Normal,Not a Pedestrian,Changing lane to the right,Slight Injury
9:04:00,Tuesday,Over 51,Male,Junior high school,Employee,1-2yr,Public (13?45 seats),Owner,,No defect,Office areas,Two-way (divided with broken lines road marking),Tangent road with flat terrain,No junction,Asphalt roads,Dry,Daylight,Normal,Vehicle with vehicle collision,2,1,Going straight,na,na,na,na,Driver,Normal,Not a Pedestrian,No priority to vehicle,Serious Injury
22:33:00,Saturday,Under 18,Male,Elementary school,Employee,Above 10yr,Automobile,Owner,,No defect,Office areas,Two-way (divided with broken lines road marking),Tangent road with mild grade and flat terrain,Y Shape,Asphalt roads,Dry,Daylight,Normal,Collision with pedestrians,1,1,Going straight,na,na,na,na,Driver,Normal,Not a Pedestrian,No distancing,Fatal injury
16:32:00,Monday,Over 51,Male,Elementary school,Employee,1-2yr,Other,Owner,Unknown,No defect,Other,Double carriageway (median),Tangent road with flat terrain,,Asphalt roads,Wet or damp,Daylight,Raining,Vehicle with vehicle collision,4,1,Going straight,na,na,na,na,Driver,Normal,Not a Pedestrian,Driving carelessly,Slight Injury
20:18:00,Monday,18-30,Male,Elementary school,Employee,5-10yr,Lorry (11?40Q),Owner,Unknown,No defect,Office areas,Double carriageway (median),Gentle horizontal curve,Y Shape,Asphalt roads,Dry,Darkness - lights lit,Normal,Vehicle with vehicle collision,1,1,Overtaking,na,na,na,na,,Normal,Not a Pedestrian,Moving Backward,Fatal injury
15:17:00,Sunday,31-50,Male,Junior high school,Employee,5-10yr,Automobile,Owner,2-5yrs,No defect,Office areas,Double carriageway (median),Tangent road with flat terrain,No junction,Asphalt roads,Dry,Daylight,Normal,Vehicle with vehicle collision,2,1,Reversing,Driver or rider,Male,18-30,3,Self-employed,Normal,Not a Pedestrian,Moving Backward,Fatal injury
03:32:00,Saturday,18-30,Male,Junior high school,Owner,2-5yr,Taxi,Owner,5-10yrs,, Church areas,Two-way (divided with broken lines road marking),Tangent road with flat terrain,No junction,Asphalt roads,Dry,Darkness - lights lit,Normal,Collision with pedestrians,2,4,Going straight,na,na,na,na,Other,Normal,Not a Pedestrian,Driving carelessly,Fatal injury
22:15:00,Sunday,18-30,Male,Junior high school,Employee,2-5yr,Other,Owner,Unknown,,Office areas,Undivided Two way,Tangent road with flat terrain,No junction,Asphalt roads,Dry,Darkness - lights lit,Normal,Vehicle with vehicle collision,2,4,Other,Driver or rider,Female,18-30,3,Driver,Normal,Not a Pedestrian,Driving carelessly,Fatal injury
16:15:00,Thursday,18-30,Male,Junior high school,Employee,1-2yr,Automobile,Owner,Unknown,No defect, Industrial areas,Two-way (divided with broken lines road marking),Tangent road with flat terrain,Crossing,Asphalt roads,Dry,Daylight,Normal,Vehicle with vehicle collision,2,2,,na,na,na,na,Employee,Normal,Not a Pedestrian,Improper parking,Slight Injury
12:16:00,Sunday,18-30,Male,Elementary school,Employee,2-5yr,Other,Owner,,No defect,  Recreational areas,Two-way (divided with broken lines road marking),Tangent road with flat terrain,No junction,Asphalt roads,Dry,Daylight,Normal,Collision with roadside objects,2,5,Moving Backward,Pedestrian,Male,31-50,3,Driver,Normal,Unknown or other,Changing lane to the right,Fatal injury
17:00:00,Saturday,Over 51,Male,Elementary school,Employee,Below 1yr,Public (13?45 seats),Governmental,,No defect,Residential areas,Two-way (divided with broken lines road marking),Tangent road with flat terrain,Y Shape,Asphalt roads,Dry,Daylight,Normal,Vehicle with vehicle collision,2,2,Going straight,Passenger,Female,Over 51,3,Driver,Normal,Not a Pedestrian,Moving Backward,Fatal injury
22:05:00,Friday,18-30,Male,Junior high school,Employee,Above 10yr,Other,Owner,Above 10yr,,Residential areas,other,Tangent road with flat terrain,,Asphalt roads,Wet or damp,Darkness - lights lit,Raining,Collision with roadside objects,2,1,Going straight,Driver or rider,Male,18-30,3,Employee,Normal,Not a Pedestrian,Driving carelessly,Serious Injury
17:20:00,Tuesday,Under 18,Male,,,,,Owner,Unknown,No defect,Other,other,Tangent road with flat terrain,Y Shape,Asphalt roads,Wet or damp,Darkness - lights lit,Raining,Vehicle with vehicle collision,2,1,Going straight,Driver or rider,Male,31-50,3,,,Not a Pedestrian,No distancing,Slight Injury
0:20:00,Saturday,Unknown,Male,Junior high school,Employee,Below 1yr,,Owner,2-5yrs,No defect,Office areas,Double carriageway (median),Tangent road with flat terrain,No junction,Asphalt roads,Dry,Darkness - lights lit,Normal,Vehicle with vehicle collision,2,1,Moving Backward,na,na,na,na,Driver,Normal,Not a Pedestrian,Moving Backward,Slight Injury
20:40:00,Friday,31-50,Unknown,Junior high school,Employee,Below 1yr,Public (12 seats),Owner,,,Office areas,Two-way (divided with broken lines road marking),Tangent road with flat terrain,Y Shape,Asphalt roads,Dry,Darkness - lights lit,Normal,Vehicle with vehicle collision,2,1,Going straight,Passenger,Female,Under 18,3,Employee,Normal,Not a Pedestrian,No distancing,Slight Injury
6:16:00,Friday,31-50,Male,Elementary school,Employee,Above 10yr,Other,Owner,,No defect,Office areas,Undivided Two way,Tangent road with flat terrain,Y Shape,Asphalt roads,Dry,Daylight,Normal,Collision with roadside objects,2,1,Reversing,na,na,na,na,,,Not a Pedestrian,No distancing,Slight Injury
16:10:00,Friday,31-50,Male,Junior high school,Owner,5-10yr,Automobile,Owner,Unknown,No defect, Industrial areas,Undivided Two way,Tangent road with mild grade and flat terrain,Y Shape,Asphalt roads,Dry,Daylight,Normal,Vehicle with vehicle collision,2,1,Other,Driver or rider,Male,18-30,3,Self-employed,Normal,Not a Pedestrian,Moving Backward,Slight Injury
12:16:00,Sunday,18-30,Male,Junior high school,Owner,5-10yr,Public (12 seats),Owner,Unknown,,Residential areas,Undivided Two way,Tangent road with flat terrain,No junction,Asphalt roads,Dry,Daylight,Normal,Collision with roadside objects,1,5,Going straight,na,na,na,na,,Normal,Not a Pedestrian,No priority to vehicle,Fatal injury
00:18:00,Saturday,18-30,Male,Junior high school,Employee,,Other,Owner,5-10yrs,,Other,Undivided Two way,Tangent road with flat terrain,No junction,Asphalt roads,Dry,Darkness - lights lit,Normal,Vehicle with vehicle collision,1,3,Other,Driver or rider,Male,31-50,3,Driver,Normal,Not a Pedestrian,Changing lane to the right,Fatal injury
20:05:00,Friday,Unknown,Female,Junior high school,Owner,Below 1yr,Lorry (41?100Q),Owner,Unknown,No defect, Church areas,Undivided Two way,Tangent road with flat terrain,Y Shape,Asphalt roads,Dry,Darkness - lights lit,Normal,Collision with roadside objects,2,1,Going straight,Driver or rider,Male,18-30,3,Driver,Normal,Not a Pedestrian,Changing lane to the right,Slight Injury
18:13:00,Tuesday,31-50,Male,Junior high school,Employee,Below 1yr,Public (> 45 seats),Owner,2-5yrs,No defect,Residential areas,Two-way (divided with broken lines road marking),Gentle horizontal curve,No junction,Asphalt roads,Dry,Daylight,Normal,Vehicle with vehicle collision,3,1,Getting off,Passenger,Female,Under 18,3,,,Not a Pedestrian,Overloading,Serious Injury
23:55:00,Thursday,18-30,Male,Junior high school,Employee,Below 1yr,Lorry (41?100Q),Owner,5-10yrs,No defect,Office areas,Undivided Two way,Tangent road with flat terrain,Y Shape,Asphalt roads,Snow,Darkness - lights lit,Other,Collision with roadside objects,2,1,Going straight,Driver or rider,Male,18-30,3,Driver,Normal,Not a Pedestrian,Changing lane to the left,Slight Injury
04:32:00,Saturday,Under 18,Male,,Owner,,Long lorry,Owner,Unknown,,Other,Undivided Two way,Tangent road with flat terrain,No junction,Asphalt roads,Dry,Darkness - lights lit,Normal,Rollover,1,2,Going straight,Passenger,Male,18-30,3,Other,Normal,Not a Pedestrian,Changing lane to the right,Fatal injury
03:32:00,Saturday,Under 18,Male,Junior high school,Owner,5-10yr,Automobile,Owner,Unknown,,Residential areas,,Tangent road with flat terrain,No junction,Asphalt roads,Dry,Darkness - lights lit,Normal,Vehicle with vehicle collision,3,2,Going straight,Driver or rider,Male,Over 51,3,,,Not a Pedestrian,Changing lane to the left,Fatal injury
15:36:00,Thursday,18-30,Male,,,,Automobile,Owner,1-2yr,No defect,Office areas,Undivided Two way,Tangent road with flat terrain,Y Shape,Asphalt roads,Dry,Daylight,Normal,Vehicle with vehicle collision,2,1,Going straight,na,na,na,na,Driver,Normal,Not a Pedestrian,Changing lane to the left,Fatal injury
16:10:00,Thursday,18-30,Male,Junior high school,Employee,5-10yr,Lorry (11?40Q),Owner,2-5yrs,,Other,Undivided Two way,Tangent road with mountainous terrain and,No junction,Asphalt roads,Dry,Daylight,Normal,Vehicle with vehicle collision,3,1,Moving Backward,na,na,na,na,Self-employed,Normal,Not a Pedestrian,Improper parking,Fatal injury
20:30:00,Wednesday,18-30,Male,Elementary school,Employee,5-10yr,Lorry (41?100Q),Owner,Above 10yr,No defect,Office areas,Undivided Two way,Tangent road with flat terrain,,Other,Dry,Darkness - lights lit,Normal,Vehicle with vehicle collision,1,2,Going straight,Driver or rider,Male,18-30,3,,,Not a Pedestrian,No distancing,Fatal injury
17:15:00,Tuesday,18-30,Male,High school,Employee,No Licence,Lorry (41?100Q),Owner,,No defect,Office areas,Two-way (divided with broken lines road marking),Tangent road with flat terrain,Y Shape,Gravel roads,Dry,Daylight,Normal,Rollover,2,1,Reversing,Driver or rider,Male,31-50,3,Driver,Normal,Not a Pedestrian,Changing lane to the right,Slight Injury
13:55:00,Sunday,Over 51,Male,Junior high school,Employee,5-10yr,Bajaj,Owner,2-5yrs,No defect, Outside rural areas,Two-way (divided with broken lines road marking),Tangent road with mountainous terrain and,No junction,Asphalt roads,Dry,Daylight,Normal,Vehicle with vehicle collision,1,1,Other,Driver or rider,Male,31-50,3,Driver,Normal,Not a Pedestrian,Changing lane to the right,Serious Injury
22:15:00,Sunday,31-50,Male,Junior high school,Employee,5-10yr,Pick up upto 10Q,Owner,Unknown,,Office areas,Undivided Two way,Tangent road with flat terrain,No junction,Asphalt roads,Dry,Darkness - lights lit,Normal,Collision with roadside objects,3,5,Going straight,na,na,na,na,,,Not a Pedestrian,Driving carelessly,Fatal injury
15:25:00,Sunday,18-30,Male,Junior high school,Employee,Above 10yr,Automobile,Governmental,Unknown,No defect,Other,One way,Tangent road with flat terrain,No junction,Asphalt roads,Wet or damp,Daylight,Raining,Vehicle with vehicle collision,2,3,,Driver or rider,Male,Under 18,3,Self-employed,Normal,Not a Pedestrian,No priority to vehicle,Fatal injury
11:30:00,Tuesday,Under 18,Male,,,,Stationwagen,Owner,Unknown,No defect,Residential areas,One way,Tangent road with flat terrain,,Asphalt roads,Wet or damp,Darkness - lights lit,Cloudy,Collision with roadside objects,2,1,Other,Driver or rider,Male,Under 18,3,Driver,Normal,Not a Pedestrian,Driving carelessly,Slight Injury
20:30:00,Friday,Under 18,Male,Junior high school,Employee,1-2yr,Stationwagen,Owner,Unknown,No defect,Residential areas,Double carriageway (median),Tangent road with flat terrain,Y Shape,Asphalt roads,Dry,Daylight,Normal,Vehicle with vehicle collision,2,1,Going straight,Driver or rider,Male,31-50,3,Other,Normal,Not a Pedestrian,Changing lane to the right,Slight Injury
17:50:00,Monday,Over 51,Male,Junior high school,Employee,5-10yr,Automobile,Owner,2-5yrs,,Office areas,Undivided Two way,Tangent road with flat terrain,,Asphalt roads,Dry,Daylight,Normal,Collision with roadside objects,2,3,Going straight,Driver or rider,Male,31-50,3,Driver,Normal,Not a Pedestrian,No distancing,Slight Injury
5:24:00,Friday,31-50,Male,Junior high school,Employee,1-2yr,Public (13?45 seats),Owner,Unknown,No defect,Other,other,Steep grade downward with mountainous terrain,No junction,Asphalt roads,Wet or damp,Darkness - no lighting,Normal,Collision with roadside objects,1,1,Getting off,na,na,na,na,Driver,Normal,Not a Pedestrian,No distancing,Serious Injury
15:04:00,Saturday,31-50,Male,Junior high school,Employee,5-10yr,Automobile,Owner,,No defect,Residential areas,Two-way (divided with solid lines road marking),Tangent road with flat terrain,Y Shape,Asphalt roads with some distress,Wet or damp,Daylight,Normal,Collision with pedestrians,2,4,Other,na,na,na,na,Driver,Normal,Not a Pedestrian,Moving Backward,Fatal injury
14:20:00,Wednesday,Unknown,Male,Elementary school,Employee,5-10yr,Other,Owner,Above 10yr,,Residential areas,Undivided Two way,Tangent road with flat terrain,Y Shape,Asphalt roads,Dry,Daylight,Normal,Collision with roadside objects,1,1,Going straight,na,na,na,na,Other,Normal,Not a Pedestrian,Moving Backward,Slight Injury
19:30:00,Wednesday,Over 51,Male,Writing & reading,Employee,Below 1yr,Special vehicle,Owner,Unknown,No defect,Office areas,Two-way (divided with broken lines road marking),Tangent road with flat terrain,Y Shape,Asphalt roads,Dry,Daylight,Normal,Vehicle with vehicle collision,2,2,Reversing,Passenger,Female,31-50,3,Driver,Normal,Not a Pedestrian,No priority to vehicle,Slight Injury
22:14:00,Thursday,18-30,Male,,,,Taxi,Owner,,No defect,Other,Undivided Two way,Tangent road with flat terrain,No junction,Asphalt roads,Wet or damp,Darkness - lights lit,Raining,Other,3,3,Going straight,Pedestrian,Female,31-50,3,,Normal,Not a Pedestrian,Changing lane to the left,Serious Injury
17:20:00,Tuesday,18-30,Male,,,,Automobile,Owner,,No defect,Office areas,other,Tangent road with mountainous terrain and,Y Shape,Asphalt roads,Dry,Darkness - lights lit,Normal,Vehicle with vehicle collision,2,1,Turnover,Driver or rider,Female,31-50,3,,Normal,Not a Pedestrian,No distancing,Slight Injury
15:40:00,Tuesday,Unknown,Male,Elementary school,Employee,5-10yr,Automobile,Owner,Unknown,No defect,School areas,Undivided Two way,Tangent road with flat terrain,No junction,Asphalt roads,Dry,Daylight,Normal,,2,1,Going straight,Driver or rider,Male,31-50,3,Driver,Normal,Not a Pedestrian,Changing lane to the right,Slight Injury
6:45:00,Tuesday,18-30,Male,High school,Employee,2-5yr,Taxi,Owner,2-5yrs,No defect, Outside rural areas,Undivided Two way,Tangent road with flat terrain,Y Shape,Asphalt roads,Dry,Daylight,Normal,Vehicle with vehicle collision,2,1,Other,Passenger,Female,18-30,3,Self-employed,Normal,Not a Pedestrian,Driving under the influence of drugs,Slight Injury
5:49:00,Tuesday,Under 18,Male,Junior high school,Employee,Above 10yr,Automobile,Owner,Unknown,No defect,Office areas,Undivided Two way,Tangent road with flat terrain,No junction,Asphalt roads,Wet or damp,Daylight,Raining,Vehicle with vehicle collision,2,2,Reversing,na,na,na,na,Driver,Normal,Not a Pedestrian,No distancing,Serious Injury
9:00:00,Tuesday,31-50,Male,Junior high school,Employee,1-2yr,Lorry (41?100Q),Owner,1-2yr,No defect,Office areas,Undivided Two way,Tangent road with flat terrain,Y Shape,Asphalt roads,Wet or damp,Daylight,Raining,Vehicle with vehicle collision,2,1,Going straight,Passenger,Male,Under 18,3,Self-employed,Normal,Not a Pedestrian,No distancing,Slight Injury
7:45:00,Wednesday,31-50,Male,Junior high school,Employee,1-2yr,,Owner,,No defect,Other,Undivided Two way,Tangent road with flat terrain,Y Shape,Asphalt roads,Dry,Daylight,Normal,Vehicle with vehicle collision,2,1,Going straight,Driver or rider,Female,31-50,3,Employee,Normal,Not a Pedestrian,Driving under the influence of drugs,Slight Injury
17:10:00,Thursday,31-50,Male,High school,Owner,2-5yr,Lorry (41?100Q),Owner,1-2yr,No defect,School areas,Two-way (divided with broken lines road marking),Tangent road with flat terrain,Y Shape,Asphalt roads,Dry,Darkness - lights lit,Normal,Vehicle with vehicle collision,2,2,Other,Pedestrian,Male,Over 51,3,Driver,Normal,Crossing from nearside - masked by parked or statioNot a Pedestrianry vehicle,Overtaking,Fatal injury
12:19:00,Monday,18-30,Male,Junior high school,Employee,Above 10yr,Automobile,Owner,2-5yrs,,Residential areas,Two-way (divided with broken lines road marking),Tangent road with flat terrain,Y Shape,Asphalt roads,Dry,Daylight,Normal,Collision with pedestrians,2,1,Going straight,Driver or rider,Male,Over 51,3,Driver,Normal,Not a Pedestrian,No priority to vehicle,Slight Injury
15:30:00,Sunday,Under 18,Male,Elementary school,Other,5-10yr,Lorry (41?100Q),Owner,2-5yrs,No defect,Residential areas,Undivided Two way,Steep grade downward with mountainous terrain,Y Shape,Asphalt roads,Dry,Daylight,Normal,Vehicle with vehicle collision,1,1,Going straight,Driver or rider,Male,31-50,3,Driver,Normal,Not a Pedestrian,Driving carelessly,Fatal injury
0:10:00,Sunday,18-30,Male,Junior high school,Employee,2-5yr,Automobile,Owner,2-5yrs,No defect,Residential areas,Double carriageway (median),Tangent road with flat terrain,No junction,Asphalt roads,Wet or damp,Darkness - lights lit,Raining and Windy,Collision with pedestrians,2,1,Reversing,Driver or rider,Male,31-50,3,Self-employed,Normal,Not a Pedestrian,No priority to vehicle,Slight Injury
14:45:00,Saturday,Over 51,Male,Junior high school,Employee,,,Owner,Unknown,No defect,School areas,Undivided Two way,Tangent road with flat terrain,No junction,Asphalt roads,Dry,Daylight,Normal,Vehicle with vehicle collision,1,1,Going straight,Pedestrian,Female,31-50,3,Driver,Normal,Not a Pedestrian,No distancing,Fatal injury
13:32:00,Thursday,31-50,Male,High school,Employee,Above 10yr,Lorry (41?100Q),Owner,Unknown,No defect,Residential areas,Undivided Two way,Tangent road with flat terrain,No junction,Asphalt roads,Dry,Daylight,Unknown,Vehicle with vehicle collision,2,2,Going straight,na,na,na,na,Self-employed,Normal,Not a Pedestrian,No distancing,Slight Injury
17:25:00,Friday,Under 18,Male,Junior high school,Employee,Above 10yr,Lorry (41?100Q),Owner,Unknown,No defect,School areas,Undivided Two way,Tangent road with flat terrain,,Asphalt roads,Dry,Darkness - lights lit,Normal,Vehicle with vehicle collision,1,4,Going straight,Driver or rider,Male,31-50,3,,Normal,Not a Pedestrian,Moving Backward,Fatal injury
17:40:00,Sunday,31-50,Male,Junior high school,Employee,1-2yr,Lorry (41?100Q),Owner,2-5yrs,No defect,Residential areas,Undivided Two way,Tangent road with flat terrain,,Asphalt roads,Dry,Darkness - no lighting,Normal,Vehicle with vehicle collision,1,4,Going straight,Driver or rider,Female,31-50,2,,Normal,Not a Pedestrian,Changing lane to the left,Serious Injury
20:03:00,Saturday,31-50,Male,Elementary school,Owner,Above 10yr,Lorry (41?100Q),Governmental,Unknown,No defect,  Market areas,Undivided Two way,Tangent road with flat terrain,No junction,Asphalt roads,Dry,Daylight,Normal,Vehicle with vehicle collision,1,3,Going straight,Driver or rider,Male,18-30,3,Driver,Normal,Not a Pedestrian,Changing lane to the right,Fatal injury
18:40:00,Saturday,18-30,Male,Junior high school,Employee,5-10yr,Long lorry,Owner,Unknown,No defect,Other,One way,Tangent road with flat terrain,No junction,Other,Dry,Daylight,Normal,Vehicle with vehicle collision,1,1,Going straight,Driver or rider,Female,31-50,3,,,Not a Pedestrian,Changing lane to the right,Slight Injury
7:58:00,Monday,18-30,Male,Junior high school,Employee,5-10yr,Public (13?45 seats),Owner,1-2yr,No defect, Industrial areas,Double carriageway (median),Tangent road with flat terrain,No junction,Asphalt roads,Wet or damp,Daylight,Raining,Collision with roadside objects,2,1,Moving Backward,Driver or rider,Female,18-30,3,Driver,Normal,Not a Pedestrian,Driving carelessly,Slight Injury
11:10:00,Saturday,18-30,Male,Junior high school,Owner,2-5yr,Stationwagen,Owner,Above 10yr,No defect,Other,Two-way (divided with broken lines road marking),Tangent road with flat terrain,No junction,Asphalt roads,Dry,Daylight,Normal,Collision with roadside objects,1,1,Moving Backward,Pedestrian,Female,Over 51,2,Driver,Normal,Unknown or other,Driving carelessly,Fatal injury
15:36:00,Thursday,18-30,Male,,,,Automobile,Owner,1-2yr,No defect,Office areas,Undivided Two way,Tangent road with flat terrain,Y Shape,Asphalt roads,Dry,Daylight,Normal,Vehicle with vehicle collision,1,2,Going straight,na,na,na,na,Driver,Normal,Not a Pedestrian,Changing lane to the left,Fatal injury
19:08:00,Saturday,18-30,Male,Above high school,Owner,5-10yr,Automobile,Governmental,Below 1yr,No defect,Residential areas,Undivided Two way,Tangent road with flat terrain,Y Shape,Asphalt roads,Dry,Darkness - no lighting,Normal,Vehicle with vehicle collision,2,3,Going straight,Passenger,Female,31-50,3,Driver,Normal,Not a Pedestrian,No priority to pedestrian,Fatal injury