Time,Day_of_week,Age_band_of_driver,Sex_of_driver,Educational_level,Vehicle_driver_relation,Driving_experience,Type_of_vehicle,Owner_of_vehicle,Service_year_of_vehicle,Defect_of_vehicle,Area_accident_occured,Lanes_or_Medians,Road_allignment,Types_of_Junction,Road_surface_type,Road_surface_conditions,Light_conditions,Weather_conditions,Type_of_collision,Number_of_vehicles_involved,Number_of_casualties,Vehicle_movement,Casualty_class,Sex_of_casualty,Age_band_of_casualty,Casualty_severity,Work_of_casuality,Fitness_of_casuality,Pedestrian_movement,Cause_of_accident,Accident_severity
02:32:00,Saturday,Under 18,Male,Junior high school,Owner,5-10yr,Automobile,Owner,Unknown,,Residential areas,,Tangent road with flat terrain,No junction,Asphalt roads,Dry,Darkness - lights lit,Normal,Vehicle with vehicle collision,2,4,Going straight,Driver or rider,Male,Over 51,3,,,Not a Pedestrian,Changing lane to the left,Fatal injury
17:25:00,Friday,31-50,Male,High school,Employee,2-5yr,Long lorry,Owner,Unknown,No defect,Office areas,Two-way (divided with broken lines road marking),Tangent road with flat terrain,,Earth roads,Dry,Darkness - lights lit,Normal,Vehicle with vehicle collision,1,5,,na,na,na,na,Driver,Normal,Not a Pedestrian,Overtaking,Fatal injury
7:16:00,Friday,18-30,Male,Elementary school,Employee,5-10yr,Long lorry,Owner,2-5yrs,,Other,Undivided Two way,Tangent road with flat terrain,Y Shape,Asphalt roads,Dry,Daylight,Normal,Vehicle with vehicle collision,2,1,Going straight,Passenger,Female,18-30,3,Driver,Normal,Not a Pedestrian,No distancing,Slight Injury
0:35:00,Friday,31-50,Male,Junior high school,Employee,1-2yr,Stationwagen,Owner,2-5yrs,,Other,Two-way (divided with broken lines road marking),Tangent road with flat terrain,No junction,Asphalt roads,Dry,Darkness - lights lit,Normal,Vehicle with vehicle collision,2,1,Going straight,Driver or rider,Male,Over 51,3,Driver,Normal,Not a Pedestrian,Moving Backward,Slight Injury
19:57:00,Friday,Under 18,Male,High school,Owner,Above 10yr,Stationwagen,Governmental,Unknown,,Office areas,One way,Tangent road with flat terrain,Crossing,,Dry,Darkness - lights lit,Normal,Vehicle with vehicle collision,3,2,Going straight,Driver or rider,Male,18-30,3,Self-employed,Normal,Not a Pedestrian,Driving carelessly,Slight Injury
19:00:00,Saturday,Over 51,Male,High school,Employee,Above 10yr,Automobile,Organization,2-5yrs,,Residential areas,Undivided Two way,Tangent road with flat terrain,Y Shape,Asphalt roads,Dry,Daylight,Normal,Vehicle with vehicle collision,2,3,Getting off,Driver or rider,Male,18-30,3,Driver,Normal,Not a Pedestrian,No priority to vehicle,Fatal injury
19:28:00,Friday,31-50,Male,Junior high school,Employee,2-5yr,Other,Owner,5-10yrs,No defect,Other,One way,Tangent road with flat terrain,,Asphalt roads,Dry,Darkness - lights lit,Normal,Vehicle with vehicle collision,2,1,Going straight,Passenger,Female,Under 18,3,Self-employed,Normal,Not a Pedestrian,No priority to vehicle,Slight Injury
11:29:00,Saturday,18-30,Male,High school,Employee,2-5yr,Automobile,Owner,,No defect,Residential areas,Double carriageway (median),Tangent road with flat terrain,Y Shape,Asphalt roads,Dry,Daylight,Normal,Rollover,2,3,Going straight,Passenger,Male,18-30,3,Driver,Normal,Not a Pedestrian,Moving Backward,Slight Injury
6:26:00,Friday,18-30,Male,,Employee,1-2yr,Taxi,Owner,,No defect, Church areas,Double carriageway (median),Tangent road with flat terrain,Other,Asphalt roads,Wet or damp,Daylight,Raining,Vehicle with vehicle collision,2,4,Going straight,Driver or rider,Male,31-50,3,Driver,Normal,Not a Pedestrian,Driving under the influence of drugs,Slight Injury
09:35:00,Monday,31-50,Male,Junior high school,Employee,2-5yr,Automobile,Owner,Unknown,No defect,Office areas,Two-way (divided with broken lines road marking),Tangent road with flat terrain,No junction,Asphalt roads,Dry,Daylight,Normal,Vehicle with vehicle collision,2,2,Reversing,Driver or rider,Male,31-50,3,Driver,Normal,Not a Pedestrian,Getting off the vehicle improperly,Fatal injury
06:50:00,Friday,31-50,Male,Junior high school,Employee,5-10yr,Lorry (41?100Q),Owner,,,Office areas,other,Tangent road with flat terrain,,Asphalt roads,Wet or damp,Daylight,Raining,Collision with roadside objects,3,5,Going straight,Driver or rider,Male,Under 18,3,,Normal,Not a Pedestrian,No priority to vehicle,Fatal injury
22:00:00,Friday,Unknown,Female,Elementary school,Employee,5-10yr,Lorry (41?100Q),Governmental,,No defect,Other,Two-way (divided with broken lines road marking),Tangent road with flat terrain,Y Shape,Asphalt roads,Dry,Darkness - lights lit,Normal,Vehicle with vehicle collision,2,1,Overtaking,Driver or rider,Male,18-30,3,Employee,Normal,Not a Pedestrian,No distancing,Slight Injury
20:15:00,Thursday,Unknown,Female,Junior high school,Owner,2-5yr,Public (> 45 seats),Owner,1-2yr,No defect,Residential areas,other,Steep grade downward with mountainous terrain,Crossing,Asphalt roads,Wet or damp,Daylight,Normal,Vehicle with vehicle collision,1,1,Going straight,Driver or rider,Male,Under 18,3,Driver,Normal,Not a Pedestrian,Overtaking,Serious Injury
16:40:00,Tuesday,Over 51,Male,Junior high school,Employee,5-10yr,Taxi,Owner,Unknown,No defect,Other,Undivided Two way,Tangent road with flat terrain,Y Shape,Asphalt roads,Dry,Daylight,Normal,Vehicle with vehicle collision,2,1,Going straight,na,na,na,na,Driver,Normal,Not a Pedestrian,Driving to the left,Fatal injury
10:20:00,Sunday,31-50,Male,High school,Employee,2-5yr,Lorry (41?100Q),Organization,Unknown,No defect,Other,Double carriageway (median),Tangent road with flat terrain,Y Shape,Asphalt roads,Dry,Daylight,Normal,Vehicle with vehicle collision,2,1,Going straight,na,na,na,na,,,Not a Pedestrian,Driving to the left,Slight Injury
9:23:00,Sunday,Over 51,Male,Junior high school,Employee,2-5yr,Automobile,Owner,Unknown,,Office areas,Double carriageway (median),Tangent road with flat terrain,Other,Asphalt roads,Dry,Daylight,Normal,Vehicle with vehicle collision,2,1,Going straight,Driver or rider,Female,18-30,2,Driver,Normal,Not a Pedestrian,Changing lane to the right,Slight Injury
17:36:00,Thursday,18-30,Male,,,,Automobile,Owner,1-2yr,No defect,Office areas,Undivided Two way,Tangent road with flat terrain,Y Shape,Asphalt roads,Dry,Daylight,Normal,Vehicle with vehicle collision,1,1,Going straight,na,na,na,na,Driver,Normal,Not a Pedestrian,Changing lane to the left,Fatal injury
22:15:00,Thursday,18-30,Male,Above high school,Employee,Above 10yr,Automobile,Owner,Above 10yr,No defect,Other,Two-way (divided with broken lines road marking),Tangent road with flat terrain,Crossing,Asphalt roads,Dry,Darkness - lights lit,Normal,Vehicle with vehicle collision,2,1,Turnover,Driver or rider,Female,18-30,3,,Normal,Not a Pedestrian,Driving carelessly,Fatal injury
14:40:00,Saturday,18-30,Male,Above high school,Owner,1-2yr,Public (13?45 seats),Owner,Unknown,No defect,Residential areas,other,Tangent road with flat terrain,No junction,Asphalt roads,Dry,Daylight,Normal,Collision with animals,2,1,Turnover,na,na,na,na,,Normal,Not a Pedestrian,Changing lane to the left,Serious Injury
10:30:00,Monday,18-30,Male,Elementary school,Employee,5-10yr,Automobile,Owner,Unknown,No defect,Office areas,Two-way (divided with solid lines road marking),Tangent road with flat terrain,,Asphalt roads,Dry,Darkness - no lighting,Normal,Vehicle with vehicle collision,3,2,Going straight,Driver or rider,Male,18-30,3,Driver,Normal,Not a Pedestrian,Moving Backward,Slight Injury
13:53:00,Friday,Over 51,Male,,,,Automobile,Owner,Unknown,No defect,Other,Two-way (divided with broken lines road marking),Tangent road with flat terrain,Y Shape,Asphalt roads,Dry,Daylight,Normal,Vehicle with vehicle collision,2,2,Reversing,na,na,na,na,Self-employed,Normal,Not a Pedestrian,Driving carelessly,Slight Injury
12:00:00,Friday,Over 51,Male,Elementary school,Employee,5-10yr,Other,Owner,2-5yrs,No defect,  Market areas,Undivided Two way,Tangent road with flat terrain,No junction,Asphalt roads,Dry,Daylight,Normal,Vehicle with vehicle collision,4,2,Entering a junction,Pedestrian,Male,18-30,3,,,Unknown or other,Moving Backward,Fatal injury
20:30:00,Friday,Over 51,Male,High school,Owner,Above 10yr,Public (12 seats),Owner,,No defect,Office areas,,Tangent road with flat terrain,Crossing,Gravel roads,Dry,Darkness - lights lit,Normal,Vehicle with vehicle collision,2,2,Going straight,Driver or rider,Male,31-50,2,,,Not a Pedestrian,Moving Backward,Slight Injury
10:25:00,Thursday,Over 51,Male,Junior high school,Employee,Below 1yr,Other,Owner,Above 10yr,No defect,Other,Undivided Two way,Tangent road with flat terrain,Other,Asphalt roads,Dry,Daylight,Normal,Vehicle with vehicle collision,1,1,Other,Driver or rider,Male,31-50,3,Driver,Normal,Not a Pedestrian,Moving Backward,Slight Injury
18:32:00,Tuesday,31-50,Male,Junior high school,Employee,2-5yr,Public (12 seats),Owner,2-5yrs,No defect,Other,Two-way (divided with broken lines road marking),Tangent road with flat terrain,No junction,Asphalt roads,Dry,Darkness - lights lit,Normal,Vehicle with vehicle collision,3,3,Going straight,Pedestrian,Female,31-50,3,Driver,Normal,Crossing from nearside - masked by parked or statioNot a Pedestrianry vehicle,No distancing,Slight Injury
22:05:00,Tuesday,Unknown,Male,Elementary school,Employee,5-10yr,Lorry (41?100Q),,2-5yrs,No defect,Residential areas,Two-way (divided with broken lines road marking),Tangent road with flat terrain,,Asphalt roads,Wet or damp,Daylight,Raining,Vehicle with vehicle collision,1,1,Going straight,na,na,na,na,Driver,Normal,Not a Pedestrian,No priority to pedestrian,Serious Injury
13:43:00,Monday,31-50,Male,,,,Stationwagen,Owner,Unknown,No defect,Other,Two-way (divided with broken lines road marking),Tangent road with flat terrain,Other,Asphalt roads,Dry,Daylight,Normal,Vehicle with vehicle collision,2,1,Moving Backward,Driver or rider,Male,18-30,3,Driver,,Not a Pedestrian,Driving carelessly,Serious Injury
17:30:00,Thursday,Over 51,Male,High school,Employee,2-5yr,Automobile,Owner,,No defect,  Recreational areas,Undivided Two way,Tangent road with flat terrain,No junction,Asphalt roads,Wet or damp,Daylight,Raining,Collision with pedestrians,2,2,Going straight,Pedestrian,Male,Under 18,3,Driver,Normal,Not a Pedestrian,Changing lane to the right,Fatal injury
21:05:00,Saturday,31-50,Male,High school,Employee,Above 10yr,Public (12 seats),Owner,Below 1yr,, Church areas,Undivided Two way,Tangent road with flat terrain,No junction,Asphalt roads,Dry,Darkness - lights lit,Unknown,Vehicle with vehicle collision,2,2,Going straight,Driver or rider,Male,18-30,3,,Normal,Not a Pedestrian,Changing lane to the right,Slight Injury
16:40:00,Tuesday,18-30,Male,Elementary school,Employee,1-2yr,Other,Owner,,No defect,School areas,other,Steep grade downward with mountainous terrain,Y Shape,Asphalt roads,Dry,Daylight,Cloudy,Collision with pedestrians,1,2,Going straight,Driver or rider,Male,18-30,3,Driver,,Not a Pedestrian,Driving under the influence of drugs,Slight Injury
20:50:00,Tuesday,18-30,Unknown,Junior high school,Employee,Above 10yr,Lorry (41?100Q),Owner,,No defect,,Undivided Two way,Tangent road with flat terrain,Crossing,Asphalt roads,Dry,Darkness - lights lit,Normal,Unknown,2,1,Going straight,Driver or rider,Male,Under 18,2,Self-employed,Normal,Not a Pedestrian,Changing lane to the left,Slight Injury
21:51:00,Friday,31-50,Male,Junior high school,Owner,2-5yr,Automobile,Organization,Unknown,,Other,other,Tangent road with flat terrain,Y Shape,Asphalt roads,Dry,Darkness - lights lit,Normal,Vehicle with vehicle collision,2,4,Going straight,Driver or rider,Male,Over 51,3,Self-employed,Normal,Not a Pedestrian,No distancing,Slight Injury
7:25:00,Monday,31-50,Male,Above high school,Employee,Above 10yr,Automobile,Owner,Above 10yr,No defect,Office areas,Two-way (divided with broken lines road marking),Tangent road with flat terrain,No junction,Asphalt roads,Dry,Daylight,Normal,Collision with roadside objects,2,1,Going straight,Passenger,Female,18-30,3,,,Not a Pedestrian,No distancing,Slight Injury
13:40:00,Friday,Over 51,Male,Junior high school,Owner,Above 10yr,Automobile,Governmental,Unknown,No defect,Other,Two-way (divided with broken lines road marking),Steep grade downward with mountainous terrain,Crossing,Asphalt roads,Dry,Daylight,Normal,Collision with roadside objects,2,1,Going straight,Passenger,Female,31-50,3,Driver,Normal,Not a Pedestrian,No distancing,Slight Injury
19:22:00,Friday,31-50,Male,Junior high school,Employee,1-2yr,Other,Governmental,,No defect,Residential areas,Two-way (divided with broken lines road marking),Tangent road with flat terrain,No junction,Asphalt roads,Dry,Darkness - lights lit,Windy,Collision with pedestrians,1,1,Stopping,Driver or rider,Male,18-30,3,,Normal,Not a Pedestrian,Changing lane to the right,Slight Injury
16:50:00,Wednesday,Over 51,Male,Above high school,Other,2-5yr,Taxi,Governmental,,No defect,Residential areas,Double carriageway (median),Tangent road with flat terrain,No junction,Asphalt roads,Dry,Daylight,Normal,Vehicle with vehicle collision,2,1,Going straight,na,na,na,na,Driver,Normal,Not a Pedestrian,Changing lane to the right,Slight Injury
0:47:00,Sunday,18-30,Male,Elementary school,Employee,2-5yr,Taxi,Owner,Unknown,No defect,Other,Undivided Two way,Tangent road with flat terrain,,Asphalt roads,Dry,Daylight,Normal,Vehicle with vehicle collision,2,1,Going straight,na,na,na,na,Driver,Normal,Not a Pedestrian,No priority to vehicle,Slight Injury
23:22:00,Saturday,Over 51,Male,Junior high school,Employee,5-10yr,Automobile,Governmental,2-5yrs,No defect,Residential areas,Two-way (divided with broken lines road marking),Tangent road with flat terrain,Crossing,Asphalt roads,Dry,Darkness - lights lit,Normal,Vehicle with vehicle collision,1,1,Going straight,Pedestrian,Male,Over 51,2,Driver,Normal,Crossing from nearside - masked by parked or statioNot a Pedestrianry vehicle,Overtaking,Serious Injury
21:40:00,Wednesday,31-50,Male,High school,Owner,5-10yr,Public (12 seats),Owner,,No defect, Church areas,Two-way (divided with broken lines road marking),Tangent road with flat terrain,Crossing,Asphalt roads,Dry,Daylight,Normal,Collision with roadside objects,2,4,Going straight,na,na,na,na,Driver,Normal,Not a Pedestrian,Changing lane to the right,Fatal injury
23:10:00,Sunday,18-30,Male,Junior high school,Employee,2-5yr,,Owner,Unknown,No defect,Office areas,Undivided Two way,Tangent road with flat terrain,Y Shape,Asphalt roads,Dry,Darkness - lights lit,Normal,Vehicle with vehicle collision,2,2,Turnover,Driver or rider,Male,31-50,3,Driver,Normal,Not a Pedestrian,No priority to vehicle,Fatal injury
11:16:00,Sunday,18-30,Male,Junior high school,Owner,5-10yr,Public (12 seats),Owner,Unknown,,Residential areas,Undivided Two way,Tangent road with flat terrain,No junction,Asphalt roads,Dry,Daylight,Normal,Collision with roadside objects,2,5,Going straight,na,na,na,na,,Normal,Not a Pedestrian,No priority to vehicle,Fatal injury
12:47:00,Tuesday,18-30,Male,Junior high school,Employee,2-5yr,Lorry (41?100Q),Governmental,,No defect,Residential areas,Double carriageway (median),Tangent road with flat terrain,Y Shape,Asphalt roads,Dry,Daylight,Normal,Collision with roadside objects,1,1,Going straight,na,na,na,na,Driver,Normal,Not a Pedestrian,Other,Serious Injury
14:04:00,Saturday,31-50,Male,Elementary school,Owner,1-2yr,,Owner,,No defect, Industrial areas,other,Tangent road with flat terrain,Y Shape,Asphalt roads,Wet or damp,Daylight,Normal,Vehicle with vehicle collision,1,4,,Driver or rider,Male,Over 51,3,,,Not a Pedestrian,Other,Fatal injury
8:20:00,Tuesday,31-50,Male,High school,Owner,5-10yr,Lorry (41?100Q),Owner,,No defect,Office areas,Double carriageway (median),Tangent road with flat terrain,No junction,Asphalt roads,Dry,Daylight,Normal,Vehicle with vehicle collision,2,1,Going straight,na,na,na,na,Student,Normal,Not a Pedestrian,Other,Slight Injury
13:05:00,Friday,31-50,Male,Junior high school,Employee,2-5yr,Pick up upto 10Q,Governmental,5-10yrs,No defect,Other,Undivided Two way,Tangent road with flat terrain,No junction,Asphalt roads,Wet or damp,Daylight,Normal,Vehicle with vehicle collision,2,1,Moving Backward,na,na,na,na,Driver,Normal,Not a Pedestrian,Driving carelessly,Serious Injury
14:40:00,Saturday,18-30,Male,Junior high school,Employee,1-2yr,Public (12 seats),Owner,5-10yrs,No defect,Office areas,Two-way (divided with broken lines road marking),Tangent road with flat terrain,No junction,Asphalt roads,Dry,Daylight,Normal,Collision with roadside objects,2,1,Going straight,Driver or rider,Male,18-30,3,Driver,Normal,Not a Pedestrian,Changing lane to the right,Serious Injury
10:55:00,Sunday,18-30,Male,Elementary school,Employee,5-10yr,Stationwagen,Owner,5-10yrs,No defect,Other,Two-way (divided with broken lines road marking),Tangent road with flat terrain,No junction,Asphalt roads with some distress,Dry,Daylight,Normal,Vehicle with vehicle collision,2,2,Going straight,Driver or rider,Male,18-30,3,Driver,Normal,Not a Pedestrian,Overtaking,Slight Injury
17:10:00,Friday,31-50,Male,Junior high school,Employee,1-2yr,Automobile,Governmental,2-5yrs,,  Recreational areas,Undivided Two way,Tangent road with flat terrain,No junction,Asphalt roads,Dry,Daylight,Normal,Collision with roadside objects,2,1,Getting off,Driver or rider,Female,18-30,3,Driver,Normal,Not a Pedestrian,No priority to vehicle,Fatal injury
17:08:00,Saturday,18-30,Male,Junior high school,Employee,2-5yr,Automobile,Governmental,,No defect,Residential areas,other,Tangent road with flat terrain,Y Shape,Asphalt roads,Dry,Darkness - no lighting,Normal,Vehicle with vehicle collision,2,5,Going straight,na,na,na,na,Driver,Normal,Not a Pedestrian,Driving carelessly,Fatal injury
12:15:00,Wednesday,18-30,Male,Junior high school,Employee,Below 1yr,Long lorry,Owner,,,Office areas,Two-way (divided with broken lines road marking),Tangent road with flat terrain,Y Shape,Asphalt roads,Dry,Daylight,Normal,Vehicle with vehicle collision,1,2,Other,na,na,na,na,Driver,Normal,Not a Pedestrian,Changing lane to the left,Slight Injury
21:15:00,Sunday,18-30,Male,Junior high school,Employee,2-5yr,Automobile,Owner,Above 10yr,No defect,Residential areas,other,Tangent road with flat terrain,No junction,Asphalt roads,Dry,Darkness - lights lit,Normal,Vehicle with vehicle collision,2,4,Turnover,na,na,na,na,Self-employed,Normal,Not a Pedestrian,Changing lane to the left,Fatal injury
20:50:00,Thursday,31-50,Male,Junior high school,Employee,1-2yr,Public (12 seats),Owner,Unknown,No defect, Church areas,Two-way (divided with broken lines road marking),Tangent road with flat terrain,Y Shape,Asphalt roads,Dry,Daylight,Normal,Vehicle with vehicle collision,2,1,Turnover,Driver or rider,Female,18-30,3,,,Not a Pedestrian,Driving at high speed,Slight Injury
11:20:00,Wednesday,18-30,Male,Junior high school,Owner,5-10yr,Pick up upto 10Q,Owner,2-5yrs,,  Recreational areas,Undivided Two way,Tangent road with flat terrain,No junction,Asphalt roads,Wet or damp,Daylight,Normal,Collision with pedestrians,2,2,Going straight,Pedestrian,Female,Under 18,3,,,Unknown or other,No distancing,Slight Injury
18:45:00,Tuesday,31-50,Male,Junior high school,Employee,Above 10yr,Automobile,Owner,Above 10yr,No defect, Outside rural areas,Two-way (divided with broken lines road marking),Tangent road with flat terrain,Y Shape,Asphalt roads,Dry,Daylight,Normal,Collision with pedestrians,1,2,Going straight,na,na,na,na,,Normal,Not a Pedestrian,Other,Slight Injury
09:35:00,Monday,31-50,Male,Junior high school,Employee,2-5yr,Automobile,Owner,Unknown,No defect,Office areas,Two-way (divided with broken lines road marking),Tangent road with flat terrain,No junction,Asphalt roads,Dry,Daylight,Normal,Vehicle with vehicle collision,3,1,Reversing,Driver or rider,Male,31-50,3,Driver,Normal,Not a Pedestrian,Getting off the vehicle improperly,Fatal injury
22:15:00,Sunday,18-30,Male,Junior high school,Employee,2-5yr,Automobile,Owner,Above 10yr,No defect,Residential areas,other,Tangent road with flat terrain,No junction,Asphalt roads,Dry,Darkness - lights lit,Normal,Vehicle with vehicle collision,3,4,Turnover,na,na,na,na,Self-employed,Normal,Not a Pedestrian,Changing lane to the left,Fatal injury
4:44:00,Thursday,18-30,Male,Elementary school,Owner,Below 1yr,Other,Owner,Unknown,No defect, Industrial areas,Undivided Two way,Tangent road with flat terrain,Crossing,Asphalt roads,Wet or damp,Darkness - lights lit,Raining,Vehicle with vehicle collision,2,2,Going straight,na,na,na,na,Self-employed,Normal,Not a Pedestrian,Turnover,Slight Injury
22:30:00,Sunday,18-30,Male,Junior high school,Employee,1-2yr,Automobile,Organization,2-5yrs,,Residential areas,Undivided Two way,Tangent road with flat terrain,Crossing,Asphalt roads,Dry,Darkness - lights lit,Normal,Vehicle with vehicle collision,2,4,Going straight,na,na,na,na,Driver,Normal,Not a Pedestrian,Overtaking,Fatal injury
17:00:00,Wednesday,18-30,Male,Junior high school,Employee,Above 10yr,Other,Owner,Unknown,,Residential areas,Two-way (divided with broken lines road marking),Tangent road with flat terrain,,Asphalt roads,Dry,Daylight,Normal,Vehicle with vehicle collision,3,2,Other,Pedestrian,Male,18-30,3,Self-employed,Normal,Unknown or other,No priority to pedestrian,Fatal injury
15:30:00,Thursday,Unknown,Male,,,,Automobile,Owner,Above 10yr,No defect,Office areas,Undivided Two way,Tangent road with flat terrain,Y Shape,Asphalt roads,Dry,Daylight,Normal,Collision with roadside objects,2,1,Going straight,na,na,na,na,Driver,Blind,Not a Pedestrian,No distancing,Serious Injury
17:36:00,Thursday,31-50,Male,High school,Employee,Below 1yr,Automobile,,,,,Two-way (divided with broken lines road marking),Tangent road with flat terrain,Y Shape,Asphalt roads,Dry,Daylight,Normal,Vehicle with vehicle collision,2,1,Going straight,Driver or rider,Female,18-30,3,Driver,Normal,Not a Pedestrian,No distancing,Fatal injury
20:15:00,Sunday,18-30,Male,Junior high school,Employee,5-10yr,Automobile,Owner,1-2yr,No defect,Other,other,Tangent road with flat terrain,No junction,Asphalt roads,Dry,Darkness - lights lit,Normal,Vehicle with vehicle collision,2,5,Going straight,Driver or rider,Male,Under 18,3,Driver,Normal,Not a Pedestrian,Driving carelessly,Fatal injury
22:53:00,Thursday,Unknown,Female,Junior high school,Employee,2-5yr,Lorry (41?100Q),Owner,5-10yrs,,Office areas,Undivided Two way,Tangent road with mountainous terrain and,No junction,Asphalt roads,Dry,Darkness - lights lit,Normal,Vehicle with vehicle collision,1,1,Going straight,Pedestrian,Male,31-50,3,Driver,Normal,Unknown or other,Moving Backward,Fatal injury
16:30:00,Thursday,Unknown,Male,Junior high school,Employee,Above 10yr,Motorcycle,Owner,Unknown,No defect, Industrial areas,Two-way (divided with broken lines road marking),Tangent road with flat terrain,No junction,Asphalt roads,Dry,Daylight,Normal,Collision with roadside objects,1,2,Going straight,Driver or rider,Male,18-30,2,,,Not a Pedestrian,No priority to vehicle,Slight Injury
12:15:00,Tuesday,Over 51,Male,Junior high school,Employee,Above 10yr,Automobile,Owner,5-10yrs,,Residential areas,Undivided Two way,Tangent road with flat terrain,Y Shape,Asphalt roads,Wet or damp,Daylight,Normal,Collision with roadside objects,2,3,Going straight,Driver or rider,Male,18-30,2,Self-employed,Normal,Not a Pedestrian,Changing lane to the right,Fatal injury
16:17:00,Sunday,31-50,Male,Junior high school,Employee,Above 10yr,Lorry (41?100Q),,,No defect,Other,Two-way (divided with broken lines road marking),Tangent road with flat terrain,No junction,Earth roads,Dry,Daylight,Normal,Vehicle with vehicle collision,2,1,Going straight,Driver or rider,Male,31-50,3,Self-employed,Normal,Not a Pedestrian,Moving Backward,Fatal injury
22:15:00,Tuesday,18-30,Male,Elementary school,Employee,5-10yr,Stationwagen,Owner,2-5yrs,No defect,Other,One way,Tangent road with flat terrain,Y Shape,Asphalt roads,Dry,Darkness - lights lit,Unknown,Vehicle with vehicle collision,2,1,Reversing,na,na,na,na,Driver,Normal,Not a Pedestrian,No distancing,Slight Injury
11:02:00,Saturday,18-30,Male,High school,Employee,1-2yr,Lorry (41?100Q),Owner,2-5yrs,No defect,Office areas,Two-way (divided with broken lines road marking),Tangent road with flat terrain,Crossing,Asphalt roads,Dry,Daylight,Normal,Vehicle with vehicle collision,2,1,Moving Backward,Driver or rider,Male,31-50,3,,,Not a Pedestrian,Changing lane to the left,Slight Injury
14:57:00,Sunday,Under 18,Male,Junior high school,Employee,Below 1yr,Other,Owner,5-10yrs,No defect,Other,Undivided Two way,Tangent road with flat terrain,No junction,Asphalt roads,Dry,Daylight,Normal,Vehicle with vehicle collision,1,1,Moving Backward,Driver or rider,Male,18-30,3,,,Not a Pedestrian,Overspeed,Slight Injury
01:10:00,Sunday,18-30,Male,Junior high school,Employee,2-5yr,Automobile,Owner,Unknown,No defect,Office areas,Undivided Two way,Tangent road with flat terrain,Y Shape,Asphalt roads,Dry,Darkness - lights lit,Normal,Vehicle with vehicle collision,3,1,Going straight,Passenger,Male,Over 51,3,Driver,Normal,Not a Pedestrian,Changing lane to the right,Fatal injury
19:32:00,Friday,31-50,Male,,,,Lorry (11?40Q),Owner,,No defect,Residential areas,Undivided Two way,Tangent road with flat terrain,Y Shape,Asphalt roads,Dry,Daylight,Normal,Collision with roadside objects,2,1,Going straight,na,na,na,na,,,Not a Pedestrian,Driving carelessly,Slight Injury
20:03:00,Saturday,31-50,Male,Elementary school,Owner,Above 10yr,Lorry (41?100Q),Governmental,Unknown,No defect,  Market areas,Undivided Two way,Tangent road with flat terrain,No junction,Asphalt roads,Dry,Daylight,Normal,Vehicle with vehicle collision,2,3,Going straight,Driver or rider,Male,18-30,3,Driver,Normal,Not a Pedestrian,Changing lane to the right,Fatal injury
17:35:00,Saturday,18-30,Male,High school,Employee,Below 1yr,Lorry (41?100Q),Owner,2-5yrs,,Office areas,Double carriageway (median),Tangent road with flat terrain,Y Shape,Asphalt roads,Dry,Daylight,Normal,Vehicle with vehicle collision,2,1,Other,Passenger,Female,18-30,3,Employee,Normal,Not a Pedestrian,No distancing,Slight Injury
18:30:00,Wednesday,18-30,Male,Elementary school,Employee,Above 10yr,Pick up upto 10Q,Governmental,,,Office areas,other,Tangent road with flat terrain,No junction,Asphalt roads,Wet or damp,Darkness - lights lit,Raining,Vehicle with vehicle collision,2,1,Going straight,na,na,na,na,Driver,Normal,Not a Pedestrian,No distancing,Slight Injury
12:43:00,Thursday,31-50,Male,Junior high school,Employee,2-5yr,Public (> 45 seats),Organization,Unknown,,Other,other,Tangent road with flat terrain,Crossing,Asphalt roads,Dry,Daylight,Normal,Vehicle with vehicle collision,2,1,Moving Backward,Driver or rider,Female,31-50,3,,,Not a Pedestrian,No priority to vehicle,Slight Injury
19:36:00,Thursday,18-30,Male,Junior high school,Employee,Above 10yr,Motorcycle,Owner,Unknown,No defect,Office areas,Undivided Two way,Tangent road with flat terrain,No junction,Asphalt roads,Dry,Darkness - lights lit,Normal,Collision with pedestrians,1,1,Entering a junction,Driver or rider,Male,18-30,2,,Normal,Not a Pedestrian,Driving under the influence of drugs,Fatal injury
21:19:00,Wednesday,18-30,Male,Above high school,Owner,1-2yr,Automobile,Owner,Unknown,No defect,Office areas,Undivided Two way,Tangent road with flat terrain,No junction,Asphalt roads,Dry,Darkness - lights lit,Normal,Vehicle with vehicle collision,2,1,Going straight,Driver or rider,Male,Over 51,3,Driver,Normal,Not a Pedestrian,No distancing,Slight Injury
17:55:00,Monday,Under 18,Male,Junior high school,Employee,Above 10yr,Automobile,Owner,,No defect,Residential areas,other,Tangent road with flat terrain,Crossing,Asphalt roads,Wet or damp,Daylight,Raining,Vehicle with vehicle collision,2,1,Turnover,Pedestrian,Female,18-30,3,Other,Normal,"In carriageway, statioNot a Pedestrianry - not crossing  (standing or playing)",No priority to vehicle,Slight Injury
20:03:00,Saturday,31-50,Male,,,,Stationwagen,Governmental,Unknown,No defect,Other,Two-way (divided with broken lines road marking),Tangent road with flat terrain,No junction,Asphalt roads,Dry,Daylight,Normal,Collision with pedestrians,2,4,Going straight,na,na,na,na,Self-employed,Normal,Not a Pedestrian,No distancing,Fatal injury